Customer ID,Предпочитаемая оплата,Траты на товары,Траты на дополнения,Общие траты
1000,PayPal,741.09,26.09,767.18
1002,"Cash, Credit Card",5020.6,60.16,5080.76
1003,Cash,41.5,35.56,77.06
1004,Credit Card,83.0,65.78,148.78
1005,"Debit Card, PayPal",11779.11,75.33,11854.44
1006,"Cash, PayPal",6645.94,90.38,6736.32
1007,Нет завершённых покупок,0.0,0.0,0.0
1008,Cash,3379.32,65.85,3445.17
1011,Credit Card,7911.9,70.17,7982.07
1013,Нет завершённых покупок,0.0,0.0,0.0
1014,Cash,4747.14,8.3,4755.44
1015,PayPal,83.0,80.0,163.0
1016,PayPal,103.75,0.0,103.75
1018,PayPal,124.5,70.39,194.89
1019,Cash,988.12,37.87,1025.99
1020,Нет завершённых покупок,0.0,0.0,0.0
1021,Cash,844.83,49.54,894.37
1022,Нет завершённых покупок,0.0,0.0,0.0
1024,Cash,1582.38,51.93,1634.31
1025,"Cash, Debit Card",2866.76,77.78,2944.54
1027,PayPal,4747.14,0.0,4747.14
1028,Debit Card,6758.64,0.0,6758.64
1030,Debit Card,4224.15,46.03,4270.18
1031,Debit Card,6017.56,17.79,6035.35
1033,Debit Card,4152.88,49.24,4202.12
1035,Cash,249.0,33.56,282.56
1036,Нет завершённых покупок,0.0,0.0,0.0
1038,Debit Card,14976.71,83.95,15060.66
1039,Credit Card,1729.21,0.0,1729.21
1040,Credit Card,6329.52,92.79,6422.31
1042,Cash,5913.81,111.25,6025.06
1043,Debit Card,207.5,0.0,207.5
1047,Debit Card,2470.3,63.23,2533.53
1048,Нет завершённых покупок,0.0,0.0,0.0
1049,PayPal,145.25,86.36,231.61
1052,Нет завершённых покупок,0.0,0.0,0.0
1053,Debit Card,4175.64,88.3,4263.94
1054,PayPal,62.25,79.9,142.15
1056,Credit Card,1855.84,41.24,1897.08
1057,Нет завершённых покупок,0.0,0.0,0.0
1058,PayPal,166.0,92.57,258.57
1059,"Debit Card, PayPal",3711.68,71.69,3783.37
1060,PayPal,4920.4,133.49,5053.89
1061,"Cash, PayPal",2440.2,97.9,2538.1
1062,Debit Card,6329.52,26.24,6355.76
1063,PayPal,1855.84,0.0,1855.84
1066,Credit Card,2373.57,40.68,2414.25
1067,Debit Card,1689.66,81.55,1771.21
1069,Cash,145.25,96.61,241.86
1070,Нет завершённых покупок,0.0,0.0,0.0
1071,Debit Card,7603.47,0.0,7603.47
1073,"Cash, Credit Card",4199.51,55.04,4254.55
1074,Cash,7603.47,58.95,7662.42
1077,Cash,3855.75,25.14,3880.89
1079,PayPal,5579.83,134.83,5714.66
1080,Credit Card,247.03,16.65,263.68
1083,Credit Card,3379.32,0.0,3379.32
1085,Cash,761.84,101.4,863.24
1086,PayPal,166.0,25.72,191.72
1089,Debit Card,3955.95,0.0,3955.95
1090,Нет завершённых покупок,0.0,0.0,0.0
1091,Нет завершённых покупок,0.0,0.0,0.0
1093,Credit Card,7120.71,29.11,7149.82
1094,Debit Card,20.75,0.0,20.75
1096,"Cash, PayPal",4681.1,113.21,4794.31
1097,PayPal,988.12,51.12,1039.24
1099,Нет завершённых покупок,0.0,0.0,0.0
1100,Credit Card,4120.41,84.57,4204.98
1101,Cash,311.25,291.34,602.59
1102,Нет завершённых покупок,0.0,0.0,0.0
1105,Debit Card,1482.18,102.0,1584.18
1109,Debit Card,186.75,42.66,229.41
1110,Credit Card,207.5,0.0,207.5
1112,PayPal,4446.54,112.36,4558.9
1114,PayPal,4747.14,71.97,4819.11
1115,"Debit Card, PayPal",1091.86,0.0,1091.86
1116,Cash,4175.64,0.0,4175.64
1117,Debit Card,1689.66,48.25,1737.91
1119,Credit Card,1482.18,65.34,1547.52
1120,Debit Card,186.75,48.52,235.27
1122,Нет завершённых покупок,0.0,0.0,0.0
1123,Debit Card,791.19,5.86,797.05
1124,"Credit Card, Debit Card, PayPal",8732.28,189.86,8922.14
1125,"Cash, Debit Card",9625.49,67.21,9692.7
1127,PayPal,6758.64,65.02,6823.66
1129,Нет завершённых покупок,0.0,0.0,0.0
1130,Debit Card,4747.14,46.92,4794.06
1132,Cash,124.5,48.93,173.43
1133,"Cash, Debit Card",8150.52,120.48,8271.0
1134,PayPal,14378.15,112.42,14490.57
1136,Credit Card,844.83,41.06,885.89
1139,Нет завершённых покупок,0.0,0.0,0.0
1141,"Credit Card, Debit Card, PayPal",5124.31,114.27,5238.58
1142,Cash,4175.64,33.15,4208.79
1143,Cash,3379.32,0.0,3379.32
1144,Debit Card,844.83,89.92,934.75
1145,"Cash, PayPal",145.25,39.7,184.95
1147,Cash,8448.3,85.51,8533.81
1148,"Cash, PayPal",6426.25,102.68,6528.93
1149,"Credit Card, Debit Card",3462.32,136.92,3599.24
1150,Debit Card,5538.33,35.65,5573.98
1151,PayPal,1235.15,76.73,1311.88
1152,Cash,124.5,66.83,191.33
1154,Credit Card,463.96,0.0,463.96
1155,"Cash, Debit Card",9869.76,87.1,9956.86
1160,Нет завершённых покупок,0.0,0.0,0.0
1162,Нет завершённых покупок,0.0,0.0,0.0
1167,PayPal,124.5,61.43,185.93
1168,Нет завершённых покупок,0.0,0.0,0.0
1169,Нет завершённых покупок,0.0,0.0,0.0
1170,Credit Card,5538.33,76.57,5614.9
1171,"Cash, Credit Card, Debit Card, PayPal",9152.57,239.13,9391.7
1174,Нет завершённых покупок,0.0,0.0,0.0
1175,Credit Card,3247.72,108.15,3355.87
1177,PayPal,2783.76,69.0,2852.76
1178,Нет завершённых покупок,0.0,0.0,0.0
1180,PayPal,7603.47,0.0,7603.47
1181,PayPal,3955.95,35.87,3991.82
1182,Debit Card,11867.85,54.77,11922.62
1183,Нет завершённых покупок,0.0,0.0,0.0
1184,Debit Card,1391.88,90.9,1482.78
1185,Нет завершённых покупок,0.0,0.0,0.0
1186,Нет завершённых покупок,0.0,0.0,0.0
1187,Debit Card,2534.49,0.0,2534.49
1188,Credit Card,2373.57,75.39,2448.96
1189,Credit Card,494.06,0.0,494.06
1190,Cash,8981.91,84.43,9066.34
1192,PayPal,41.5,131.53,173.03
1193,"Credit Card, PayPal",2470.3,132.76,2603.06
1194,Cash,494.06,0.0,494.06
1195,Credit Card,3247.72,0.0,3247.72
1196,"Cash, Debit Card",1255.15,31.26,1286.41
1197,"Cash, Credit Card",4286.4,53.73,4340.13
1199,Debit Card,1482.18,22.07,1504.25
1203,Credit Card,2319.8,22.29,2342.09
1205,Debit Card,1729.21,0.0,1729.21
1208,Debit Card,844.83,0.0,844.83
1210,PayPal,8448.3,0.0,8448.3
1211,Cash,3130.35,108.88,3239.23
1212,Нет завершённых покупок,0.0,0.0,0.0
1215,Нет завершённых покупок,0.0,0.0,0.0
1216,Cash,2373.57,60.11,2433.68
1217,Cash,7256.64,194.24,7450.88
1218,Нет завершённых покупок,0.0,0.0,0.0
1220,Cash,186.75,56.39,243.14
1222,Credit Card,8448.3,71.08,8519.38
1223,Cash,166.0,0.0,166.0
1224,Cash,5538.33,103.02,5641.35
1226,Нет завершённых покупок,0.0,0.0,0.0
1227,Debit Card,1582.38,70.87,1653.25
1228,Нет завершённых покупок,0.0,0.0,0.0
1229,Нет завершённых покупок,0.0,0.0,0.0
1232,Cash,4747.14,12.25,4759.39
1234,"Credit Card, Debit Card",12672.45,57.21,12729.66
1235,Credit Card,103.75,37.79,141.54
1236,Нет завершённых покупок,0.0,0.0,0.0
1237,PayPal,1976.24,201.82,2178.06
1244,Credit Card,4747.14,38.51,4785.65
1245,Нет завершённых покупок,0.0,0.0,0.0
1246,PayPal,494.06,0.0,494.06
1247,Credit Card,1729.21,42.34,1771.55
1248,Credit Card,62.25,81.47,143.72
1250,Нет завершённых покупок,0.0,0.0,0.0
1251,Cash,4175.64,75.04,4250.68
1252,Credit Card,7911.9,27.99,7939.89
1253,"Debit Card, PayPal",12980.88,79.98,13060.86
1254,Credit Card,2223.27,75.85,2299.12
1255,"Credit Card, PayPal",311.25,80.62,391.87
1256,Нет завершённых покупок,0.0,0.0,0.0
1257,Credit Card,124.5,84.68,209.18
1258,Cash,988.12,94.38,1082.5
1261,Credit Card,791.19,26.35,817.54
1262,Credit Card,3955.95,121.05,4077.0
1263,"Cash, Debit Card",11827.62,54.86,11882.48
1264,Cash,186.75,0.0,186.75
1265,Debit Card,1829.41,7.28,1836.69
1266,Нет завершённых покупок,0.0,0.0,0.0
1267,Debit Card,1729.21,0.0,1729.21
1268,Cash,13195.44,14.76,13210.2
1269,PayPal,186.75,96.66,283.41
1271,Cash,247.03,0.0,247.03
1272,Debit Card,2470.3,40.76,2511.06
1276,Debit Card,1729.21,36.6,1765.81
1277,Cash,247.03,38.42,285.45
1278,Credit Card,6876.31,146.36,7022.67
1280,Debit Card,6883.14,23.94,6907.08
1283,Debit Card,186.75,102.23,288.98
1286,"Debit Card, PayPal",4235.84,205.97,4441.81
1287,Cash,4861.5,80.21,4941.71
1288,PayPal,7911.9,8.99,7920.89
1290,Нет завершённых покупок,0.0,0.0,0.0
1292,PayPal,7187.34,174.81,7362.15
1293,PayPal,4747.14,57.53,4804.67
1294,Cash,3711.68,16.04,3727.72
1295,Нет завершённых покупок,0.0,0.0,0.0
1296,"Cash, Debit Card",6903.89,19.74,6923.63
1298,Credit Card,1729.21,76.31,1805.52
1299,Credit Card,7911.9,53.4,7965.3
1300,Cash,166.0,86.54,252.54
1301,Credit Card,791.19,30.63,821.82
1302,Debit Card,145.25,95.51,240.76
1303,"Debit Card, PayPal",2560.32,95.66,2655.98
1304,Debit Card,741.09,0.0,741.09
1305,Credit Card,3164.76,78.2,3242.96
1306,Debit Card,62.25,53.16,115.41
1307,Cash,927.92,82.51,1010.43
1308,PayPal,1391.88,41.62,1433.5
1309,PayPal,5068.98,118.06,5187.04
1310,Нет завершённых покупок,0.0,0.0,0.0
1311,Credit Card,2534.49,100.29,2634.78
1312,Debit Card,83.0,118.23,201.23
1313,"Debit Card, PayPal",6476.35,72.51,6548.86
1314,Cash,124.5,27.93,152.43
1315,Нет завершённых покупок,0.0,0.0,0.0
1316,"Cash, PayPal",6758.64,0.0,6758.64
1317,Credit Card,1689.66,47.8,1737.46
1318,PayPal,2470.3,0.0,2470.3
1320,Credit Card,5913.81,16.4,5930.21
1321,PayPal,1976.24,39.25,2015.49
1324,Нет завершённых покупок,0.0,0.0,0.0
1326,Debit Card,6758.64,0.0,6758.64
1327,PayPal,1391.88,46.1,1437.98
1328,Нет завершённых покупок,0.0,0.0,0.0
1329,Debit Card,2373.57,20.49,2394.06
1331,Credit Card,4224.15,76.41,4300.56
1333,Cash,8384.11,94.43,8478.54
1335,"Credit Card, PayPal",10446.39,155.15,10601.54
1337,Credit Card,1482.18,20.32,1502.5
1340,"Cash, Debit Card",6181.98,61.57,6243.55
1341,Нет завершённых покупок,0.0,0.0,0.0
1342,PayPal,3379.32,0.0,3379.32
1344,Нет завершённых покупок,0.0,0.0,0.0
1347,Credit Card,4639.6,0.0,4639.6
1348,"Cash, Debit Card, PayPal",7471.87,156.73,7628.6
1349,Credit Card,5538.33,81.26,5619.59
1350,Cash,5913.81,0.0,5913.81
1351,Нет завершённых покупок,0.0,0.0,0.0
1352,Credit Card,3855.75,141.92,3997.67
1353,Debit Card,5538.33,60.59,5598.92
1354,PayPal,2319.8,56.83,2376.63
1355,Credit Card,5657.82,173.27,5831.09
1356,Credit Card,8448.3,51.48,8499.78
1357,Нет завершённых покупок,0.0,0.0,0.0
1358,Нет завершённых покупок,0.0,0.0,0.0
1359,Нет завершённых покупок,0.0,0.0,0.0
1362,Нет завершённых покупок,0.0,0.0,0.0
1363,Credit Card,20.75,15.89,36.64
1364,PayPal,2534.49,0.0,2534.49
1365,Cash,7911.9,0.0,7911.9
1368,PayPal,145.25,29.47,174.72
1369,Credit Card,7120.71,0.0,7120.71
1372,Cash,2373.57,23.5,2397.07
1374,"Debit Card, PayPal",6495.52,18.05,6513.57
1375,Cash,2783.76,84.06,2867.82
1378,PayPal,166.0,49.0,215.0
1379,Debit Card,3711.68,54.56,3766.24
1381,"Credit Card, PayPal",83.0,0.0,83.0
1382,Нет завершённых покупок,0.0,0.0,0.0
1383,PayPal,1689.66,0.0,1689.66
1385,Debit Card,2373.57,29.62,2403.19
1387,Debit Card,741.09,131.11,872.2
1388,Cash,1235.15,117.86,1353.01
1389,Credit Card,13095.24,49.96,13145.2
1390,Debit Card,1482.18,78.25,1560.43
1393,Нет завершённых покупок,0.0,0.0,0.0
1395,Debit Card,3247.72,0.0,3247.72
1396,Cash,844.83,6.26,851.09
1398,Debit Card,7911.9,68.22,7980.12
1399,"Credit Card, PayPal",6377.77,30.62,6408.39
1400,"Cash, Credit Card",3368.12,72.55,3440.67
1401,Debit Card,3247.72,120.77,3368.49
1402,Cash,844.83,98.29,943.12
1403,"Credit Card, PayPal",6597.72,0.0,6597.72
1404,Credit Card,247.03,83.72,330.75
1405,PayPal,1235.15,91.72,1326.87
1406,Cash,1482.18,0.0,1482.18
1408,"Debit Card, PayPal",228.25,0.0,228.25
1409,Cash,103.75,80.17,183.92
1411,PayPal,145.25,0.0,145.25
1416,"Credit Card, PayPal",10137.96,26.79,10164.75
1419,Credit Card,124.5,76.59,201.09
1420,PayPal,6329.52,0.0,6329.52
1421,Cash,1729.21,95.27,1824.48
1422,"Credit Card, PayPal",13141.8,67.04,13208.84
1423,"Cash, Credit Card",5602.59,115.0,5717.59
1424,PayPal,3711.68,10.21,3721.89
1425,"Cash, Debit Card",4669.7,71.42,4741.12
1427,Нет завершённых покупок,0.0,0.0,0.0
1428,Credit Card,3164.76,5.49,3170.25
1429,PayPal,1689.66,43.47,1733.13
1430,Debit Card,1482.18,49.57,1531.75
1431,Credit Card,4701.89,81.0,4782.89
1433,Cash,2783.76,82.23,2865.99
1434,Cash,62.25,101.96,164.21
1435,PayPal,844.83,32.97,877.8
1436,"Debit Card, PayPal",10368.43,148.56,10516.99
1442,Нет завершённых покупок,0.0,0.0,0.0
1443,"Cash, PayPal",2059.24,67.62,2126.86
1445,Нет завершённых покупок,0.0,0.0,0.0
1447,"Cash, Credit Card, PayPal",8635.75,170.72,8806.47
1448,Нет завершённых покупок,0.0,0.0,0.0
1449,Credit Card,1582.38,81.81,1664.19
1450,Cash,988.12,65.39,1053.51
1451,"Cash, PayPal",1719.11,126.42,1845.53
1454,PayPal,7603.47,11.82,7615.29
1455,"Cash, Debit Card",8015.65,172.05,8187.7
1456,Нет завершённых покупок,0.0,0.0,0.0
1457,Debit Card,1582.38,20.61,1602.99
1458,Credit Card,247.03,29.55,276.58
1460,Debit Card,5131.23,153.72,5284.95
1461,"Credit Card, Debit Card",13879.35,0.0,13879.35
1462,Credit Card,4142.7,143.68,4286.38
1463,Cash,741.09,36.67,777.76
1464,Cash,5538.33,34.37,5572.7
1465,"Cash, Credit Card",8652.99,150.43,8803.42
1466,"Credit Card, Debit Card, PayPal",4473.55,137.54,4611.09
1467,Debit Card,7603.47,48.47,7651.94
1469,Debit Card,1855.84,53.4,1909.24
1470,Debit Card,3379.32,39.32,3418.64
1473,Cash,1917.91,64.2,1982.11
1475,Credit Card,1391.88,99.59,1491.47
1476,Cash,2319.8,51.56,2371.36
1477,Credit Card,2470.3,121.16,2591.46
1478,"Credit Card, Debit Card",6426.25,148.04,6574.29
1480,Debit Card,7911.9,11.05,7922.95
1481,"Cash, Credit Card",9683.45,81.89,9765.34
1482,Нет завершённых покупок,0.0,0.0,0.0
1483,Debit Card,1052.42,115.86,1168.28
1484,Credit Card,3711.68,0.0,3711.68
1486,"Cash, Credit Card, Debit Card",10119.16,81.26,10200.42
1488,Нет завершённых покупок,0.0,0.0,0.0
1489,Credit Card,741.09,69.42,810.51
1490,Нет завершённых покупок,0.0,0.0,0.0
1492,Debit Card,2223.27,32.14,2255.41
1494,"Debit Card, PayPal",3227.01,37.49,3264.5
1495,"Credit Card, Debit Card",3372.22,74.53,3446.75
1497,PayPal,1855.84,42.04,1897.88
1499,Cash,14297.92,108.88,14406.8
1501,Cash,247.03,0.0,247.03
1502,"Credit Card, Debit Card",3368.12,105.01,3473.13
1504,PayPal,3247.72,51.66,3299.38
1507,PayPal,463.96,60.14,524.1
1509,Debit Card,741.09,16.27,757.36
1511,PayPal,4639.6,191.87,4831.47
1512,"Cash, Debit Card",3608.72,137.81,3746.53
1514,Нет завершённых покупок,0.0,0.0,0.0
1515,Debit Card,791.19,60.98,852.17
1516,"Cash, Credit Card",3438.22,145.34,3583.56
1517,Нет завершённых покупок,0.0,0.0,0.0
1518,"Cash, Credit Card, Debit Card, PayPal",9767.74,71.4,9839.14
1520,Credit Card,1976.24,22.35,1998.59
1523,Cash,3711.68,38.15,3749.83
1524,Debit Card,2470.3,80.38,2550.68
1526,Debit Card,2319.8,35.95,2355.75
1528,PayPal,7603.47,70.13,7673.6
1535,Debit Card,5662.83,64.56,5727.39
1536,Нет завершённых покупок,0.0,0.0,0.0
1537,Debit Card,741.09,0.0,741.09
1538,"Cash, Debit Card",228.25,167.76,396.01
1539,Debit Card,62.25,0.0,62.25
1540,Нет завершённых покупок,0.0,0.0,0.0
1541,Debit Card,2319.8,56.06,2375.86
1543,Cash,1976.24,0.0,1976.24
1545,Нет завершённых покупок,0.0,0.0,0.0
1546,"Credit Card, Debit Card",7174.35,65.19,7239.54
1549,Credit Card,41.5,13.96,55.46
1551,Cash,41.5,35.04,76.54
1553,Cash,20.75,48.62,69.37
1554,Cash,7603.47,76.43,7679.9
1555,Нет завершённых покупок,0.0,0.0,0.0
1556,Credit Card,741.09,42.87,783.96
1558,PayPal,3711.68,48.25,3759.93
1559,"Cash, PayPal",1135.42,20.67,1156.09
1561,Cash,463.96,33.22,497.18
1562,Credit Card,4224.15,109.76,4333.91
1566,"Credit Card, Debit Card",5410.79,121.88,5532.67
1568,Credit Card,6204.4,129.56,6333.96
1570,Credit Card,3247.72,90.36,3338.08
1571,"Cash, PayPal",3420.82,38.35,3459.17
1574,Credit Card,3711.68,0.0,3711.68
1576,PayPal,1976.24,85.81,2062.05
1577,PayPal,2534.49,25.86,2560.35
1578,"Debit Card, PayPal",15823.8,15.1,15838.9
1579,Cash,988.12,0.0,988.12
1581,Нет завершённых покупок,0.0,0.0,0.0
1584,Нет завершённых покупок,0.0,0.0,0.0
1585,"Debit Card, PayPal",10607.31,0.0,10607.31
1586,Cash,124.5,0.0,124.5
1587,PayPal,3151.19,16.2,3167.39
1589,Credit Card,41.5,56.16,97.66
1590,"Cash, Credit Card",8614.3,88.92,8703.22
1591,"Cash, Credit Card",927.84,18.56,946.4
1592,PayPal,4639.6,8.31,4647.91
1593,Debit Card,2534.49,41.4,2575.89
1595,Cash,2223.27,0.0,2223.27
1597,"Credit Card, PayPal",7148.96,150.91,7299.87
1599,Нет завершённых покупок,0.0,0.0,0.0
1601,Debit Card,1582.38,0.0,1582.38
1602,Credit Card,2223.27,36.33,2259.6
1603,Debit Card,741.09,122.22,863.31
1605,Credit Card,5068.98,45.53,5114.51
1606,Debit Card,4224.15,28.82,4252.97
1610,Нет завершённых покупок,0.0,0.0,0.0
1611,"Credit Card, Debit Card",650.71,97.84,748.55
1613,Cash,1235.15,21.29,1256.44
1616,"Credit Card, Debit Card",12635.25,310.09,12945.34
1617,Cash,83.0,44.75,127.75
1618,"Credit Card, Debit Card",9113.28,25.61,9138.89
1619,Cash,2373.57,74.07,2447.64
1621,"Cash, Credit Card",166.0,122.67,288.67
1622,Debit Card,8448.3,81.0,8529.3
1624,PayPal,4747.14,0.0,4747.14
1626,Credit Card,5068.98,0.0,5068.98
1628,Credit Card,20.75,0.0,20.75
1630,Нет завершённых покупок,0.0,0.0,0.0
1631,Нет завершённых покупок,0.0,0.0,0.0
1632,"Debit Card, PayPal",290.5,86.88,377.38
1633,"Cash, Debit Card",4279.39,94.77,4374.16
1634,Нет завершённых покупок,0.0,0.0,0.0
1635,"Debit Card, PayPal",1636.02,118.95,1754.97
1636,"Credit Card, Debit Card",311.25,58.57,369.82
1637,"Debit Card, PayPal",1669.01,26.45,1695.46
1638,Нет завершённых покупок,0.0,0.0,0.0
1639,Cash,166.0,40.33,206.33
1640,Credit Card,8448.3,60.39,8508.69
1641,Credit Card,20.75,26.38,47.13
1642,Credit Card,1582.38,70.66,1653.04
1643,Credit Card,927.92,0.0,927.92
1644,"Cash, Debit Card",4780.46,151.81,4932.27
1645,Cash,20.75,0.0,20.75
1647,Cash,5538.33,85.52,5623.85
1649,Нет завершённых покупок,0.0,0.0,0.0
1650,Credit Card,41.5,89.39,130.89
1651,Нет завершённых покупок,0.0,0.0,0.0
1652,PayPal,62.25,7.36,69.61
1654,PayPal,7603.47,68.59,7672.06
1656,Нет завершённых покупок,0.0,0.0,0.0
1657,"Cash, Debit Card, PayPal",8942.36,140.82,9083.18
1658,Credit Card,5068.98,0.0,5068.98
1660,Debit Card,4747.14,0.0,4747.14
1661,"Cash, Debit Card",639.31,84.43,723.74
1662,Credit Card,124.5,0.0,124.5
1663,Нет завершённых покупок,0.0,0.0,0.0
1664,"Credit Card, PayPal",958.02,53.25,1011.27
1667,Debit Card,6758.64,84.02,6842.66
1668,Нет завершённых покупок,0.0,0.0,0.0
1669,Credit Card,7665.72,167.6,7833.32
1670,Cash,20.75,110.07,130.82
1671,Debit Card,4747.14,0.0,4747.14
1672,Credit Card,6059.15,59.67,6118.82
1673,"Cash, Credit Card, Debit Card",4042.58,98.12,4140.7
1674,"Cash, Credit Card",3351.51,43.91,3395.42
1676,Cash,145.25,0.0,145.25
1677,PayPal,5068.98,49.9,5118.88
1678,Credit Card,62.25,32.65,94.9
1681,Cash,1582.38,64.88,1647.26
1682,Нет завершённых покупок,0.0,0.0,0.0
1683,Cash,752.49,0.0,752.49
1684,"Cash, Credit Card",1876.59,116.03,1992.62
1686,Credit Card,1582.38,87.37,1669.75
1688,Debit Card,1689.66,6.25,1695.91
1689,Нет завершённых покупок,0.0,0.0,0.0
1690,"Cash, Debit Card",1789.88,13.79,1803.67
1691,Debit Card,7109.42,79.12,7188.54
1693,"Debit Card, PayPal",1421.98,22.34,1444.32
1694,Cash,2783.76,60.57,2844.33
1695,Debit Card,7307.46,33.58,7341.04
1696,Debit Card,2867.63,108.82,2976.45
1697,Нет завершённых покупок,0.0,0.0,0.0
1698,PayPal,247.03,16.73,263.76
1699,"Cash, Credit Card, Debit Card",7721.14,205.03,7926.17
1700,Debit Card,1689.66,0.0,1689.66
1701,Credit Card,6329.52,101.53,6431.05
1702,"Cash, Debit Card",2183.74,52.54,2236.28
1703,Debit Card,1976.24,68.72,2044.96
1704,Cash,62.25,14.64,76.89
1705,Debit Card,988.12,43.8,1031.92
1706,PayPal,5913.81,0.0,5913.81
1709,Нет завершённых покупок,0.0,0.0,0.0
1710,Нет завершённых покупок,0.0,0.0,0.0
1711,"Credit Card, Debit Card, PayPal",7307.46,97.34,7404.8
1712,Cash,1482.18,126.64,1608.82
1713,"Credit Card, Debit Card",8614.3,133.09,8747.39
1714,PayPal,494.06,61.8,555.86
1715,Нет завершённых покупок,0.0,0.0,0.0
1718,Cash,4244.9,77.41,4322.31
1719,Нет завершённых покупок,0.0,0.0,0.0
1720,Debit Card,7120.71,0.0,7120.71
1721,Нет завершённых покупок,0.0,0.0,0.0
1723,Нет завершённых покупок,0.0,0.0,0.0
1724,Credit Card,1689.66,49.33,1738.99
1725,Нет завершённых покупок,0.0,0.0,0.0
1726,"Cash, PayPal",8981.91,143.96,9125.87
1727,Cash,5538.33,9.9,5548.23
1728,Нет завершённых покупок,0.0,0.0,0.0
1729,Нет завершённых покупок,0.0,0.0,0.0
1731,Credit Card,145.25,74.45,219.7
1732,PayPal,5068.98,0.0,5068.98
1734,"Credit Card, PayPal",3832.08,128.53,3960.61
1735,Cash,1729.21,32.89,1762.1
1736,PayPal,2783.76,45.48,2829.24
1738,"Cash, PayPal",824.09,200.27,1024.36
1739,Cash,12980.88,105.92,13086.8
1742,PayPal,3379.32,0.0,3379.32
1744,Credit Card,927.92,83.63,1011.55
1745,Credit Card,4224.15,47.08,4271.23
1746,Debit Card,7911.9,33.76,7945.66
1748,Credit Card,1689.66,42.66,1732.32
1749,PayPal,4224.15,71.06,4295.21
1751,PayPal,186.75,0.0,186.75
1752,Нет завершённых покупок,0.0,0.0,0.0
1753,PayPal,7120.71,0.0,7120.71
1754,Нет завершённых покупок,0.0,0.0,0.0
1755,Нет завершённых покупок,0.0,0.0,0.0
1756,PayPal,20.75,38.86,59.61
1758,PayPal,3247.72,15.95,3263.67
1759,Нет завершённых покупок,0.0,0.0,0.0
1760,Нет завершённых покупок,0.0,0.0,0.0
1761,PayPal,2470.3,41.5,2511.8
1766,Нет завершённых покупок,0.0,0.0,0.0
1768,Нет завершённых покупок,0.0,0.0,0.0
1769,Нет завершённых покупок,0.0,0.0,0.0
1770,Debit Card,791.19,0.0,791.19
1771,"Credit Card, Debit Card",2038.49,92.42,2130.91
1772,Cash,4639.6,47.57,4687.17
1773,Нет завершённых покупок,0.0,0.0,0.0
1774,Debit Card,5538.33,97.12,5635.45
1775,Нет завершённых покупок,0.0,0.0,0.0
1776,"Cash, PayPal",4307.15,66.68,4373.83
1778,Debit Card,2534.49,0.0,2534.49
1779,"Debit Card, PayPal",3997.45,35.7,4033.15
1781,Debit Card,247.03,43.89,290.92
1783,Нет завершённых покупок,0.0,0.0,0.0
1784,Cash,5068.98,73.92,5142.9
1785,PayPal,7603.47,110.23,7713.7
1787,Cash,20.75,8.87,29.62
1788,Credit Card,103.75,98.64,202.39
1789,Нет завершённых покупок,0.0,0.0,0.0
1790,Cash,2783.76,0.0,2783.76
1792,"Cash, Credit Card",9577.24,28.74,9605.98
1794,"Credit Card, PayPal",13141.8,78.72,13220.52
1795,PayPal,3711.68,0.0,3711.68
1797,"Debit Card, PayPal",1421.98,74.03,1496.01
1798,Credit Card,103.75,0.0,103.75
1799,Credit Card,4224.15,0.0,4224.15
1800,PayPal,207.5,29.8,237.3
1801,Credit Card,3164.76,45.83,3210.59
1803,Cash,166.0,0.0,166.0
1806,"Cash, Credit Card",567.71,0.0,567.71
1807,Cash,1482.18,86.84,1569.02
1808,Debit Card,7120.71,56.68,7177.39
1809,Credit Card,927.92,67.56,995.48
1810,Нет завершённых покупок,0.0,0.0,0.0
1811,"Cash, Credit Card",3665.9,48.88,3714.78
1813,Debit Card,3247.72,0.0,3247.72
1815,Cash,494.06,72.05,566.11
1817,Debit Card,2717.33,70.03,2787.36
1819,Debit Card,2319.8,0.0,2319.8
1821,Cash,1855.84,0.0,1855.84
1822,Нет завершённых покупок,0.0,0.0,0.0
1823,PayPal,103.75,0.0,103.75
1824,"Credit Card, PayPal",7603.47,33.07,7636.54
1828,Нет завершённых покупок,0.0,0.0,0.0
1829,"Cash, Credit Card, Debit Card",12707.03,107.51,12814.54
1830,Нет завершённых покупок,0.0,0.0,0.0
1834,Нет завершённых покупок,0.0,0.0,0.0
1836,Debit Card,3247.72,58.28,3306.0
1837,Нет завершённых покупок,0.0,0.0,0.0
1838,"Credit Card, Debit Card",15206.94,71.87,15278.81
1840,"Cash, Credit Card",2534.49,83.67,2618.16
1844,"Credit Card, PayPal",4639.6,57.73,4697.33
1845,Credit Card,2319.8,79.78,2399.58
1846,"Credit Card, PayPal",5401.34,25.44,5426.78
1847,Credit Card,2223.27,0.0,2223.27
1849,"Cash, PayPal",1091.87,61.32,1153.19
1851,Нет завершённых покупок,0.0,0.0,0.0
1853,Cash,8448.3,118.94,8567.24
1856,PayPal,1482.18,74.99,1557.17
1858,Cash,844.83,16.15,860.98
1860,Credit Card,2319.8,29.19,2348.99
1861,Debit Card,927.92,62.63,990.55
1863,PayPal,103.75,78.88,182.63
1864,Credit Card,1391.88,0.0,1391.88
1866,Нет завершённых покупок,0.0,0.0,0.0
1868,Нет завершённых покупок,0.0,0.0,0.0
1869,Debit Card,166.0,0.0,166.0
1873,Нет завершённых покупок,0.0,0.0,0.0
1876,Нет завершённых покупок,0.0,0.0,0.0
1877,Нет завершённых покупок,0.0,0.0,0.0
1878,Credit Card,494.06,83.53,577.59
1879,PayPal,6758.64,24.42,6783.06
1880,Нет завершённых покупок,0.0,0.0,0.0
1882,Credit Card,269.75,177.16,446.91
1883,"Cash, PayPal",5294.06,66.67,5360.73
1884,"Cash, PayPal",8344.56,83.75,8428.31
1885,Cash,1582.38,37.93,1620.31
1886,PayPal,844.83,0.0,844.83
1887,Cash,5895.5,98.14,5993.64
1888,"Cash, Debit Card",1769.13,126.45,1895.58
1889,"Cash, Debit Card",2717.33,79.17,2796.5
1890,"Cash, Debit Card, PayPal",936.44,119.57,1056.01
1891,Debit Card,7120.71,58.16,7178.87
1892,Cash,41.5,41.6,83.1
1893,Cash,145.25,56.2,201.45
1894,PayPal,4639.6,33.6,4673.2
1899,Debit Card,83.0,100.77,183.77
1900,Нет завершённых покупок,0.0,0.0,0.0
1901,"Credit Card, Debit Card",11505.78,0.0,11505.78
1903,"Credit Card, Debit Card",2410.1,157.0,2567.1
1904,Cash,927.92,56.23,984.15
1905,Cash,4224.15,93.04,4317.19
1907,PayPal,83.0,60.2,143.2
1908,PayPal,3247.72,0.0,3247.72
1909,Нет завершённых покупок,0.0,0.0,0.0
1910,Debit Card,1855.84,0.0,1855.84
1911,PayPal,4175.64,94.47,4270.11
1914,Cash,2470.3,0.0,2470.3
1915,Cash,1769.13,20.7,1789.83
1916,"Cash, Credit Card, Debit Card",4327.9,124.47,4452.37
1917,Debit Card,15075.34,82.63,15157.97
1918,Debit Card,1391.88,89.86,1481.74
1921,Cash,2783.76,0.0,2783.76
1922,Cash,3164.76,0.0,3164.76
1924,Нет завершённых покупок,0.0,0.0,0.0
1925,"Cash, Debit Card",7471.87,157.36,7629.23
1927,Нет завершённых покупок,0.0,0.0,0.0
1928,Нет завершённых покупок,0.0,0.0,0.0
1929,Нет завершённых покупок,0.0,0.0,0.0
1931,Нет завершённых покупок,0.0,0.0,0.0
1934,Credit Card,5141.0,181.15,5322.15
1936,PayPal,14777.82,117.03,14894.85
1937,Нет завершённых покупок,0.0,0.0,0.0
1938,"Credit Card, Debit Card",2430.77,123.01,2553.78
1939,PayPal,5811.79,35.4,5847.19
1941,Cash,10500.42,20.98,10521.4
1942,PayPal,1976.24,80.78,2057.02
1943,PayPal,3164.76,67.23,3231.99
1944,PayPal,791.19,101.26,892.45
1945,"Cash, Debit Card",2427.21,70.93,2498.14
1946,Cash,7120.71,0.0,7120.71
1948,PayPal,166.0,73.89,239.89
1949,Credit Card,6758.64,20.05,6778.69
1950,Нет завершённых покупок,0.0,0.0,0.0
1951,PayPal,4224.15,95.7,4319.85
1956,Cash,5538.33,73.56,5611.89
1957,Нет завершённых покупок,0.0,0.0,0.0
1958,Debit Card,6329.52,0.0,6329.52
1962,Нет завершённых покупок,0.0,0.0,0.0
1964,Нет завершённых покупок,0.0,0.0,0.0
1965,"Cash, PayPal",1401.15,90.09,1491.24
1966,Debit Card,103.75,80.76,184.51
1967,Cash,6329.52,89.28,6418.8
1968,PayPal,145.25,50.39,195.64
1970,PayPal,3955.95,64.72,4020.67
1971,Нет завершённых покупок,0.0,0.0,0.0
1972,Нет завершённых покупок,0.0,0.0,0.0
1974,"Credit Card, PayPal",8048.63,0.0,8048.63
1975,Cash,2373.57,39.64,2413.21
1976,Нет завершённых покупок,0.0,0.0,0.0
1977,Credit Card,791.19,43.61,834.8
1978,Нет завершённых покупок,0.0,0.0,0.0
1979,Debit Card,844.83,35.34,880.17
1980,Нет завершённых покупок,0.0,0.0,0.0
1981,Cash,3247.72,53.02,3300.74
1982,"Cash, Credit Card",2026.34,118.29,2144.63
1983,Cash,1729.21,87.7,1816.91
1985,"Credit Card, PayPal",15032.61,70.51,15103.12
1987,Cash,2373.57,16.46,2390.03
1988,"Cash, Debit Card",9386.74,87.04,9473.78
1989,"Debit Card, PayPal",6383.16,23.43,6406.59
1991,PayPal,1689.66,19.17,1708.83
1994,PayPal,7603.47,33.66,7637.13
1995,"Cash, Credit Card",2076.44,140.05,2216.49
1996,Cash,124.5,48.24,172.74
1997,PayPal,7120.71,52.67,7173.38
1998,Нет завершённых покупок,0.0,0.0,0.0
1999,"Cash, Debit Card",927.84,136.29,1064.13
2000,Debit Card,3379.32,30.05,3409.37
2001,Нет завершённых покупок,0.0,0.0,0.0
2003,PayPal,2783.76,38.4,2822.16
2005,Debit Card,741.09,7.41,748.5
2007,PayPal,3711.68,0.0,3711.68
2010,PayPal,3711.68,35.05,3746.73
2012,Cash,741.09,40.95,782.04
2013,Debit Card,9190.98,109.6,9300.58
2014,Нет завершённых покупок,0.0,0.0,0.0
2015,Cash,4175.64,54.59,4230.23
2017,Cash,4940.6,44.45,4985.05
2018,PayPal,2373.57,19.89,2393.46
2020,Cash,463.96,44.97,508.93
2021,Debit Card,5068.98,91.77,5160.75
2022,"Cash, Credit Card",12296.97,39.81,12336.78
2025,Cash,3114.66,118.14,3232.8
2026,Credit Card,166.0,34.08,200.08
2027,"Cash, Debit Card",3832.08,122.97,3955.05
2029,Credit Card,1582.38,43.3,1625.68
2030,PayPal,7748.72,80.35,7829.07
2031,Cash,247.03,0.0,247.03
2033,Credit Card,6329.52,65.44,6394.96
2035,Credit Card,3272.04,119.52,3391.56
2036,Cash,927.92,62.95,990.87
2037,Cash,4349.81,51.14,4400.95
2039,"Credit Card, PayPal",13932.99,136.12,14069.11
2041,Debit Card,3379.32,0.0,3379.32
2042,Нет завершённых покупок,0.0,0.0,0.0
2047,PayPal,2783.76,68.01,2851.77
2048,Credit Card,4639.6,12.78,4652.38
2050,Cash,5068.98,61.87,5130.85
2052,Нет завершённых покупок,0.0,0.0,0.0
2053,Нет завершённых покупок,0.0,0.0,0.0
2054,Debit Card,4224.15,69.38,4293.53
2055,Debit Card,7603.47,60.65,7664.12
2056,Нет завершённых покупок,0.0,0.0,0.0
2058,Нет завершённых покупок,0.0,0.0,0.0
2059,Нет завершённых покупок,0.0,0.0,0.0
2060,Debit Card,2783.76,58.49,2842.25
2061,Credit Card,3711.68,48.04,3759.72
2063,PayPal,2373.57,54.23,2427.8
2065,PayPal,62.25,0.0,62.25
2069,Debit Card,1391.88,55.81,1447.69
2070,Debit Card,3247.72,75.58,3323.3
2071,"Cash, PayPal",5089.73,104.36,5194.09
2072,"Cash, PayPal",7686.47,92.35,7778.82
2073,Debit Card,6329.52,62.2,6391.72
2074,Cash,16338.35,182.66,16521.01
2075,Credit Card,7120.71,112.63,7233.34
2076,Нет завершённых покупок,0.0,0.0,0.0
2077,Нет завершённых покупок,0.0,0.0,0.0
2078,Cash,4854.29,109.45,4963.74
2080,Cash,7120.71,7.13,7127.84
2081,Cash,5913.81,53.28,5967.09
2082,Credit Card,145.25,0.0,145.25
2086,Debit Card,791.19,0.0,791.19
2087,Cash,2410.1,45.05,2455.15
2088,Нет завершённых покупок,0.0,0.0,0.0
2090,Debit Card,9113.28,108.84,9222.12
2091,Cash,20.75,0.0,20.75
2092,Нет завершённых покупок,0.0,0.0,0.0
2093,Нет завершённых покупок,0.0,0.0,0.0
2094,"Cash, Debit Card",10285.47,68.85,10354.32
2099,Credit Card,41.5,0.0,41.5
2100,Cash,494.06,46.2,540.26
2101,Debit Card,844.83,34.46,879.29
2102,Debit Card,4747.14,68.0,4815.14
2103,Credit Card,4747.14,47.08,4794.22
2105,PayPal,2534.49,48.81,2583.3
2106,"Cash, Debit Card, PayPal",11350.12,98.73,11448.85
2107,Нет завершённых покупок,0.0,0.0,0.0
2108,Debit Card,20.75,22.88,43.63
2109,Credit Card,103.75,146.8,250.55
2110,Debit Card,5068.98,45.19,5114.17
2112,"Cash, Debit Card",4543.07,52.74,4595.81
2113,Нет завершённых покупок,0.0,0.0,0.0
2114,PayPal,62.25,60.48,122.73
2115,"Credit Card, Debit Card",5913.81,5.81,5919.62
2116,Cash,3955.95,72.57,4028.52
2117,Нет завершённых покупок,0.0,0.0,0.0
2119,PayPal,741.09,0.0,741.09
2120,Нет завершённых покупок,0.0,0.0,0.0
2121,"Cash, Credit Card",249.0,161.08,410.08
2122,Credit Card,1235.15,16.38,1251.53
2123,Нет завершённых покупок,0.0,0.0,0.0
2124,Нет завершённых покупок,0.0,0.0,0.0
2125,Cash,494.06,48.4,542.46
2126,Cash,3064.56,92.44,3157.0
2128,Нет завершённых покупок,0.0,0.0,0.0
2129,PayPal,7603.47,44.85,7648.32
2131,Cash,7603.47,96.57,7700.04
2132,Credit Card,166.0,73.94,239.94
2134,"Credit Card, PayPal",4639.6,133.06,4772.66
2135,Credit Card,5068.98,37.83,5106.81
2136,Нет завершённых покупок,0.0,0.0,0.0
2138,Cash,2319.8,0.0,2319.8
2139,"Cash, Debit Card",311.25,46.9,358.15
2140,Нет завершённых покупок,0.0,0.0,0.0
2141,Debit Card,7911.9,0.0,7911.9
2142,"Credit Card, Debit Card",3458.42,51.75,3510.17
2144,Нет завершённых покупок,0.0,0.0,0.0
2145,PayPal,3711.68,80.02,3791.7
2147,Credit Card,3247.72,0.0,3247.72
2148,Cash,2373.57,24.87,2398.44
2150,Credit Card,1729.21,6.77,1735.98
2152,Credit Card,7120.71,47.64,7168.35
2153,PayPal,7911.9,86.46,7998.36
2154,Нет завершённых покупок,0.0,0.0,0.0
2155,Credit Card,4224.15,108.68,4332.83
2156,PayPal,13907.6,16.45,13924.05
2157,"Debit Card, PayPal",4341.64,111.66,4453.3
2158,"Cash, Credit Card",1648.18,54.43,1702.61
2161,Debit Card,1689.66,60.46,1750.12
2163,Debit Card,791.19,0.0,791.19
2164,Cash,4805.6,113.38,4918.98
2165,Нет завершённых покупок,0.0,0.0,0.0
2166,Cash,2783.76,14.21,2797.97
2169,Нет завершённых покупок,0.0,0.0,0.0
2170,Debit Card,1976.24,97.65,2073.89
2171,PayPal,791.19,28.2,819.39
2177,"Credit Card, PayPal",6329.26,60.69,6389.95
2178,Cash,6758.64,97.88,6856.52
2180,PayPal,4701.85,197.39,4899.24
2181,Credit Card,12987.96,123.77,13111.73
2182,PayPal,124.5,99.9,224.4
2183,PayPal,7911.9,71.0,7982.9
2184,Credit Card,2319.8,43.42,2363.22
2185,"Credit Card, Debit Card, PayPal",2380.0,51.24,2431.24
2186,Cash,207.5,0.0,207.5
2187,Credit Card,2223.27,5.36,2228.63
2189,PayPal,1482.18,52.08,1534.26
2190,Нет завершённых покупок,0.0,0.0,0.0
2191,Нет завершённых покупок,0.0,0.0,0.0
2192,"Cash, Credit Card, Debit Card",5766.58,79.01,5845.59
2193,Cash,62.25,58.21,120.46
2195,Credit Card,247.03,66.89,313.92
2196,Нет завершённых покупок,0.0,0.0,0.0
2198,Debit Card,7911.9,47.23,7959.13
2199,PayPal,62.25,84.53,146.78
2200,"Credit Card, PayPal",7388.78,80.27,7469.05
2201,Нет завершённых покупок,0.0,0.0,0.0
2203,PayPal,5913.81,81.99,5995.8
2204,Credit Card,166.0,56.17,222.17
2205,Cash,2581.07,52.42,2633.49
2206,Нет завершённых покупок,0.0,0.0,0.0
2209,Debit Card,6329.52,36.1,6365.62
2211,"Credit Card, PayPal",2620.6,8.87,2629.47
2212,Credit Card,247.03,0.0,247.03
2213,Cash,2319.8,0.0,2319.8
2215,"Cash, PayPal",6495.52,83.41,6578.93
2216,Debit Card,988.12,0.0,988.12
2220,"Credit Card, PayPal",4159.96,40.61,4200.57
2221,Нет завершённых покупок,0.0,0.0,0.0
2223,PayPal,6758.64,62.29,6820.93
2224,Нет завершённых покупок,0.0,0.0,0.0
2225,Нет завершённых покупок,0.0,0.0,0.0
2226,Credit Card,3955.95,42.84,3998.79
2227,PayPal,103.75,0.0,103.75
2229,Нет завершённых покупок,0.0,0.0,0.0
2230,Нет завершённых покупок,0.0,0.0,0.0
2231,PayPal,8896.35,226.24,9122.59
2232,PayPal,6329.52,33.83,6363.35
2234,Debit Card,2223.27,31.63,2254.9
2235,"Cash, Debit Card, PayPal",11595.43,111.69,11707.12
2236,Credit Card,3955.95,0.0,3955.95
2238,Cash,12450.88,47.15,12498.03
2240,Нет завершённых покупок,0.0,0.0,0.0
2241,Нет завершённых покупок,0.0,0.0,0.0
2242,PayPal,1235.15,0.0,1235.15
2243,Credit Card,844.83,0.0,844.83
2244,"Cash, Debit Card",7120.71,81.82,7202.53
2245,PayPal,4369.4,147.61,4517.01
2246,Debit Card,1482.18,68.66,1550.84
2248,Нет завершённых покупок,0.0,0.0,0.0
2249,Cash,1582.38,0.0,1582.38
2252,"Credit Card, Debit Card",3988.81,126.38,4115.19
2253,Нет завершённых покупок,0.0,0.0,0.0
2254,"Cash, Debit Card",7148.96,133.97,7282.93
2256,Credit Card,83.0,67.27,150.27
2258,PayPal,4224.15,100.46,4324.61
2259,"Credit Card, Debit Card",9250.01,75.73,9325.74
2260,Cash,494.06,90.31,584.37
2262,PayPal,1235.15,23.6,1258.75
2264,PayPal,2470.3,33.18,2503.48
2267,PayPal,7292.26,182.8,7475.06
2270,Debit Card,2470.3,39.18,2509.48
2272,Debit Card,1482.18,0.0,1482.18
2273,Нет завершённых покупок,0.0,0.0,0.0
2275,"Cash, Credit Card",2520.4,57.9,2578.3
2276,Credit Card,1855.84,58.83,1914.67
2277,Cash,3247.72,31.29,3279.01
2279,Нет завершённых покупок,0.0,0.0,0.0
2280,Debit Card,186.75,10.99,197.74
2281,Cash,124.5,0.0,124.5
2282,Cash,741.09,47.51,788.6
2283,"Cash, Credit Card",9459.31,122.32,9581.63
2284,"Cash, Debit Card",1297.4,56.65,1354.05
2285,Нет завершённых покупок,0.0,0.0,0.0
2286,Нет завершённых покупок,0.0,0.0,0.0
2287,Debit Card,207.5,33.44,240.94
2288,Debit Card,6758.64,98.83,6857.47
2289,Нет завершённых покупок,0.0,0.0,0.0
2290,Debit Card,1729.21,32.29,1761.5
2291,Credit Card,6370.67,91.39,6462.06
2292,"Cash, PayPal",4646.94,136.02,4782.96
2293,"Cash, Credit Card",5913.81,158.53,6072.34
2295,Нет завершённых покупок,0.0,0.0,0.0
2297,Cash,1689.66,0.0,1689.66
2300,Debit Card,3247.72,44.79,3292.51
2301,Нет завершённых покупок,0.0,0.0,0.0
2303,"Cash, Credit Card",7045.22,97.05,7142.27
2305,"Debit Card, PayPal",10135.17,77.68,10212.85
2306,Credit Card,41.5,0.0,41.5
2307,Cash,844.83,57.01,901.84
2308,Нет завершённых покупок,0.0,0.0,0.0
2310,Cash,4639.6,35.83,4675.43
2311,"Debit Card, PayPal",5318.25,80.97,5399.22
2313,Cash,247.03,42.52,289.55
2315,Debit Card,2373.57,85.08,2458.65
2316,"Credit Card, PayPal",228.25,48.3,276.55
2317,Debit Card,741.09,96.81,837.9
2319,Debit Card,145.25,51.41,196.66
2320,Credit Card,7911.9,31.05,7942.95
2321,"Credit Card, PayPal",6121.78,132.8,6254.58
2323,Credit Card,988.12,22.22,1010.34
2324,"Debit Card, PayPal",2539.57,0.0,2539.57
2325,Credit Card,844.83,35.84,880.67
2326,Нет завершённых покупок,0.0,0.0,0.0
2327,Нет завершённых покупок,0.0,0.0,0.0
2329,PayPal,62.25,0.0,62.25
2330,Credit Card,1855.84,127.22,1983.06
2331,PayPal,207.5,183.61,391.11
2333,"Cash, PayPal",3164.63,34.07,3198.7
2334,Нет завершённых покупок,0.0,0.0,0.0
2336,Нет завершённых покупок,0.0,0.0,0.0
2337,PayPal,3379.32,57.31,3436.63
2338,Нет завершённых покупок,0.0,0.0,0.0
2339,Нет завершённых покупок,0.0,0.0,0.0
2341,"Cash, Credit Card",15823.8,39.8,15863.6
2342,Debit Card,741.09,99.87,840.96
2343,Нет завершённых покупок,0.0,0.0,0.0
2344,Нет завершённых покупок,0.0,0.0,0.0
2345,Credit Card,4747.14,121.42,4868.56
2347,"Cash, Debit Card",5223.96,10.14,5234.1
2348,"Cash, Credit Card",907.08,94.76,1001.84
2349,Нет завершённых покупок,0.0,0.0,0.0
2350,PayPal,927.92,10.89,938.81
2351,PayPal,2319.8,40.78,2360.58
2353,"Cash, PayPal",11296.35,69.05,11365.4
2354,PayPal,1976.24,26.65,2002.89
2355,Cash,103.75,30.93,134.68
2356,Debit Card,7120.71,38.2,7158.91
2358,Cash,7120.71,40.37,7161.08
2359,Нет завершённых покупок,0.0,0.0,0.0
2360,Нет завершённых покупок,0.0,0.0,0.0
2362,Cash,4937.38,139.31,5076.69
2365,"Debit Card, PayPal",5699.12,127.36,5826.48
2366,Cash,844.83,0.0,844.83
2368,Cash,2783.76,40.42,2824.18
2369,Нет завершённых покупок,0.0,0.0,0.0
2370,Debit Card,2319.8,5.76,2325.56
2372,Debit Card,41.5,21.69,63.19
2373,Нет завершённых покупок,0.0,0.0,0.0
2374,Cash,494.06,0.0,494.06
2375,Debit Card,1235.15,13.4,1248.55
2379,Нет завершённых покупок,0.0,0.0,0.0
2383,"Cash, Debit Card",2306.27,112.87,2419.14
2385,"Cash, PayPal",5133.66,26.74,5160.4
2386,Credit Card,3164.76,9.58,3174.34
2388,Debit Card,2534.49,48.03,2582.52
2389,"Cash, Debit Card",7748.72,11.78,7760.5
2394,Нет завершённых покупок,0.0,0.0,0.0
2396,"Cash, Debit Card, PayPal",3783.32,59.41,3842.73
2398,Debit Card,7911.9,53.43,7965.33
2401,PayPal,988.12,0.0,988.12
2402,"Debit Card, PayPal",6031.48,13.05,6044.53
2403,"Cash, PayPal",2553.3,49.0,2602.3
2404,Нет завершённых покупок,0.0,0.0,0.0
2408,Credit Card,4747.14,0.0,4747.14
2409,Credit Card,207.5,65.94,273.44
2410,Нет завершённых покупок,0.0,0.0,0.0
2411,PayPal,1391.88,57.33,1449.21
2413,"Credit Card, PayPal",1834.91,49.69,1884.6
2414,"Cash, Credit Card, Debit Card",9848.59,172.54,10021.13
2416,Debit Card,844.83,67.97,912.8
2417,"Credit Card, Debit Card",330.03,130.08,460.11
2418,"Debit Card, PayPal",6059.06,56.31,6115.37
2420,Cash,1235.15,71.48,1306.63
2421,"Credit Card, Debit Card",1689.68,17.66,1707.34
2422,Cash,8448.3,39.42,8487.72
2423,Нет завершённых покупок,0.0,0.0,0.0
2424,PayPal,6329.52,45.41,6374.93
2425,Debit Card,1308.79,67.1,1375.89
2426,Нет завершённых покупок,0.0,0.0,0.0
2427,Debit Card,1689.66,0.0,1689.66
2429,"Debit Card, PayPal",13088.16,117.94,13206.1
2430,Debit Card,3247.72,62.94,3310.66
2431,Cash,5538.33,51.49,5589.82
2432,Cash,927.92,0.0,927.92
2433,Debit Card,1391.88,35.55,1427.43
2436,Нет завершённых покупок,0.0,0.0,0.0
2438,Credit Card,1729.21,8.89,1738.1
2439,Нет завершённых покупок,0.0,0.0,0.0
2441,Нет завершённых покупок,0.0,0.0,0.0
2442,PayPal,8771.61,143.6,8915.21
2443,PayPal,1689.66,6.34,1696.0
2444,"Credit Card, Debit Card",5953.36,120.63,6073.99
2445,Debit Card,1689.66,7.98,1697.64
2447,Debit Card,14837.02,245.19,15082.21
2449,Debit Card,4175.64,35.54,4211.18
2451,Debit Card,1731.16,93.03,1824.19
2452,Cash,2223.27,78.77,2302.04
2453,Credit Card,20.75,0.0,20.75
2457,Нет завершённых покупок,0.0,0.0,0.0
2458,Cash,4224.15,0.0,4224.15
2460,Нет завершённых покупок,0.0,0.0,0.0
2461,Credit Card,9167.05,193.25,9360.3
2462,"Cash, Debit Card",8131.59,25.92,8157.51
2463,Debit Card,1482.18,42.59,1524.77
2464,Нет завершённых покупок,0.0,0.0,0.0
2469,Credit Card,145.25,75.19,220.44
2472,Cash,7911.9,88.26,8000.16
2473,Debit Card,8448.3,59.35,8507.65
2474,Cash,8884.76,0.0,8884.76
2476,Debit Card,3711.68,44.89,3756.57
2477,PayPal,6329.52,0.0,6329.52
2479,Debit Card,3247.72,29.62,3277.34
2480,Cash,791.19,27.79,818.98
2481,Нет завершённых покупок,0.0,0.0,0.0
2482,"Credit Card, PayPal",413.03,152.0,565.03
2483,Нет завершённых покупок,0.0,0.0,0.0
2484,PayPal,6544.08,91.08,6635.16
2486,"Cash, Credit Card",2470.3,171.73,2642.03
2487,PayPal,4914.72,87.61,5002.33
2488,Нет завершённых покупок,0.0,0.0,0.0
2489,PayPal,8048.63,133.8,8182.43
2491,Нет завершённых покупок,0.0,0.0,0.0
2492,PayPal,2534.49,0.0,2534.49
2494,Debit Card,2319.8,29.2,2349.0
2496,PayPal,463.96,57.34,521.3
2497,PayPal,12737.39,181.49,12918.88
2498,Нет завершённых покупок,0.0,0.0,0.0
2499,Cash,1391.88,27.42,1419.3
2500,PayPal,6329.52,71.97,6401.49
2501,"Debit Card, PayPal",8448.3,151.66,8599.96
2503,Cash,1976.24,73.43,2049.67
2504,Нет завершённых покупок,0.0,0.0,0.0
2505,Cash,3955.95,106.53,4062.48
2506,Debit Card,2223.27,25.67,2248.94
2507,Cash,5440.89,133.37,5574.26
2513,Cash,8917.65,109.57,9027.22
2514,Нет завершённых покупок,0.0,0.0,0.0
2515,Cash,3711.68,85.01,3796.69
2516,Cash,4639.6,87.93,4727.53
2518,Debit Card,1482.18,0.0,1482.18
2522,Cash,8869.92,57.7,8927.62
2523,Debit Card,844.83,53.66,898.49
2524,"Cash, Credit Card, PayPal",15681.55,87.13,15768.68
2525,"Debit Card, PayPal",8344.56,82.73,8427.29
2526,"Credit Card, Debit Card",6371.02,34.96,6405.98
2527,Debit Card,62.25,35.16,97.41
2528,Cash,3711.68,75.96,3787.64
2529,Нет завершённых покупок,0.0,0.0,0.0
2530,Нет завершённых покупок,0.0,0.0,0.0
2531,Credit Card,62.25,101.4,163.65
2532,Debit Card,166.0,132.72,298.72
2533,Нет завершённых покупок,0.0,0.0,0.0
2534,Credit Card,124.5,71.29,195.79
2535,Debit Card,3379.32,35.83,3415.15
2537,Cash,4175.64,0.0,4175.64
2538,Нет завершённых покупок,0.0,0.0,0.0
2539,Cash,20.75,49.16,69.91
2540,"Debit Card, PayPal",7564.67,78.49,7643.16
2542,Нет завершённых покупок,0.0,0.0,0.0
2543,Credit Card,2783.76,98.68,2882.44
2544,Нет завершённых покупок,0.0,0.0,0.0
2546,Нет завершённых покупок,0.0,0.0,0.0
2547,Credit Card,17329.53,187.54,17517.07
2549,Credit Card,7603.47,52.39,7655.86
2550,PayPal,2223.27,24.75,2248.02
2551,Нет завершённых покупок,0.0,0.0,0.0
2552,PayPal,2783.76,40.18,2823.94
2553,Нет завершённых покупок,0.0,0.0,0.0
2555,PayPal,3164.76,76.74,3241.5
2556,"Debit Card, PayPal",26098.4,230.66,26329.06
2558,"Cash, PayPal",1454.13,73.51,1527.64
2560,PayPal,1976.24,0.0,1976.24
2561,"Cash, PayPal",5567.52,47.77,5615.29
2562,"Credit Card, PayPal",249.0,0.0,249.0
2563,Нет завершённых покупок,0.0,0.0,0.0
2565,Credit Card,124.5,0.0,124.5
2567,Cash,7367.74,138.19,7505.93
2568,"Cash, PayPal",514.81,155.65,670.46
2569,Нет завершённых покупок,0.0,0.0,0.0
2570,Debit Card,741.09,77.3,818.39
2571,PayPal,4224.15,0.0,4224.15
2572,PayPal,1855.84,81.09,1936.93
2573,Cash,103.75,0.0,103.75
2574,Credit Card,103.75,48.87,152.62
2576,Debit Card,6329.52,24.82,6354.34
2577,Нет завершённых покупок,0.0,0.0,0.0
2578,PayPal,1482.18,38.88,1521.06
2579,Нет завершённых покупок,0.0,0.0,0.0
2580,Credit Card,1235.15,22.85,1258.0
2587,"Cash, Credit Card, Debit Card, PayPal",4903.2,236.0,5139.2
2588,Credit Card,927.92,33.61,961.53
2589,"Cash, Credit Card",11296.35,102.95,11399.3
2590,Нет завершённых покупок,0.0,0.0,0.0
2591,PayPal,145.25,95.63,240.88
2593,Credit Card,5068.98,51.71,5120.69
2594,Credit Card,791.19,56.07,847.26
2597,Нет завершённых покупок,0.0,0.0,0.0
2598,Credit Card,20.75,36.83,57.58
2602,Credit Card,2470.3,0.0,2470.3
2603,PayPal,103.75,58.41,162.16
2604,"Cash, Debit Card",958.02,34.05,992.07
2605,Debit Card,207.5,128.57,336.07
2607,Нет завершённых покупок,0.0,0.0,0.0
2610,Нет завершённых покупок,0.0,0.0,0.0
2611,Cash,3711.68,0.0,3711.68
2613,PayPal,103.75,18.49,122.24
2614,Debit Card,5068.98,0.0,5068.98
2615,"Cash, Credit Card",5913.81,78.85,5992.66
2619,Нет завершённых покупок,0.0,0.0,0.0
2621,Нет завершённых покупок,0.0,0.0,0.0
2624,PayPal,791.19,75.91,867.1
2625,PayPal,1855.84,10.96,1866.8
2626,Cash,8448.3,28.43,8476.73
2627,PayPal,988.12,44.84,1032.96
2628,Нет завершённых покупок,0.0,0.0,0.0
2629,"Credit Card, Debit Card",3545.5,125.61,3671.11
2632,PayPal,5538.33,65.96,5604.29
2633,"Debit Card, PayPal",2825.26,155.64,2980.9
2636,"Cash, PayPal",6924.82,55.73,6980.55
2637,PayPal,6329.52,24.18,6353.7
2639,Нет завершённых покупок,0.0,0.0,0.0
2640,Нет завершённых покупок,0.0,0.0,0.0
2641,Credit Card,124.5,73.95,198.45
2643,PayPal,1235.15,52.42,1287.57
2644,Credit Card,207.5,55.86,263.36
2645,Cash,463.96,101.53,565.49
2649,PayPal,124.5,0.0,124.5
2650,Debit Card,9641.11,76.54,9717.65
2651,"Debit Card, PayPal",2017.74,85.47,2103.21
2653,Credit Card,41.5,47.77,89.27
2654,Cash,20.75,40.75,61.5
2656,Нет завершённых покупок,0.0,0.0,0.0
2657,PayPal,6329.52,23.03,6352.55
2658,Нет завершённых покупок,0.0,0.0,0.0
2659,Debit Card,5904.85,78.16,5983.01
2661,Cash,3164.76,87.07,3251.83
2662,Credit Card,6072.98,255.58,6328.56
2663,Cash,5538.33,64.11,5602.44
2664,Debit Card,6329.52,0.0,6329.52
2665,Credit Card,62.25,0.0,62.25
2666,"Credit Card, PayPal",3926.37,18.83,3945.2
2671,Cash,2327.02,79.01,2406.03
2672,Cash,20.75,0.0,20.75
2674,Debit Card,1582.38,73.97,1656.35
2677,Credit Card,7603.47,57.14,7660.61
2680,Нет завершённых покупок,0.0,0.0,0.0
2681,Нет завершённых покупок,0.0,0.0,0.0
2684,Credit Card,4175.64,116.11,4291.75
2685,Нет завершённых покупок,0.0,0.0,0.0
2686,PayPal,1729.21,59.3,1788.51
2687,Debit Card,5068.98,78.87,5147.85
2688,PayPal,186.75,45.67,232.42
2689,Нет завершённых покупок,0.0,0.0,0.0
2690,Нет завершённых покупок,0.0,0.0,0.0
2692,Cash,186.75,0.0,186.75
2695,PayPal,1582.38,0.0,1582.38
2696,PayPal,207.5,35.83,243.33
2697,PayPal,2373.57,66.48,2440.05
2699,Cash,124.5,31.56,156.06
2702,Cash,247.03,0.0,247.03
2705,Debit Card,41.5,0.0,41.5
2707,Credit Card,4224.15,66.96,4291.11
2708,Нет завершённых покупок,0.0,0.0,0.0
2709,Debit Card,207.5,65.39,272.89
2710,PayPal,2470.3,36.39,2506.69
2711,Debit Card,166.0,94.95,260.95
2712,Cash,2373.57,57.13,2430.7
2713,Credit Card,1976.24,0.0,1976.24
2716,"Debit Card, PayPal",2904.16,82.39,2986.55
2718,Debit Card,1689.66,74.8,1764.46
2719,Нет завершённых покупок,0.0,0.0,0.0
2720,Credit Card,20.75,44.16,64.91
2721,Credit Card,166.0,28.8,194.8
2722,Credit Card,1391.88,79.48,1471.36
2724,Cash,494.06,67.93,561.99
2726,Cash,2470.3,44.36,2514.66
2727,Debit Card,6329.52,0.0,6329.52
2728,PayPal,1235.15,31.95,1267.1
2730,Нет завершённых покупок,0.0,0.0,0.0
2731,Debit Card,1812.21,52.26,1864.47
2732,"Credit Card, Debit Card, PayPal",14258.37,145.54,14403.91
2734,Debit Card,1391.88,82.31,1474.19
2735,Cash,1689.66,20.56,1710.22
2736,Credit Card,8448.3,82.92,8531.22
2738,Нет завершённых покупок,0.0,0.0,0.0
2739,Debit Card,6329.52,64.57,6394.09
2740,Нет завершённых покупок,0.0,0.0,0.0
2741,"Cash, Debit Card",166.0,0.0,166.0
2742,PayPal,1729.21,0.0,1729.21
2745,"Cash, Credit Card",4018.91,45.08,4063.99
2746,Нет завершённых покупок,0.0,0.0,0.0
2748,Нет завершённых покупок,0.0,0.0,0.0
2749,PayPal,1855.84,84.47,1940.31
2750,"Cash, Debit Card, PayPal",10826.16,162.94,10989.1
2751,Debit Card,4224.15,85.46,4309.61
2753,Нет завершённых покупок,0.0,0.0,0.0
2755,Cash,6329.52,5.58,6335.1
2756,Credit Card,3164.76,20.41,3185.17
2759,Debit Card,186.75,75.65,262.4
2761,Нет завершённых покупок,0.0,0.0,0.0
2762,"Cash, Debit Card",10446.39,93.39,10539.78
2764,Debit Card,1391.88,0.0,1391.88
2765,Debit Card,3379.32,74.74,3454.06
2766,Credit Card,124.5,62.6,187.1
2767,PayPal,207.5,25.96,233.46
2770,Debit Card,14885.1,38.87,14923.97
2773,Credit Card,7603.47,0.0,7603.47
2776,Debit Card,2470.3,93.67,2563.97
2778,Credit Card,3268.51,0.0,3268.51
2781,Cash,6758.64,0.0,6758.64
2782,Cash,83.0,45.89,128.89
2783,Credit Card,3955.95,13.44,3969.39
2784,Cash,2470.3,20.64,2490.94
2785,Credit Card,5068.98,33.88,5102.86
2786,"Debit Card, PayPal",865.59,92.33,957.92
2787,Credit Card,463.96,64.74,528.7
2789,PayPal,4452.77,133.25,4586.02
2791,Credit Card,124.5,37.89,162.39
2792,PayPal,3164.76,0.0,3164.76
2795,"Debit Card, PayPal",2767.43,100.84,2868.27
2796,Credit Card,1391.88,65.03,1456.91
2797,"Credit Card, PayPal",7804.36,43.71,7848.07
2800,"Credit Card, PayPal",11398.24,119.24,11517.48
2801,Нет завершённых покупок,0.0,0.0,0.0
2802,"Cash, Credit Card",186.75,31.25,218.0
2803,Debit Card,5538.33,58.12,5596.45
2805,Нет завершённых покупок,0.0,0.0,0.0
2806,Нет завершённых покупок,0.0,0.0,0.0
2807,Debit Card,62.25,23.28,85.53
2808,PayPal,207.5,29.11,236.61
2810,PayPal,247.03,127.17,374.2
2811,Debit Card,166.0,33.82,199.82
2813,Нет завершённых покупок,0.0,0.0,0.0
2814,Credit Card,5913.81,43.51,5957.32
2815,Нет завершённых покупок,0.0,0.0,0.0
2816,Debit Card,1749.96,110.33,1860.29
2817,"Cash, Credit Card",7367.74,83.65,7451.39
2819,Debit Card,2373.57,0.0,2373.57
2821,"Credit Card, Debit Card",4279.39,126.16,4405.55
2822,PayPal,166.0,40.03,206.03
2825,PayPal,1482.18,76.66,1558.84
2826,Credit Card,988.12,0.0,988.12
2827,Нет завершённых покупок,0.0,0.0,0.0
2828,Cash,247.03,94.96,341.99
2829,Нет завершённых покупок,0.0,0.0,0.0
2831,Нет завершённых покупок,0.0,0.0,0.0
2836,PayPal,2319.8,0.0,2319.8
2837,Нет завершённых покупок,0.0,0.0,0.0
2838,Credit Card,3379.32,73.93,3453.25
2839,Debit Card,186.75,53.86,240.61
2840,Cash,5538.33,48.36,5586.69
2841,"Cash, Credit Card",4847.1,114.1,4961.2
2842,Debit Card,20.75,71.19,91.94
2846,"Debit Card, PayPal",4300.14,73.4,4373.54
2847,Cash,741.09,0.0,741.09
2848,Debit Card,4778.51,270.09,5048.6
2849,Debit Card,5538.33,44.03,5582.36
2850,PayPal,2783.76,28.21,2811.97
2851,Нет завершённых покупок,0.0,0.0,0.0
2852,"Credit Card, Debit Card",3765.45,98.41,3863.86
2855,"Cash, Credit Card, Debit Card, PayPal",8138.06,29.59,8167.65
2856,Нет завершённых покупок,0.0,0.0,0.0
2857,Нет завершённых покупок,0.0,0.0,0.0
2859,Cash,5103.56,87.43,5190.99
2860,Нет завершённых покупок,0.0,0.0,0.0
2861,Cash,4080.45,12.6,4093.05
2863,Debit Card,1855.84,0.0,1855.84
2864,Нет завершённых покупок,0.0,0.0,0.0
2865,Нет завершённых покупок,0.0,0.0,0.0
2871,Credit Card,927.92,24.9,952.82
2873,Нет завершённых покупок,0.0,0.0,0.0
2874,PayPal,4701.85,165.41,4867.26
2875,Debit Card,83.0,40.39,123.39
2878,Cash,844.83,118.26,963.09
2879,Debit Card,11213.26,60.74,11274.0
2880,Credit Card,6329.52,73.27,6402.79
2881,PayPal,3247.72,37.44,3285.16
2882,Debit Card,3711.68,82.53,3794.21
2884,"Debit Card, PayPal",7761.6,123.01,7884.61
2886,Нет завершённых покупок,0.0,0.0,0.0
2887,Нет завершённых покупок,0.0,0.0,0.0
2888,Credit Card,145.25,52.19,197.44
2889,"Debit Card, PayPal",4229.41,70.1,4299.51
2890,Нет завершённых покупок,0.0,0.0,0.0
2892,Credit Card,5068.98,0.0,5068.98
2893,Нет завершённых покупок,0.0,0.0,0.0
2894,PayPal,1482.18,100.31,1582.49
2895,"Cash, Credit Card",9250.01,204.16,9454.17
2896,Credit Card,2470.3,42.83,2513.13
2897,Cash,13034.52,106.01,13140.53
2898,PayPal,3955.95,5.81,3961.76
2900,Debit Card,124.5,36.51,161.01
2901,Credit Card,186.75,23.44,210.19
2902,Debit Card,463.96,46.39,510.35
2903,Debit Card,124.5,119.87,244.37
2904,Нет завершённых покупок,0.0,0.0,0.0
2906,Credit Card,41.5,70.97,112.47
2907,Cash,6758.64,0.0,6758.64
2909,Нет завершённых покупок,0.0,0.0,0.0
2910,PayPal,2223.27,35.22,2258.49
2911,PayPal,145.25,85.14,230.39
2912,Нет завершённых покупок,0.0,0.0,0.0
2914,Нет завершённых покупок,0.0,0.0,0.0
2915,PayPal,247.03,43.99,291.02
2916,Cash,3732.34,172.6,3904.94
2917,Cash,166.0,69.24,235.24
2919,"Cash, PayPal",1285.25,125.39,1410.64
2921,"Cash, Debit Card",7388.91,80.93,7469.84
2922,Debit Card,14928.06,145.2,15073.26
2923,Credit Card,2319.8,54.98,2374.78
2924,Credit Card,3379.32,28.86,3408.18
2926,Cash,1391.88,0.0,1391.88
2927,"Debit Card, PayPal",7564.67,45.32,7609.99
2928,PayPal,5068.98,56.46,5125.44
2930,Нет завершённых покупок,0.0,0.0,0.0
2933,Нет завершённых покупок,0.0,0.0,0.0
2935,PayPal,4224.15,22.79,4246.94
2936,"Cash, PayPal",4244.9,112.03,4356.93
2938,Нет завершённых покупок,0.0,0.0,0.0
2943,PayPal,83.0,45.77,128.77
2945,"Credit Card, PayPal",6945.39,112.56,7057.95
2947,PayPal,5068.98,35.79,5104.77
2952,Cash,5538.33,95.96,5634.29
2953,"Debit Card, PayPal",13517.28,92.86,13610.14
2954,Нет завершённых покупок,0.0,0.0,0.0
2955,Credit Card,1482.18,130.35,1612.53
2956,Cash,1235.15,65.11,1300.26
2959,Credit Card,14112.29,159.0,14271.29
2960,Credit Card,5913.81,9.57,5923.38
2961,Нет завершённых покупок,0.0,0.0,0.0
2962,Credit Card,8799.82,21.14,8820.96
2964,Credit Card,3379.32,16.4,3395.72
2965,Нет завершённых покупок,0.0,0.0,0.0
2966,Нет завершённых покупок,0.0,0.0,0.0
2967,Cash,5913.81,66.19,5980.0
2968,PayPal,5068.98,41.32,5110.3
2969,Debit Card,5913.81,0.0,5913.81
2970,Cash,6329.52,27.21,6356.73
2971,"Credit Card, Debit Card",9024.93,38.84,9063.77
2973,PayPal,4175.64,75.68,4251.32
2974,"Credit Card, Debit Card, PayPal",2572.46,117.29,2689.75
2976,"Cash, PayPal",5068.98,136.52,5205.5
2978,Debit Card,2470.3,9.74,2480.04
2980,Credit Card,4175.64,72.74,4248.38
2981,PayPal,1391.88,73.52,1465.4
2982,PayPal,1729.21,0.0,1729.21
2983,Нет завершённых покупок,0.0,0.0,0.0
2984,Credit Card,10735.34,145.47,10880.81
2986,Нет завершённых покупок,0.0,0.0,0.0
2987,Нет завершённых покупок,0.0,0.0,0.0
2989,"Cash, Debit Card",3247.72,88.21,3335.93
2991,"Credit Card, PayPal",8158.93,0.0,8158.93
2993,"Credit Card, Debit Card",4049.01,85.16,4134.17
2995,Credit Card,207.5,0.0,207.5
2996,"Cash, PayPal",14362.11,79.73,14441.84
2997,PayPal,4639.6,24.93,4664.53
2998,Нет завершённых покупок,0.0,0.0,0.0
2999,Нет завершённых покупок,0.0,0.0,0.0
3000,Credit Card,1482.18,0.0,1482.18
3001,Нет завершённых покупок,0.0,0.0,0.0
3003,Debit Card,988.12,0.0,988.12
3004,Debit Card,1689.66,14.76,1704.42
3005,Нет завершённых покупок,0.0,0.0,0.0
3007,Debit Card,4224.15,62.33,4286.48
3010,Нет завершённых покупок,0.0,0.0,0.0
3012,Нет завершённых покупок,0.0,0.0,0.0
3013,Cash,62.25,0.0,62.25
3014,Cash,1689.66,33.44,1723.1
3017,Credit Card,5538.33,93.97,5632.3
3019,Debit Card,5068.98,0.0,5068.98
3020,Cash,1482.18,0.0,1482.18
3021,"Credit Card, PayPal",4826.35,52.19,4878.54
3023,Debit Card,4639.6,0.0,4639.6
3024,PayPal,1482.18,16.4,1498.58
3026,PayPal,166.0,0.0,166.0
3027,Нет завершённых покупок,0.0,0.0,0.0
3029,Credit Card,3379.32,104.8,3484.12
3030,Cash,83.0,24.34,107.34
3031,Cash,3164.76,92.93,3257.69
3032,Cash,247.03,0.0,247.03
3035,Cash,4175.64,98.89,4274.53
3037,PayPal,2534.49,92.34,2626.83
3038,PayPal,7120.71,41.19,7161.9
3039,"Cash, PayPal",7120.71,45.99,7166.7
3040,Cash,741.09,61.69,802.78
3041,Debit Card,20.75,77.15,97.9
3042,Нет завершённых покупок,0.0,0.0,0.0
3043,Debit Card,13596.15,201.44,13797.59
3044,Нет завершённых покупок,0.0,0.0,0.0
3048,Cash,4747.14,57.62,4804.76
3050,Нет завершённых покупок,0.0,0.0,0.0
3051,PayPal,2534.49,23.08,2557.57
3053,PayPal,1235.15,0.0,1235.15
3054,PayPal,4639.6,104.71,4744.31
3056,Credit Card,62.25,100.44,162.69
3057,Нет завершённых покупок,0.0,0.0,0.0
3058,Cash,124.5,0.0,124.5
3059,Нет завершённых покупок,0.0,0.0,0.0
3062,Debit Card,5068.98,18.37,5087.35
3066,Debit Card,988.12,49.23,1037.35
3069,PayPal,1689.66,99.79,1789.45
3071,Debit Card,2319.8,0.0,2319.8
3072,Credit Card,1582.38,0.0,1582.38
3074,Нет завершённых покупок,0.0,0.0,0.0
3076,Нет завершённых покупок,0.0,0.0,0.0
3077,PayPal,988.12,0.0,988.12
3078,Нет завершённых покупок,0.0,0.0,0.0
3080,Credit Card,1391.88,0.0,1391.88
3082,Нет завершённых покупок,0.0,0.0,0.0
3083,Debit Card,2534.49,12.09,2546.58
3085,"Cash, Credit Card",12243.07,169.57,12412.64
3086,Debit Card,4747.14,0.0,4747.14
3091,"Cash, PayPal",1946.14,101.22,2047.36
3092,Нет завершённых покупок,0.0,0.0,0.0
3093,Cash,927.92,22.11,950.03
3094,Credit Card,166.0,0.0,166.0
3096,PayPal,2223.27,43.65,2266.92
3098,Cash,103.75,20.95,124.7
3100,PayPal,1235.15,33.32,1268.47
3101,PayPal,1976.24,0.0,1976.24
3102,Нет завершённых покупок,0.0,0.0,0.0
3103,Debit Card,7120.71,87.32,7208.03
3104,Debit Card,10285.47,173.67,10459.14
3105,Credit Card,2373.57,0.0,2373.57
3110,PayPal,4175.64,6.5,4182.14
3113,Debit Card,83.0,0.0,83.0
3114,Нет завершённых покупок,0.0,0.0,0.0
3116,Debit Card,1482.18,14.55,1496.73
3117,Credit Card,6758.64,28.26,6786.9
3118,Credit Card,4747.14,82.79,4829.93
3121,Credit Card,7603.47,0.0,7603.47
3122,Нет завершённых покупок,0.0,0.0,0.0
3123,Debit Card,5068.98,24.17,5093.15
3125,Debit Card,2183.74,208.95,2392.69
3126,Cash,1729.21,49.53,1778.74
3127,Нет завершённых покупок,0.0,0.0,0.0
3128,PayPal,6549.21,98.33,6647.54
3129,PayPal,3164.76,130.01,3294.77
3132,"Credit Card, PayPal",1031.67,37.66,1069.33
3133,Debit Card,2783.76,0.0,2783.76
3135,"Cash, Credit Card",5318.25,158.03,5476.28
3136,Debit Card,166.0,71.82,237.82
3137,Debit Card,3379.32,52.46,3431.78
3139,Debit Card,6758.64,73.85,6832.49
3141,Нет завершённых покупок,0.0,0.0,0.0
3142,Credit Card,62.25,53.77,116.02
3143,PayPal,1391.88,0.0,1391.88
3144,Credit Card,4286.4,74.21,4360.61
3145,Debit Card,844.83,41.35,886.18
3146,Credit Card,20.75,38.64,59.39
3147,PayPal,844.83,0.0,844.83
3148,Credit Card,2319.8,25.53,2345.33
3152,Нет завершённых покупок,0.0,0.0,0.0
3154,Debit Card,4224.15,73.28,4297.43
3157,Cash,207.5,51.26,258.76
3158,"Cash, Debit Card",290.5,14.19,304.69
3161,Cash,1729.21,53.68,1782.89
3162,Нет завершённых покупок,0.0,0.0,0.0
3163,Cash,1235.15,88.75,1323.9
3165,Credit Card,1855.84,87.43,1943.27
3166,Debit Card,4639.6,122.32,4761.92
3167,Нет завершённых покупок,0.0,0.0,0.0
3168,Cash,41.5,48.63,90.13
3169,Credit Card,1729.21,12.26,1741.47
3170,"Cash, Credit Card",4300.14,148.37,4448.51
3171,Нет завершённых покупок,0.0,0.0,0.0
3172,Cash,83.0,57.18,140.18
3174,Cash,166.0,37.37,203.37
3175,Credit Card,5910.28,30.87,5941.15
3176,PayPal,2319.8,26.78,2346.58
3178,Credit Card,7911.9,21.13,7933.03
3183,Cash,7120.71,101.45,7222.16
3186,"Credit Card, PayPal",6032.39,65.96,6098.35
3188,Debit Card,1976.24,72.88,2049.12
3191,Debit Card,8448.3,63.17,8511.47
3194,"Cash, Credit Card",4556.64,165.63,4722.27
3197,PayPal,6758.64,19.38,6778.02
3198,Cash,186.75,81.64,268.39
3199,"Cash, Credit Card, PayPal",1176.92,167.93,1344.85
3201,Нет завершённых покупок,0.0,0.0,0.0
3203,Нет завершённых покупок,0.0,0.0,0.0
3205,Debit Card,3277.82,0.0,3277.82
3207,Debit Card,8489.8,102.26,8592.06
3208,Debit Card,8448.3,39.94,8488.24
3209,"Cash, Debit Card",969.42,40.09,1009.51
3210,Credit Card,3955.95,71.34,4027.29
3211,Debit Card,145.25,90.06,235.31
3213,Debit Card,988.12,23.06,1011.18
3214,Cash,2319.8,113.63,2433.43
3216,Debit Card,463.96,35.78,499.74
3217,Cash,2223.27,17.71,2240.98
3219,Debit Card,791.19,9.78,800.97
3222,Debit Card,844.83,66.11,910.94
3223,"Credit Card, Debit Card",8137.08,132.54,8269.62
3224,Cash,2783.76,0.0,2783.76
3225,"Credit Card, Debit Card",7091.0,33.09,7124.09
3227,Cash,2373.57,116.6,2490.17
3228,Cash,2319.8,97.33,2417.13
3229,Debit Card,5214.23,14.24,5228.47
3230,Cash,41.5,65.95,107.45
3231,Debit Card,7554.96,53.91,7608.87
3232,Cash,1235.15,44.25,1279.4
3236,PayPal,2783.76,0.0,2783.76
3238,Debit Card,3711.68,13.09,3724.77
3239,Cash,7911.9,22.54,7934.44
3243,PayPal,6758.64,12.07,6770.71
3244,Нет завершённых покупок,0.0,0.0,0.0
3245,Нет завершённых покупок,0.0,0.0,0.0
3246,Cash,1482.18,0.0,1482.18
3248,Credit Card,124.5,32.44,156.94
3249,PayPal,4639.6,27.84,4667.44
3251,"Cash, PayPal",267.78,108.93,376.71
3253,PayPal,1391.88,0.0,1391.88
3254,Debit Card,62.25,45.11,107.36
3255,Нет завершённых покупок,0.0,0.0,0.0
3256,PayPal,7603.47,0.0,7603.47
3257,Credit Card,463.96,103.76,567.72
3259,Нет завершённых покупок,0.0,0.0,0.0
3260,PayPal,2373.57,95.34,2468.91
3261,Debit Card,41.5,0.0,41.5
3262,PayPal,1235.15,12.66,1247.81
3263,Debit Card,6329.52,15.41,6344.93
3264,"Cash, Debit Card",948.67,142.19,1090.86
3266,Нет завершённых покупок,0.0,0.0,0.0
3267,Debit Card,1391.88,97.35,1489.23
3270,PayPal,7911.9,55.57,7967.47
3271,"Credit Card, PayPal",5704.33,39.26,5743.59
3273,"Credit Card, PayPal",567.71,114.41,682.12
3274,"Credit Card, PayPal",3877.68,160.68,4038.36
3275,Cash,41.5,51.52,93.02
3276,PayPal,1855.84,44.32,1900.16
3277,Debit Card,6329.52,0.0,6329.52
3278,Credit Card,41.5,67.22,108.72
3279,"Cash, Credit Card",832.69,118.49,951.18
3280,PayPal,988.12,109.57,1097.69
3281,PayPal,247.03,130.55,377.58
3282,Credit Card,3711.68,87.26,3798.94
3284,Debit Card,741.09,0.0,741.09
3286,PayPal,2470.3,56.29,2526.59
3287,Cash,166.0,77.51,243.51
3288,Debit Card,124.5,52.84,177.34
3291,Cash,145.25,68.83,214.08
3293,Нет завершённых покупок,0.0,0.0,0.0
3294,Credit Card,1482.18,0.0,1482.18
3296,Нет завершённых покупок,0.0,0.0,0.0
3297,Нет завершённых покупок,0.0,0.0,0.0
3298,PayPal,1855.84,69.66,1925.5
3299,"Credit Card, PayPal",927.84,146.52,1074.36
3301,Debit Card,1976.24,0.0,1976.24
3302,"Debit Card, PayPal",11083.76,126.26,11210.02
3307,Нет завершённых покупок,0.0,0.0,0.0
3309,Debit Card,463.96,0.0,463.96
3311,Debit Card,83.0,0.0,83.0
3312,Debit Card,6329.52,94.54,6424.06
3313,PayPal,2534.49,93.77,2628.26
3314,Debit Card,1729.21,65.91,1795.12
3315,Нет завершённых покупок,0.0,0.0,0.0
3316,Нет завершённых покупок,0.0,0.0,0.0
3317,Cash,494.06,65.26,559.32
3318,Нет завершённых покупок,0.0,0.0,0.0
3320,Credit Card,2223.27,50.69,2273.96
3321,Нет завершённых покупок,0.0,0.0,0.0
3322,"Cash, PayPal",6758.64,143.98,6902.62
3325,"Debit Card, PayPal",2264.77,31.34,2296.11
3326,Нет завершённых покупок,0.0,0.0,0.0
3330,Credit Card,3247.72,21.61,3269.33
3331,PayPal,186.75,0.0,186.75
3333,Credit Card,741.09,0.0,741.09
3334,Credit Card,11237.58,149.06,11386.64
3336,Нет завершённых покупок,0.0,0.0,0.0
3339,Нет завершённых покупок,0.0,0.0,0.0
3340,"Debit Card, PayPal",1812.21,70.31,1882.52
3341,"Cash, Debit Card, PayPal",8212.96,47.21,8260.17
3343,PayPal,3711.68,41.69,3753.37
3344,Нет завершённых покупок,0.0,0.0,0.0
3345,Нет завершённых покупок,0.0,0.0,0.0
3346,PayPal,3164.76,53.99,3218.75
3347,PayPal,5538.33,70.66,5608.99
3348,Нет завершённых покупок,0.0,0.0,0.0
3349,Cash,5255.73,142.72,5398.45
3351,Нет завершённых покупок,0.0,0.0,0.0
3352,Нет завершённых покупок,0.0,0.0,0.0
3353,Debit Card,1689.66,0.0,1689.66
3354,PayPal,7603.47,58.67,7662.14
3359,Debit Card,6627.04,86.63,6713.67
3360,Cash,927.92,0.0,927.92
3362,PayPal,4307.15,127.43,4434.58
3365,"Credit Card, PayPal",6151.88,55.86,6207.74
3367,"Credit Card, Debit Card",1686.13,83.72,1769.85
3368,Нет завершённых покупок,0.0,0.0,0.0
3370,Нет завершённых покупок,0.0,0.0,0.0
3371,Нет завершённых покупок,0.0,0.0,0.0
3372,Credit Card,207.5,54.02,261.52
3373,Debit Card,9235.96,82.91,9318.87
3374,PayPal,2373.57,58.76,2432.33
3375,Нет завершённых покупок,0.0,0.0,0.0
3377,Нет завершённых покупок,0.0,0.0,0.0
3379,Debit Card,41.5,26.69,68.19
3381,Cash,2373.57,0.0,2373.57
3383,Нет завершённых покупок,0.0,0.0,0.0
3385,PayPal,8448.3,22.25,8470.55
3387,Cash,988.12,58.84,1046.96
3388,"Cash, Credit Card",3307.92,130.38,3438.3
3389,Credit Card,4747.14,0.0,4747.14
3390,Credit Card,8838.62,104.69,8943.31
3392,Debit Card,1976.24,0.0,1976.24
3393,"Cash, PayPal",6246.17,0.0,6246.17
3394,"Cash, Debit Card",11827.62,72.59,11900.21
3397,Debit Card,1689.66,58.07,1747.73
3398,Нет завершённых покупок,0.0,0.0,0.0
3400,Cash,4224.15,37.78,4261.93
3402,"Credit Card, PayPal",8810.37,158.73,8969.1
3403,PayPal,5538.33,0.0,5538.33
3404,"Cash, Debit Card",8780.66,77.89,8858.55
3405,PayPal,2470.3,38.84,2509.14
3407,PayPal,3247.72,72.78,3320.5
3408,Нет завершённых покупок,0.0,0.0,0.0
3409,Credit Card,2470.3,68.53,2538.83
3410,Credit Card,20.75,37.29,58.04
3411,Credit Card,844.83,90.73,935.56
3412,"Debit Card, PayPal",9601.56,0.0,9601.56
3413,PayPal,83.0,87.72,170.72
3415,Нет завершённых покупок,0.0,0.0,0.0
3416,Нет завершённых покупок,0.0,0.0,0.0
3417,PayPal,124.5,49.09,173.59
3418,"Credit Card, PayPal",9332.68,53.35,9386.03
3420,Нет завершённых покупок,0.0,0.0,0.0
3421,Credit Card,844.83,0.0,844.83
3422,Нет завершённых покупок,0.0,0.0,0.0
3425,Нет завершённых покупок,0.0,0.0,0.0
3427,Debit Card,8963.12,0.0,8963.12
3430,PayPal,247.03,72.54,319.57
3432,PayPal,1976.24,52.83,2029.07
3433,"Debit Card, PayPal",1895.21,80.78,1975.99
3434,Нет завершённых покупок,0.0,0.0,0.0
3435,PayPal,124.5,18.81,143.31
3440,"Cash, Credit Card, PayPal",1959.41,106.95,2066.36
3442,"Cash, PayPal",7091.0,158.15,7249.15
3443,Credit Card,7120.71,20.01,7140.72
3444,PayPal,3379.32,41.31,3420.63
3445,Нет завершённых покупок,0.0,0.0,0.0
3446,Cash,6758.64,55.27,6813.91
3447,Credit Card,2783.76,51.93,2835.69
3448,Нет завершённых покупок,0.0,0.0,0.0
3449,PayPal,4261.76,100.57,4362.33
3453,"Credit Card, Debit Card",7174.35,66.61,7240.96
3454,Debit Card,166.0,0.0,166.0
3455,Нет завершённых покупок,0.0,0.0,0.0
3458,"Cash, PayPal",761.84,190.56,952.4
3459,Cash,1391.88,45.76,1437.64
3460,"Cash, PayPal",7120.71,49.61,7170.32
3462,PayPal,166.0,15.35,181.35
3464,Credit Card,1235.15,33.67,1268.82
3466,Нет завершённых покупок,0.0,0.0,0.0
3467,Credit Card,2223.27,57.62,2280.89
3469,"Credit Card, Debit Card",3608.72,97.79,3706.51
3471,PayPal,4958.13,41.72,4999.85
3472,Нет завершённых покупок,0.0,0.0,0.0
3474,Cash,1582.38,13.54,1595.92
3475,Credit Card,4175.64,0.0,4175.64
3476,"Cash, PayPal",1523.68,64.18,1587.86
3479,"Debit Card, PayPal",10137.96,48.22,10186.18
3481,Debit Card,6654.9,18.69,6673.59
3484,Cash,2534.49,33.11,2567.6
3486,Нет завершённых покупок,0.0,0.0,0.0
3487,Credit Card,741.09,55.55,796.64
3489,Credit Card,6329.52,27.7,6357.22
3490,Нет завершённых покупок,0.0,0.0,0.0
3494,Нет завершённых покупок,0.0,0.0,0.0
3495,PayPal,7603.47,91.76,7695.23
3496,Credit Card,103.75,0.0,103.75
3499,PayPal,3068.1,181.11,3249.21
3501,Cash,41.5,0.0,41.5
3502,Debit Card,2470.3,85.17,2555.47
3503,Нет завершённых покупок,0.0,0.0,0.0
3505,PayPal,6597.72,162.62,6760.34
3506,Нет завершённых покупок,0.0,0.0,0.0
3507,Нет завершённых покупок,0.0,0.0,0.0
3509,"Credit Card, Debit Card",413.03,49.22,462.25
3510,"Debit Card, PayPal",8703.09,97.67,8800.76
3511,Нет завершённых покупок,0.0,0.0,0.0
3512,Credit Card,247.03,0.0,247.03
3513,PayPal,166.0,75.07,241.07
3515,Нет завершённых покупок,0.0,0.0,0.0
3516,Debit Card,463.96,19.24,483.2
3517,Cash,2513.85,149.3,2663.15
3518,PayPal,2783.76,23.5,2807.26
3519,"Debit Card, PayPal",12672.45,172.84,12845.29
3520,Нет завершённых покупок,0.0,0.0,0.0
3521,Debit Card,166.0,24.88,190.88
3522,Нет завершённых покупок,0.0,0.0,0.0
3523,Debit Card,3711.68,49.53,3761.21
3524,Нет завершённых покупок,0.0,0.0,0.0
3526,Debit Card,494.06,12.87,506.93
3529,Нет завершённых покупок,0.0,0.0,0.0
3531,Credit Card,103.75,15.59,119.34
3533,PayPal,4747.14,0.0,4747.14
3537,Credit Card,4224.15,67.36,4291.51
3538,Cash,5068.98,0.0,5068.98
3539,Credit Card,1582.38,0.0,1582.38
3540,PayPal,9708.58,106.8,9815.38
3542,Credit Card,494.06,78.36,572.42
3543,PayPal,2470.3,47.82,2518.12
3544,Debit Card,5538.33,86.25,5624.58
3546,Нет завершённых покупок,0.0,0.0,0.0
3547,Debit Card,228.25,88.77,317.02
3549,PayPal,1482.18,0.0,1482.18
3551,PayPal,1976.24,47.57,2023.81
3552,"Cash, Credit Card, Debit Card",11065.88,187.02,11252.9
3553,Credit Card,463.96,23.51,487.47
3557,Credit Card,3711.68,0.0,3711.68
3560,"Cash, Debit Card, PayPal",8405.05,138.91,8543.96
3561,Нет завершённых покупок,0.0,0.0,0.0
3562,"Credit Card, PayPal",228.25,98.35,326.6
3563,Credit Card,927.92,0.0,927.92
3564,Cash,927.92,122.19,1050.11
3567,"Cash, Debit Card",3277.82,67.59,3345.41
3568,PayPal,463.96,76.35,540.31
3570,"Cash, PayPal",7307.46,85.48,7392.94
3571,Credit Card,62.25,117.84,180.09
3572,PayPal,2783.76,95.8,2879.56
3574,Debit Card,3711.68,66.2,3777.88
3575,Cash,5913.81,0.0,5913.81
3576,Debit Card,1391.88,0.0,1391.88
3577,Нет завершённых покупок,0.0,0.0,0.0
3579,PayPal,7120.71,114.39,7235.1
3581,Debit Card,927.92,0.0,927.92
3582,Cash,4175.64,55.28,4230.92
3584,Debit Card,988.12,42.97,1031.09
3585,PayPal,741.09,28.74,769.83
3587,"Cash, PayPal",5103.56,63.36,5166.92
3588,Debit Card,2223.27,0.0,2223.27
3589,Нет завершённых покупок,0.0,0.0,0.0
3590,Debit Card,4747.14,27.34,4774.48
3591,Нет завершённых покупок,0.0,0.0,0.0
3592,PayPal,103.75,0.0,103.75
3593,"Credit Card, PayPal",1668.93,34.27,1703.2
3594,Debit Card,844.83,9.08,853.91
3596,Debit Card,741.09,0.0,741.09
3597,"Credit Card, Debit Card",8305.76,82.74,8388.5
3598,PayPal,145.25,55.61,200.86
3599,Cash,2223.27,54.5,2277.77
3602,"Cash, Credit Card",10137.96,65.45,10203.41
3603,Debit Card,166.0,99.49,265.49
3605,Debit Card,791.19,115.04,906.23
3607,Нет завершённых покупок,0.0,0.0,0.0
3608,Нет завершённых покупок,0.0,0.0,0.0
3609,Debit Card,8448.3,0.0,8448.3
3610,Debit Card,988.12,95.39,1083.51
3611,Нет завершённых покупок,0.0,0.0,0.0
3612,"Cash, PayPal",10695.66,82.3,10777.96
3614,Credit Card,2319.8,35.63,2355.43
3615,"Cash, Credit Card, Debit Card",6923.07,125.45,7048.52
3617,PayPal,1729.21,11.8,1741.01
3618,Credit Card,5913.81,60.41,5974.22
3619,"Credit Card, Debit Card",9494.28,112.43,9606.71
3620,Cash,8448.3,40.54,8488.84
3621,PayPal,3960.68,118.71,4079.39
3622,PayPal,2534.49,90.16,2624.65
3623,Cash,2470.3,15.88,2486.18
3624,"Credit Card, Debit Card",4446.54,83.81,4530.35
3626,Debit Card,6412.52,45.76,6458.28
3627,Debit Card,927.92,40.37,968.29
3628,Нет завершённых покупок,0.0,0.0,0.0
3629,PayPal,247.03,39.37,286.4
3630,Cash,927.92,93.51,1021.43
3631,"Cash, Credit Card",3392.97,84.36,3477.33
3633,Credit Card,166.0,82.66,248.66
3634,Cash,4747.14,0.0,4747.14
3635,PayPal,2783.76,0.0,2783.76
3636,PayPal,741.09,86.7,827.79
3637,Credit Card,41.5,0.0,41.5
3638,Нет завершённых покупок,0.0,0.0,0.0
3639,Credit Card,41.5,61.76,103.26
3640,Нет завершённых покупок,0.0,0.0,0.0
3641,Нет завершённых покупок,0.0,0.0,0.0
3642,Credit Card,463.96,70.61,534.57
3644,Нет завершённых покупок,0.0,0.0,0.0
3645,PayPal,5068.98,110.74,5179.72
3646,Нет завершённых покупок,0.0,0.0,0.0
3648,"Debit Card, PayPal",12551.5,143.59,12695.09
3649,Debit Card,5685.16,0.0,5685.16
3654,"Cash, Debit Card, PayPal",11024.58,59.86,11084.44
3655,Нет завершённых покупок,0.0,0.0,0.0
3657,Debit Card,988.12,84.66,1072.78
3658,Credit Card,4893.84,119.66,5013.5
3659,PayPal,4747.14,0.0,4747.14
3660,PayPal,2470.3,26.68,2496.98
3664,Cash,2273.37,66.01,2339.38
3665,Credit Card,927.92,89.44,1017.36
3666,Debit Card,7564.67,6.96,7571.63
3667,Нет завершённых покупок,0.0,0.0,0.0
3668,Debit Card,83.0,32.79,115.79
3669,Нет завершённых покупок,0.0,0.0,0.0
3670,"Cash, Debit Card",1876.41,75.71,1952.12
3671,"Debit Card, PayPal",990.08,58.79,1048.87
3672,Cash,2534.49,89.99,2624.48
3673,PayPal,4224.15,71.09,4295.24
3674,"Cash, Credit Card",3711.68,73.31,3784.99
3675,PayPal,927.92,41.43,969.35
3678,"Cash, Credit Card",1537.13,140.05,1677.18
3679,Debit Card,3164.76,75.94,3240.7
3680,Нет завершённых покупок,0.0,0.0,0.0
3681,"Cash, Debit Card",6959.4,0.0,6959.4
3682,Cash,1235.15,38.45,1273.6
3683,Нет завершённых покупок,0.0,0.0,0.0
3684,Нет завершённых покупок,0.0,0.0,0.0
3686,Debit Card,1391.88,98.75,1490.63
3687,PayPal,1834.93,117.18,1952.11
3688,Нет завершённых покупок,0.0,0.0,0.0
3689,"Cash, Credit Card",6032.39,9.99,6042.38
3690,"Cash, PayPal",3379.32,100.03,3479.35
3691,Credit Card,6758.64,43.81,6802.45
3695,Credit Card,4175.64,0.0,4175.64
3696,"Cash, Credit Card, Debit Card",9932.72,66.83,9999.55
3697,Нет завершённых покупок,0.0,0.0,0.0
3698,"Credit Card, PayPal",5276.48,87.12,5363.6
3701,"Debit Card, PayPal",6179.22,73.43,6252.65
3702,Нет завершённых покупок,0.0,0.0,0.0
3703,PayPal,145.25,65.7,210.95
3704,Нет завершённых покупок,0.0,0.0,0.0
3705,Нет завершённых покупок,0.0,0.0,0.0
3706,Нет завершённых покупок,0.0,0.0,0.0
3708,Debit Card,247.03,0.0,247.03
3709,"Cash, Credit Card",1855.84,99.69,1955.53
3710,Нет завершённых покупок,0.0,0.0,0.0
3711,Credit Card,2319.8,53.6,2373.4
3713,PayPal,16213.08,121.61,16334.69
3716,Debit Card,7911.9,0.0,7911.9
3718,PayPal,2319.8,0.0,2319.8
3719,"Cash, Credit Card, PayPal",1276.65,157.43,1434.08
3720,Нет завершённых покупок,0.0,0.0,0.0
3721,Нет завершённых покупок,0.0,0.0,0.0
3724,"Credit Card, Debit Card",2617.49,55.95,2673.44
3725,Credit Card,3711.68,43.23,3754.91
3727,Debit Card,145.25,42.22,187.47
3728,Нет завершённых покупок,0.0,0.0,0.0
3729,Нет завершённых покупок,0.0,0.0,0.0
3730,Нет завершённых покупок,0.0,0.0,0.0
3731,Credit Card,124.5,0.0,124.5
3732,"Credit Card, PayPal",2575.99,88.94,2664.93
3733,Credit Card,741.09,0.0,741.09
3734,PayPal,5913.81,9.84,5923.65
3736,"Cash, PayPal",6229.32,47.48,6276.8
3737,Cash,5538.33,34.64,5572.97
3738,Debit Card,16689.12,129.93,16819.05
3739,Debit Card,14782.95,56.09,14839.04
3740,Credit Card,3247.72,68.98,3316.7
3742,Нет завершённых покупок,0.0,0.0,0.0
3743,"Credit Card, Debit Card",2470.3,36.35,2506.65
3744,PayPal,5538.33,0.0,5538.33
3747,PayPal,1482.18,0.0,1482.18
3748,Credit Card,494.06,0.0,494.06
3749,Нет завершённых покупок,0.0,0.0,0.0
3750,Credit Card,3164.76,0.0,3164.76
3751,Debit Card,247.03,10.32,257.35
3754,Cash,1582.38,17.74,1600.12
3755,"Cash, Credit Card",2223.27,106.28,2329.55
3756,Нет завершённых покупок,0.0,0.0,0.0
3758,Debit Card,3379.32,55.23,3434.55
3759,Нет завершённых покупок,0.0,0.0,0.0
3760,Cash,988.12,36.44,1024.56
3761,Cash,10915.35,159.84,11075.19
3762,Credit Card,5913.81,32.08,5945.89
3764,"Debit Card, PayPal",1897.34,79.72,1977.06
3765,"Credit Card, Debit Card",4320.89,0.0,4320.89
3766,"Cash, Credit Card",2373.57,157.62,2531.19
3767,Credit Card,103.75,28.39,132.14
3769,Нет завершённых покупок,0.0,0.0,0.0
3770,Нет завершённых покупок,0.0,0.0,0.0
3772,Credit Card,988.12,42.75,1030.87
3775,PayPal,1391.88,49.46,1441.34
3779,Нет завершённых покупок,0.0,0.0,0.0
3780,PayPal,3379.32,37.61,3416.93
3781,Нет завершённых покупок,0.0,0.0,0.0
3782,"Cash, PayPal",309.28,41.47,350.75
3783,"Cash, Credit Card",2520.4,74.02,2594.42
3784,Debit Card,247.03,27.09,274.12
3785,PayPal,463.96,71.57,535.53
3786,Credit Card,3164.76,45.21,3209.97
3787,Debit Card,463.96,73.92,537.88
3790,Нет завершённых покупок,0.0,0.0,0.0
3792,Нет завершённых покупок,0.0,0.0,0.0
3794,Нет завершённых покупок,0.0,0.0,0.0
3795,Нет завершённых покупок,0.0,0.0,0.0
3796,PayPal,4175.64,0.0,4175.64
3797,Credit Card,741.09,48.1,789.19
3799,"Cash, Credit Card, PayPal",1380.4,174.46,1554.86
3800,Debit Card,145.25,40.51,185.76
3801,Debit Card,3843.28,112.63,3955.91
3802,Нет завершённых покупок,0.0,0.0,0.0
3804,PayPal,186.75,72.14,258.89
3805,Cash,124.5,0.0,124.5
3806,"Credit Card, Debit Card",4784.85,91.78,4876.63
3807,Нет завершённых покупок,0.0,0.0,0.0
3808,Debit Card,41.5,40.44,81.94
3809,PayPal,791.19,116.12,907.31
3810,Credit Card,7748.72,79.42,7828.14
3811,Credit Card,5666.36,137.03,5803.39
3812,Credit Card,62.25,41.1,103.35
3813,PayPal,927.92,96.68,1024.6
3815,Нет завершённых покупок,0.0,0.0,0.0
3816,Credit Card,9343.98,81.74,9425.72
3818,Нет завершённых покупок,0.0,0.0,0.0
3820,PayPal,186.75,106.55,293.3
3822,"Cash, Credit Card, PayPal",1855.66,163.22,2018.88
3826,Нет завершённых покупок,0.0,0.0,0.0
3830,Credit Card,3705.45,84.4,3789.85
3832,Нет завершённых покупок,0.0,0.0,0.0
3833,Нет завершённых покупок,0.0,0.0,0.0
3836,Нет завершённых покупок,0.0,0.0,0.0
3837,Нет завершённых покупок,0.0,0.0,0.0
3838,Credit Card,988.12,55.92,1044.04
3841,Credit Card,5913.81,74.08,5987.89
3842,PayPal,1689.66,33.27,1722.93
3845,Нет завершённых покупок,0.0,0.0,0.0
3846,Debit Card,463.96,78.11,542.07
3847,Cash,8448.3,37.39,8485.69
3848,PayPal,463.96,99.84,563.8
3849,Debit Card,3503.82,0.0,3503.82
3850,Cash,3247.72,28.81,3276.53
3852,Credit Card,4224.15,10.98,4235.13
3853,PayPal,11319.47,244.88,11564.35
3854,Нет завершённых покупок,0.0,0.0,0.0
3855,PayPal,124.5,64.54,189.04
3856,"Credit Card, Debit Card",1285.25,117.64,1402.89
3857,Cash,791.19,23.08,814.27
3858,Нет завершённых покупок,0.0,0.0,0.0
3860,"Credit Card, PayPal",2102.87,199.87,2302.74
3862,Cash,1729.21,71.65,1800.86
3864,Cash,247.03,97.22,344.25
3867,Credit Card,6329.52,31.76,6361.28
3868,"Cash, Credit Card",2306.27,99.05,2405.32
3869,PayPal,6758.64,36.93,6795.57
3870,Credit Card,4639.6,0.0,4639.6
3872,Нет завершённых покупок,0.0,0.0,0.0
3876,Нет завершённых покупок,0.0,0.0,0.0
3877,Cash,186.75,34.7,221.45
3878,Нет завершённых покупок,0.0,0.0,0.0
3879,Debit Card,1976.24,0.0,1976.24
3881,"Credit Card, Debit Card",2677.8,122.58,2800.38
3883,Нет завершённых покупок,0.0,0.0,0.0
3884,"Cash, Debit Card",4446.54,136.71,4583.25
3887,Credit Card,1391.88,84.8,1476.68
3888,Credit Card,1689.66,91.39,1781.05
3889,Credit Card,62.25,91.05,153.3
3890,Cash,7120.71,29.94,7150.65
3891,"Cash, PayPal",1814.16,106.72,1920.88
3892,"Cash, Credit Card",15032.61,63.57,15096.18
3893,Debit Card,3379.32,49.48,3428.8
3894,Debit Card,844.83,78.04,922.87
3895,Нет завершённых покупок,0.0,0.0,0.0
3896,Cash,2319.8,51.29,2371.09
3897,Debit Card,4130.2,83.0,4213.2
3898,Нет завершённых покупок,0.0,0.0,0.0
3899,Credit Card,844.83,70.55,915.38
3900,Нет завершённых покупок,0.0,0.0,0.0
3901,Cash,1729.21,17.66,1746.87
3903,Credit Card,2470.3,0.0,2470.3
3904,Нет завершённых покупок,0.0,0.0,0.0
3905,PayPal,1855.84,0.0,1855.84
3906,Credit Card,6758.64,51.09,6809.73
3907,Debit Card,2534.49,0.0,2534.49
3908,Credit Card,4639.6,0.0,4639.6
3909,Credit Card,20.75,0.0,20.75
3911,Нет завершённых покупок,0.0,0.0,0.0
3913,PayPal,5913.81,0.0,5913.81
3914,Cash,5133.66,46.94,5180.6
3916,Credit Card,62.25,57.28,119.53
3919,PayPal,207.5,9.22,216.72
3920,"Cash, Debit Card",8405.96,51.71,8457.67
3921,Cash,8448.3,0.0,8448.3
3922,"Cash, PayPal",1031.67,104.11,1135.78
3923,Debit Card,3247.72,104.01,3351.73
3924,PayPal,7790.22,82.78,7873.0
3925,PayPal,41.5,25.26,66.76
3926,Debit Card,7120.71,34.15,7154.86
3928,"Credit Card, Debit Card",8780.66,158.67,8939.33
3929,Cash,2534.49,0.0,2534.49
3932,Debit Card,145.25,0.0,145.25
3934,Credit Card,4747.14,28.71,4775.85
3938,Cash,3164.76,85.74,3250.5
3941,PayPal,186.75,102.96,289.71
3942,Debit Card,2319.8,0.0,2319.8
3943,PayPal,62.25,39.97,102.22
3946,"Credit Card, Debit Card",3309.97,61.51,3371.48
3947,Cash,8448.3,0.0,8448.3
3948,Нет завершённых покупок,0.0,0.0,0.0
3949,Нет завершённых покупок,0.0,0.0,0.0
3950,Credit Card,791.19,0.0,791.19
3951,PayPal,247.03,0.0,247.03
3952,Cash,7603.47,10.26,7613.73
3955,Debit Card,103.75,36.53,140.28
3957,Нет завершённых покупок,0.0,0.0,0.0
3960,PayPal,5068.98,85.42,5154.4
3961,"Cash, Debit Card",8394.66,47.11,8441.77
3965,Нет завершённых покупок,0.0,0.0,0.0
3967,Debit Card,247.03,112.91,359.94
3968,Нет завершённых покупок,0.0,0.0,0.0
3970,Cash,7911.9,0.0,7911.9
3971,Cash,13088.16,0.0,13088.16
3972,"Cash, PayPal",269.75,30.24,299.99
3975,Cash,4747.14,50.82,4797.96
3976,Debit Card,463.96,76.22,540.18
3978,Debit Card,5068.98,76.09,5145.07
3979,Нет завершённых покупок,0.0,0.0,0.0
3981,Cash,7911.9,36.46,7948.36
3982,PayPal,7622.37,149.58,7771.95
3983,Debit Card,1729.21,93.55,1822.76
3984,PayPal,6329.52,59.98,6389.5
3985,"Cash, Credit Card",4326.14,172.37,4498.51
3986,Нет завершённых покупок,0.0,0.0,0.0
3987,Нет завершённых покупок,0.0,0.0,0.0
3989,Debit Card,494.06,89.84,583.9
3990,Нет завершённых покупок,0.0,0.0,0.0
3991,PayPal,8048.63,68.31,8116.94
3992,Credit Card,494.06,0.0,494.06
3994,Cash,4639.6,51.32,4690.92
3995,Нет завершённых покупок,0.0,0.0,0.0
3996,PayPal,7317.64,168.1,7485.74
3997,Cash,3955.95,6.72,3962.67
3998,Debit Card,1855.84,62.38,1918.22
3999,Credit Card,1689.66,66.4,1756.06
4000,Debit Card,2470.3,83.44,2553.74
4001,Cash,1308.8,95.25,1404.05
4002,Нет завершённых покупок,0.0,0.0,0.0
4003,PayPal,4224.15,30.99,4255.14
4004,Cash,3955.95,21.43,3977.38
4005,Нет завершённых покупок,0.0,0.0,0.0
4006,Нет завершённых покупок,0.0,0.0,0.0
4008,Debit Card,741.09,30.04,771.13
4009,PayPal,103.75,86.75,190.5
4012,PayPal,6758.64,77.33,6835.97
4013,Debit Card,3711.68,0.0,3711.68
4014,Credit Card,791.19,0.0,791.19
4015,Credit Card,5538.33,0.0,5538.33
4016,Cash,2470.3,97.18,2567.48
4017,"Cash, PayPal",6901.93,67.74,6969.67
4018,Cash,2373.57,59.51,2433.08
4019,Debit Card,463.96,87.88,551.84
4020,Нет завершённых покупок,0.0,0.0,0.0
4021,"Credit Card, PayPal",7148.96,0.0,7148.96
4022,Credit Card,4175.64,87.91,4263.55
4025,Cash,2319.8,0.0,2319.8
4026,PayPal,83.0,0.0,83.0
4028,Debit Card,1391.88,12.45,1404.33
4029,PayPal,103.75,25.04,128.79
4030,Debit Card,3247.72,20.68,3268.4
4031,Debit Card,7603.47,45.91,7649.38
4034,Нет завершённых покупок,0.0,0.0,0.0
4036,Debit Card,3164.76,83.19,3247.95
4037,Cash,1976.24,0.0,1976.24
4038,"Cash, Credit Card",3438.22,23.57,3461.79
4039,Debit Card,7603.47,0.0,7603.47
4041,Cash,2470.3,38.35,2508.65
4044,Credit Card,9394.08,111.13,9505.21
4045,Cash,927.92,45.51,973.43
4046,Cash,1482.18,0.0,1482.18
4047,"Cash, Credit Card",166.0,75.06,241.06
4048,Cash,2223.27,20.54,2243.81
4049,PayPal,1235.15,79.39,1314.54
4051,Debit Card,1391.88,0.0,1391.88
4052,Cash,2319.8,81.1,2400.9
4054,Debit Card,124.5,83.13,207.63
4055,Нет завершённых покупок,0.0,0.0,0.0
4056,Нет завершённых покупок,0.0,0.0,0.0
4060,Нет завершённых покупок,0.0,0.0,0.0
4061,Credit Card,2543.94,135.39,2679.33
4064,"Cash, Credit Card",977.94,33.19,1011.13
4066,Credit Card,20.75,23.48,44.23
4070,Cash,12740.93,192.57,12933.5
4071,Debit Card,207.5,80.91,288.41
4074,Нет завершённых покупок,0.0,0.0,0.0
4075,Cash,5068.98,69.7,5138.68
4077,Cash,1976.24,0.0,1976.24
4078,Нет завершённых покупок,0.0,0.0,0.0
4079,"Cash, PayPal",2100.74,91.95,2192.69
4080,Credit Card,2783.76,35.64,2819.4
4081,Cash,166.0,0.0,166.0
4082,Debit Card,3247.72,80.7,3328.42
4083,Нет завершённых покупок,0.0,0.0,0.0
4085,PayPal,6329.52,39.94,6369.46
4087,Нет завершённых покупок,0.0,0.0,0.0
4089,"Cash, Debit Card",3585.05,30.5,3615.55
4090,PayPal,1050.37,108.76,1159.13
4092,Cash,124.5,0.0,124.5
4093,"Cash, Credit Card",8405.96,95.89,8501.85
4094,Нет завершённых покупок,0.0,0.0,0.0
4095,Debit Card,2717.33,59.39,2776.72
4098,PayPal,494.06,0.0,494.06
4099,"Credit Card, PayPal",4265.94,94.85,4360.79
4101,Нет завершённых покупок,0.0,0.0,0.0
4104,Нет завершённых покупок,0.0,0.0,0.0
4109,Credit Card,4681.01,182.07,4863.08
4111,"Cash, PayPal",4892.39,78.31,4970.7
4113,Debit Card,145.25,31.63,176.88
4114,Credit Card,927.92,51.11,979.03
4116,Credit Card,124.5,75.8,200.3
4117,Cash,2223.27,114.89,2338.16
4119,Debit Card,41.5,0.0,41.5
4120,Credit Card,207.5,0.0,207.5
4121,PayPal,791.19,31.71,822.9
4122,"Cash, Debit Card",6059.06,19.12,6078.18
4123,"Cash, Credit Card",4850.89,92.87,4943.76
4124,PayPal,3247.72,78.98,3326.7
4125,Debit Card,13345.77,70.24,13416.01
4126,Credit Card,3955.95,95.14,4051.09
4129,"Credit Card, PayPal",9293.13,41.68,9334.81
4130,Нет завершённых покупок,0.0,0.0,0.0
4132,Debit Card,927.92,0.0,927.92
4133,Credit Card,5068.98,42.24,5111.22
4134,"Credit Card, PayPal",824.09,90.29,914.38
4136,Credit Card,3955.95,0.0,3955.95
4137,Cash,4669.7,60.22,4729.92
4140,Credit Card,1855.84,42.75,1898.59
4141,PayPal,5538.33,0.0,5538.33
4143,PayPal,1391.88,20.52,1412.4
4144,Cash,6329.52,16.61,6346.13
4146,PayPal,83.0,83.84,166.84
4147,"Credit Card, Debit Card",2142.24,95.99,2238.23
4148,Credit Card,247.03,77.65,324.68
4150,Нет завершённых покупок,0.0,0.0,0.0
4151,"Debit Card, PayPal",269.75,0.0,269.75
4152,PayPal,2470.3,81.87,2552.17
4155,Credit Card,5068.98,30.63,5099.61
4157,PayPal,145.25,74.31,219.56
4159,Credit Card,1582.38,84.96,1667.34
4160,Cash,2677.8,99.37,2777.17
4161,Нет завершённых покупок,0.0,0.0,0.0
4162,Cash,3794.68,112.16,3906.84
4163,Нет завершённых покупок,0.0,0.0,0.0
4164,PayPal,5538.33,47.86,5586.19
4165,Debit Card,1976.24,81.12,2057.36
4166,Credit Card,1391.88,80.32,1472.2
4167,Debit Card,791.19,129.32,920.51
4168,Нет завершённых покупок,0.0,0.0,0.0
4169,PayPal,1582.38,0.0,1582.38
4170,Нет завершённых покупок,0.0,0.0,0.0
4172,"Cash, PayPal",7911.9,85.12,7997.02
4173,Credit Card,1855.84,80.43,1936.27
4174,PayPal,2223.27,66.05,2289.32
4178,Debit Card,1855.84,0.0,1855.84
4182,"Cash, Credit Card",2100.74,167.53,2268.27
4183,PayPal,1855.84,100.18,1956.02
4184,PayPal,62.25,0.0,62.25
4185,PayPal,3247.72,101.31,3349.03
4188,PayPal,62.25,45.16,107.41
4189,Cash,1482.18,81.35,1563.53
4192,Debit Card,15244.23,215.33,15459.56
4193,Credit Card,2534.49,88.64,2623.13
4195,"Cash, Debit Card, PayPal",7328.21,232.24,7560.45
4196,Cash,8448.3,88.32,8536.62
4197,PayPal,3379.32,0.0,3379.32
4203,PayPal,988.12,50.54,1038.66
4204,Нет завершённых покупок,0.0,0.0,0.0
4205,Cash,927.92,0.0,927.92
4206,Cash,62.25,71.12,133.37
4207,"Cash, Credit Card",269.75,71.95,341.7
4208,Cash,8255.66,91.76,8347.42
4209,"Cash, Debit Card, PayPal",6163.21,159.95,6323.16
4210,Cash,3164.76,0.0,3164.76
4211,Нет завершённых покупок,0.0,0.0,0.0
4213,PayPal,7603.47,0.0,7603.47
4215,Debit Card,41.5,71.5,113.0
4216,Cash,4747.14,0.0,4747.14
4219,"Credit Card, Debit Card",2658.99,0.0,2658.99
4220,Нет завершённых покупок,0.0,0.0,0.0
4222,PayPal,7603.47,10.56,7614.03
4223,PayPal,7911.9,68.75,7980.65
4224,Credit Card,15691.54,445.6,16137.14
4225,Нет завершённых покупок,0.0,0.0,0.0
4226,Нет завершённых покупок,0.0,0.0,0.0
4227,"Credit Card, Debit Card",7120.71,72.29,7193.0
4228,PayPal,7603.47,105.5,7708.97
4229,Нет завершённых покупок,0.0,0.0,0.0
4231,"Cash, Credit Card",7911.9,111.85,8023.75
4232,Cash,463.96,48.45,512.41
4234,PayPal,186.75,118.2,304.95
4235,Credit Card,2783.76,81.67,2865.43
4236,Credit Card,7624.22,175.19,7799.41
4237,Нет завершённых покупок,0.0,0.0,0.0
4238,PayPal,7603.47,0.0,7603.47
4239,PayPal,2783.76,66.88,2850.64
4240,Credit Card,791.19,99.19,890.38
4241,"Credit Card, PayPal",1627.43,22.41,1649.84
4242,Credit Card,3955.95,45.64,4001.59
4244,"Debit Card, PayPal",1482.18,95.25,1577.43
4246,Debit Card,791.19,38.49,829.68
4247,Нет завершённых покупок,0.0,0.0,0.0
4250,"Cash, Debit Card",6032.39,0.0,6032.39
4251,Нет завершённых покупок,0.0,0.0,0.0
4253,Нет завершённых покупок,0.0,0.0,0.0
4254,"Cash, Debit Card",1729.21,95.05,1824.26
4255,PayPal,1976.24,63.8,2040.04
4256,Credit Card,4175.64,52.97,4228.61
4258,Нет завершённых покупок,0.0,0.0,0.0
4259,Cash,4747.14,26.43,4773.57
4260,Cash,1729.21,0.0,1729.21
4261,"Cash, PayPal",2183.72,127.59,2311.31
4262,Credit Card,927.92,89.5,1017.42
4265,"Credit Card, Debit Card",6329.52,40.07,6369.59
4268,PayPal,3585.05,178.6,3763.65
4269,Нет завершённых покупок,0.0,0.0,0.0
4270,Нет завершённых покупок,0.0,0.0,0.0
4271,Debit Card,12819.96,222.2,13042.16
4272,Credit Card,2470.3,16.13,2486.43
4274,PayPal,494.06,72.22,566.28
4276,PayPal,6758.64,13.34,6771.98
4277,"Cash, Credit Card",514.81,89.82,604.63
4278,Нет завершённых покупок,0.0,0.0,0.0
4279,Credit Card,5068.98,0.0,5068.98
4282,Нет завершённых покупок,0.0,0.0,0.0
4283,Нет завершённых покупок,0.0,0.0,0.0
4285,"Debit Card, PayPal",4976.93,100.02,5076.95
4286,Нет завершённых покупок,0.0,0.0,0.0
4287,"Debit Card, PayPal",5241.2,99.87,5341.07
4288,Credit Card,2319.8,0.0,2319.8
4289,Credit Card,1689.66,45.62,1735.28
4290,Debit Card,2534.49,43.11,2577.6
4292,Нет завершённых покупок,0.0,0.0,0.0
4293,Нет завершённых покупок,0.0,0.0,0.0
4295,Credit Card,4722.6,85.88,4808.48
4296,Debit Card,5068.98,0.0,5068.98
4297,PayPal,1235.15,0.0,1235.15
4298,Credit Card,927.92,18.38,946.3
4299,"Cash, Debit Card",8469.05,66.02,8535.07
4300,Debit Card,2470.3,0.0,2470.3
4301,PayPal,791.19,24.4,815.59
4302,Credit Card,2783.76,44.18,2827.94
4303,PayPal,2783.76,0.0,2783.76
4304,"Credit Card, PayPal",5932.19,127.68,6059.87
4305,Credit Card,988.12,53.11,1041.23
4309,Cash,4175.64,18.54,4194.18
4310,Debit Card,103.75,90.8,194.55
4312,Нет завершённых покупок,0.0,0.0,0.0
4315,Cash,844.83,0.0,844.83
4317,Debit Card,844.83,54.45,899.28
4318,Debit Card,3164.76,43.84,3208.6
4319,"Credit Card, PayPal",7858.13,172.61,8030.74
4321,PayPal,927.92,54.86,982.78
4322,Нет завершённых покупок,0.0,0.0,0.0
4323,Cash,844.83,0.0,844.83
4324,Нет завершённых покупок,0.0,0.0,0.0
4325,Debit Card,62.25,0.0,62.25
4327,PayPal,4747.14,0.0,4747.14
4328,Cash,494.06,94.7,588.76
4330,Cash,1235.15,36.92,1272.07
4332,Credit Card,4079.11,171.23,4250.34
4333,Debit Card,6758.64,0.0,6758.64
4334,Нет завершённых покупок,0.0,0.0,0.0
4335,Нет завершённых покупок,0.0,0.0,0.0
4336,Debit Card,741.09,52.97,794.06
4337,Credit Card,791.19,96.59,887.78
4338,Cash,5068.98,87.45,5156.43
4339,Cash,247.03,77.85,324.88
4340,Credit Card,10982.79,71.71,11054.5
4341,"Credit Card, Debit Card",6426.25,111.89,6538.14
4342,Cash,145.25,82.83,228.08
4343,Debit Card,2470.3,87.08,2557.38
4344,Cash,6329.52,0.0,6329.52
4345,PayPal,2783.76,63.38,2847.14
4346,PayPal,5538.33,44.9,5583.23
4347,"Cash, Debit Card",6447.42,84.85,6532.27
4348,Нет завершённых покупок,0.0,0.0,0.0
4349,Credit Card,207.5,39.23,246.73
4350,PayPal,3955.95,0.0,3955.95
4351,Debit Card,12272.78,107.51,12380.29
4356,Нет завершённых покупок,0.0,0.0,0.0
4357,Cash,247.03,88.41,335.44
4358,Credit Card,8448.3,30.36,8478.66
4359,Debit Card,124.5,17.64,142.14
4361,Нет завершённых покупок,0.0,0.0,0.0
4362,Нет завершённых покупок,0.0,0.0,0.0
4363,Нет завершённых покупок,0.0,0.0,0.0
4364,"Debit Card, PayPal",1623.88,0.0,1623.88
4365,Credit Card,463.96,90.56,554.52
4366,Cash,2534.49,63.58,2598.07
4367,PayPal,2534.49,0.0,2534.49
4368,Cash,1855.84,106.8,1962.64
4370,Debit Card,3955.95,119.85,4075.8
4374,Cash,8448.3,0.0,8448.3
4376,PayPal,3379.32,63.0,3442.32
4377,Нет завершённых покупок,0.0,0.0,0.0
4378,PayPal,2223.27,49.59,2272.86
4380,"Cash, Credit Card",6436.8,175.23,6612.03
4384,Cash,3805.65,65.25,3870.9
4385,"Credit Card, Debit Card, PayPal",5705.16,154.06,5859.22
4386,"Cash, PayPal",5484.56,74.25,5558.81
4387,"Cash, Credit Card",1976.24,120.94,2097.18
4388,Нет завершённых покупок,0.0,0.0,0.0
4389,Нет завершённых покупок,0.0,0.0,0.0
4391,Нет завершённых покупок,0.0,0.0,0.0
4392,Debit Card,3379.32,0.0,3379.32
4399,Debit Card,1729.21,76.21,1805.42
4401,PayPal,7746.76,162.63,7909.39
4402,Нет завершённых покупок,0.0,0.0,0.0
4403,Cash,844.83,43.19,888.02
4406,Debit Card,4175.64,0.0,4175.64
4407,Нет завершённых покупок,0.0,0.0,0.0
4408,Credit Card,1729.21,29.05,1758.26
4409,Cash,2223.27,57.82,2281.09
4411,Cash,741.09,23.15,764.24
4412,PayPal,741.09,0.0,741.09
4414,Debit Card,3711.68,0.0,3711.68
4415,Debit Card,1855.84,40.62,1896.46
4417,Нет завершённых покупок,0.0,0.0,0.0
4418,"Credit Card, Debit Card, PayPal",17051.19,59.28,17110.47
4419,Cash,10528.29,46.95,10575.24
4420,Debit Card,2319.8,59.17,2378.97
4422,"Debit Card, PayPal",6454.02,0.0,6454.02
4424,Нет завершённых покупок,0.0,0.0,0.0
4426,Cash,2373.57,86.37,2459.94
4427,PayPal,41.5,0.0,41.5
4428,Credit Card,2470.3,77.97,2548.27
4431,PayPal,1689.66,0.0,1689.66
4432,PayPal,1689.66,45.15,1734.81
4433,Нет завершённых покупок,0.0,0.0,0.0
4434,Нет завершённых покупок,0.0,0.0,0.0
4435,Cash,1976.24,82.4,2058.64
4436,"Credit Card, Debit Card",7769.65,56.96,7826.61
4438,Нет завершённых покупок,0.0,0.0,0.0
4440,Credit Card,3164.76,0.0,3164.76
4441,Debit Card,20.75,47.65,68.4
4442,"Credit Card, PayPal",2532.55,43.25,2575.8
4443,"Credit Card, Debit Card",6959.4,26.31,6985.71
4445,Нет завершённых покупок,0.0,0.0,0.0
4446,Debit Card,20.75,23.96,44.71
4447,"Debit Card, PayPal",9625.49,41.08,9666.57
4449,Debit Card,2470.3,105.1,2575.4
4450,Debit Card,1582.38,46.26,1628.64
4451,"Cash, Credit Card, Debit Card",17918.26,214.01,18132.27
4452,Нет завершённых покупок,0.0,0.0,0.0
4454,Debit Card,3711.68,112.5,3824.18
4455,"Cash, Debit Card",12551.5,39.69,12591.19
4456,Debit Card,3955.95,75.29,4031.24
4457,Cash,2470.3,0.0,2470.3
4458,Debit Card,124.5,0.0,124.5
4459,Нет завершённых покупок,0.0,0.0,0.0
4460,Нет завершённых покупок,0.0,0.0,0.0
4461,Debit Card,7911.9,54.31,7966.21
4462,"Credit Card, Debit Card",12672.45,0.0,12672.45
4463,"Cash, PayPal",4880.4,252.13,5132.53
4464,Нет завершённых покупок,0.0,0.0,0.0
4465,Нет завершённых покупок,0.0,0.0,0.0
4466,"Credit Card, Debit Card",4556.64,68.45,4625.09
4467,Cash,2534.49,62.21,2596.7
4469,Нет завершённых покупок,0.0,0.0,0.0
4470,Cash,5913.81,43.61,5957.42
4471,Нет завершённых покупок,0.0,0.0,0.0
4474,Cash,186.75,26.13,212.88
4475,Debit Card,62.25,55.68,117.93
4476,Нет завершённых покупок,0.0,0.0,0.0
4478,Cash,3379.32,56.91,3436.23
4479,Нет завершённых покупок,0.0,0.0,0.0
4480,Credit Card,145.25,42.62,187.87
4481,Credit Card,1582.38,36.49,1618.87
4482,Debit Card,2867.63,65.37,2933.0
4484,Нет завершённых покупок,0.0,0.0,0.0
4485,"Credit Card, PayPal",3524.57,56.0,3580.57
4486,"Cash, Debit Card",1897.16,33.45,1930.61
4490,Cash,4196.31,144.42,4340.73
4491,"Debit Card, PayPal",4669.7,191.73,4861.43
4494,PayPal,791.19,41.31,832.5
4495,Cash,2223.27,115.34,2338.61
4496,Cash,4224.15,14.68,4238.83
4497,"Cash, PayPal",3665.9,70.73,3736.63
4498,Cash,1582.38,11.43,1593.81
4499,PayPal,3955.95,12.96,3968.91
4500,"Cash, Credit Card, PayPal",6717.34,159.01,6876.35
4501,Cash,2319.8,0.0,2319.8
4502,Нет завершённых покупок,0.0,0.0,0.0
4504,"Debit Card, PayPal",4399.91,0.0,4399.91
4506,"Cash, PayPal",6495.44,0.0,6495.44
4507,Debit Card,1235.15,44.87,1280.02
4508,PayPal,3164.76,12.2,3176.96
4509,Нет завершённых покупок,0.0,0.0,0.0
4510,"Credit Card, PayPal",8384.11,97.25,8481.36
4512,Нет завершённых покупок,0.0,0.0,0.0
4513,Debit Card,741.09,98.5,839.59
4518,"Cash, PayPal",7367.74,119.2,7486.94
4519,Debit Card,494.06,59.34,553.4
4520,Credit Card,1557.88,69.77,1627.65
4522,Cash,1582.38,107.5,1689.88
4524,Credit Card,1729.21,79.17,1808.38
4526,Нет завершённых покупок,0.0,0.0,0.0
4527,"Cash, Debit Card",6304.13,88.05,6392.18
4528,Credit Card,1391.88,0.0,1391.88
4529,Credit Card,62.25,98.0,160.25
4530,Debit Card,247.03,29.38,276.41
4531,PayPal,20.75,0.0,20.75
4532,Credit Card,3164.76,0.0,3164.76
4533,PayPal,2223.27,0.0,2223.27
4534,Cash,791.19,40.98,832.17
4535,Debit Card,124.5,60.23,184.73
4536,Debit Card,5538.33,81.32,5619.65
4537,Cash,9303.78,142.67,9446.45
4538,"Cash, Credit Card, Debit Card",6930.21,175.67,7105.88
4539,"Credit Card, Debit Card",4805.6,51.59,4857.19
4540,Credit Card,247.03,68.86,315.89
4541,Cash,124.5,0.0,124.5
4544,PayPal,1976.24,17.6,1993.84
4545,"Cash, PayPal",8108.83,171.09,8279.92
4547,PayPal,1976.24,26.98,2003.22
4548,"Cash, Debit Card",6490.44,184.34,6674.78
4549,Debit Card,2783.76,92.85,2876.61
4550,Credit Card,1582.38,43.29,1625.67
4551,Cash,791.19,0.0,791.19
4552,"Credit Card, PayPal",10982.79,165.07,11147.86
4553,Credit Card,166.0,51.6,217.6
4556,Debit Card,2373.57,9.14,2382.71
4557,Нет завершённых покупок,0.0,0.0,0.0
4558,Cash,1582.38,0.0,1582.38
4559,Нет завершённых покупок,0.0,0.0,0.0
4560,Credit Card,927.92,53.45,981.37
4562,Нет завершённых покупок,0.0,0.0,0.0
4564,PayPal,14691.29,186.68,14877.97
4566,Debit Card,2470.3,41.85,2512.15
4567,Нет завершённых покупок,0.0,0.0,0.0
4568,Debit Card,6329.52,46.22,6375.74
4569,Debit Card,7603.47,8.15,7611.62
4570,Нет завершённых покупок,0.0,0.0,0.0
4572,Нет завершённых покупок,0.0,0.0,0.0
4573,Нет завершённых покупок,0.0,0.0,0.0
4574,Credit Card,1729.21,60.48,1789.69
4575,Cash,2223.27,43.64,2266.91
4577,Cash,8657.8,145.78,8803.58
4578,PayPal,41.5,35.44,76.94
4582,"Debit Card, PayPal",1876.59,185.41,2062.0
4583,Нет завершённых покупок,0.0,0.0,0.0
4584,Cash,791.19,13.98,805.17
4586,"Cash, Debit Card",7020.51,34.61,7055.12
4587,Credit Card,5169.66,53.87,5223.53
4588,Cash,2223.27,0.0,2223.27
4589,Credit Card,3164.76,42.25,3207.01
4590,PayPal,4639.6,108.99,4748.59
4591,Credit Card,7120.71,102.36,7223.07
4593,Cash,2276.17,117.23,2393.4
4594,Credit Card,41.5,63.53,105.03
4597,Нет завершённых покупок,0.0,0.0,0.0
4599,PayPal,3955.95,44.85,4000.8
4600,Нет завершённых покупок,0.0,0.0,0.0
4602,Credit Card,1689.66,45.43,1735.09
4603,Debit Card,2783.76,45.79,2829.55
4604,Debit Card,2223.27,41.96,2265.23
4605,Нет завершённых покупок,0.0,0.0,0.0
4606,Debit Card,7603.47,47.21,7650.68
4608,Cash,1689.66,47.43,1737.09
4609,PayPal,5068.98,0.0,5068.98
4610,Debit Card,4446.54,37.59,4484.13
4611,PayPal,761.84,198.16,960.0
4612,Нет завершённых покупок,0.0,0.0,0.0
4613,"Cash, Credit Card, PayPal",11799.81,151.87,11951.68
4614,Cash,41.5,0.0,41.5
4615,"Debit Card, PayPal",1976.24,103.32,2079.56
4617,Debit Card,6758.64,108.17,6866.81
4618,PayPal,5538.33,45.79,5584.12
4619,Нет завершённых покупок,0.0,0.0,0.0
4621,Cash,988.12,36.05,1024.17
4623,"Cash, Debit Card",13087.9,30.25,13118.15
4624,Credit Card,463.96,13.01,476.97
4625,PayPal,988.12,0.0,988.12
4626,Cash,6758.64,66.9,6825.54
4629,Debit Card,3955.95,161.49,4117.44
4630,PayPal,927.92,0.0,927.92
4631,Credit Card,41.5,64.33,105.83
4633,Нет завершённых покупок,0.0,0.0,0.0
4634,Credit Card,166.0,0.0,166.0
4635,"Debit Card, PayPal",5020.6,139.84,5160.44
4636,Credit Card,1976.24,48.85,2025.09
4637,Нет завершённых покупок,0.0,0.0,0.0
4639,PayPal,3711.68,0.0,3711.68
4642,Credit Card,988.12,19.19,1007.31
4647,PayPal,3711.68,18.26,3729.94
4648,Нет завершённых покупок,0.0,0.0,0.0
4649,Debit Card,4639.6,36.41,4676.01
4650,Credit Card,124.5,71.82,196.32
4652,Credit Card,1582.38,32.24,1614.62
4653,Debit Card,62.25,35.22,97.47
4654,Debit Card,7120.71,87.71,7208.42
4655,Credit Card,4175.64,18.36,4194.0
4657,Debit Card,4639.6,26.51,4666.11
4658,Debit Card,207.5,0.0,207.5
4659,Credit Card,186.75,0.0,186.75
4660,Cash,463.96,92.22,556.18
4661,Debit Card,62.25,39.14,101.39
4662,Credit Card,4812.61,154.31,4966.92
4663,"Cash, PayPal",249.0,47.65,296.65
4664,Нет завершённых покупок,0.0,0.0,0.0
4665,Нет завершённых покупок,0.0,0.0,0.0
4667,Credit Card,124.5,0.0,124.5
4668,Credit Card,2223.27,34.14,2257.41
4669,PayPal,1729.21,0.0,1729.21
4672,PayPal,6377.77,132.31,6510.08
4673,Cash,1235.15,54.73,1289.88
4674,Cash,2323.47,200.54,2524.01
4675,PayPal,6490.44,36.23,6526.67
4676,Cash,6329.52,57.69,6387.21
4677,Cash,2470.3,0.0,2470.3
4678,Нет завершённых покупок,0.0,0.0,0.0
4679,Debit Card,2534.49,23.58,2558.07
4682,PayPal,3848.45,174.1,4022.55
4685,PayPal,207.5,64.19,271.69
4686,Нет завершённых покупок,0.0,0.0,0.0
4687,"Credit Card, PayPal",2485.8,82.45,2568.25
4689,PayPal,7911.9,104.62,8016.52
4690,Credit Card,1391.88,44.34,1436.22
4691,Cash,844.83,77.25,922.08
4692,Credit Card,791.19,50.24,841.43
4693,Credit Card,5913.81,17.05,5930.86
4694,Нет завершённых покупок,0.0,0.0,0.0
4695,"Credit Card, PayPal",660.06,66.91,726.97
4696,Debit Card,494.06,0.0,494.06
4697,Credit Card,41.5,71.95,113.45
4699,Нет завершённых покупок,0.0,0.0,0.0
4700,"Cash, PayPal",3843.28,124.74,3968.02
4701,Cash,8448.3,56.67,8504.97
4702,Нет завершённых покупок,0.0,0.0,0.0
4704,"Credit Card, PayPal",5440.89,124.84,5565.73
4706,PayPal,494.06,27.36,521.42
4709,PayPal,3247.72,12.73,3260.45
4711,Credit Card,1391.88,0.0,1391.88
4714,Credit Card,4639.6,68.34,4707.94
4716,PayPal,463.96,77.75,541.71
4717,PayPal,7286.71,40.9,7327.61
4718,Debit Card,4175.64,103.5,4279.14
4719,Debit Card,2534.49,0.0,2534.49
4720,Cash,4224.15,24.57,4248.72
4721,Debit Card,3164.76,40.16,3204.92
4722,"Cash, Credit Card",1516.38,41.1,1557.48
4723,Cash,6758.64,0.0,6758.64
4724,Нет завершённых покупок,0.0,0.0,0.0
4725,Credit Card,2319.8,17.0,2336.8
4727,"Credit Card, Debit Card",7707.22,78.15,7785.37
4729,PayPal,207.5,50.12,257.62
4730,Credit Card,463.96,50.61,514.57
4732,Нет завершённых покупок,0.0,0.0,0.0
4734,Credit Card,2767.43,54.26,2821.69
4736,Debit Card,2783.76,68.6,2852.36
4737,Credit Card,3711.68,41.37,3753.05
4738,Нет завершённых покупок,0.0,0.0,0.0
4739,Нет завершённых покупок,0.0,0.0,0.0
4741,Cash,3711.68,0.0,3711.68
4743,Credit Card,3446.8,68.25,3515.05
4744,Credit Card,1855.84,30.17,1886.01
4745,"Cash, Credit Card",2617.49,54.63,2672.12
4747,Нет завершённых покупок,0.0,0.0,0.0
4749,Cash,2319.8,82.19,2401.99
4750,Debit Card,12159.62,136.97,12296.59
4751,"Cash, Debit Card",3247.72,73.18,3320.9
4752,Debit Card,3955.95,57.2,4013.15
4755,PayPal,2534.49,20.48,2554.97
4756,Нет завершённых покупок,0.0,0.0,0.0
4757,Credit Card,247.03,0.0,247.03
4758,Нет завершённых покупок,0.0,0.0,0.0
4759,PayPal,4958.04,56.52,5014.56
4760,"Credit Card, PayPal",2430.75,79.66,2510.41
4761,Нет завершённых покупок,0.0,0.0,0.0
4765,"Credit Card, PayPal",4307.15,71.45,4378.6
4768,Cash,5913.81,38.17,5951.98
4769,Cash,1582.38,39.91,1622.29
4771,Credit Card,5068.98,40.56,5109.54
4772,Credit Card,103.75,47.4,151.15
4773,Cash,3955.95,0.0,3955.95
4774,"Credit Card, Debit Card",3873.38,35.62,3909.0
4776,PayPal,1391.88,49.24,1441.12
4777,"Cash, PayPal",2781.52,128.91,2910.43
4778,Debit Card,2783.76,17.05,2800.81
4779,Нет завершённых покупок,0.0,0.0,0.0
4780,Нет завершённых покупок,0.0,0.0,0.0
4781,Нет завершённых покупок,0.0,0.0,0.0
4783,Credit Card,145.25,0.0,145.25
4784,"Credit Card, PayPal",7911.9,107.26,8019.16
4787,Нет завершённых покупок,0.0,0.0,0.0
4788,Debit Card,3711.68,0.0,3711.68
4790,"Credit Card, Debit Card",7227.99,119.74,7347.73
4791,Credit Card,6758.64,47.69,6806.33
4792,Cash,7603.47,85.58,7689.05
4793,"Debit Card, PayPal",7066.94,48.42,7115.36
4795,Credit Card,2783.76,19.96,2803.72
4796,PayPal,7473.46,188.33,7661.79
4800,Cash,2373.57,14.12,2387.69
4801,Debit Card,62.25,20.68,82.93
4802,Нет завершённых покупок,0.0,0.0,0.0
4806,PayPal,5538.33,113.61,5651.94
4808,"Cash, PayPal",2380.0,33.46,2413.46
4809,Нет завершённых покупок,0.0,0.0,0.0
4810,Cash,494.06,68.9,562.96
4811,Debit Card,1689.66,85.1,1774.76
4814,Нет завершённых покупок,0.0,0.0,0.0
4815,"Cash, Credit Card",3988.81,136.02,4124.83
4817,Credit Card,186.75,48.78,235.53
4818,PayPal,988.12,0.0,988.12
4820,Нет завершённых покупок,0.0,0.0,0.0
4823,Нет завершённых покупок,0.0,0.0,0.0
4824,Нет завершённых покупок,0.0,0.0,0.0
4826,Нет завершённых покупок,0.0,0.0,0.0
4827,Credit Card,2470.3,72.51,2542.81
4828,Нет завершённых покупок,0.0,0.0,0.0
4829,PayPal,463.96,28.98,492.94
4830,Нет завершённых покупок,0.0,0.0,0.0
4832,PayPal,10768.23,72.33,10840.56
4833,Нет завершённых покупок,0.0,0.0,0.0
4834,Cash,3955.95,84.84,4040.79
4835,Debit Card,2373.57,0.0,2373.57
4837,Credit Card,2373.57,53.62,2427.19
4838,Credit Card,2534.49,0.0,2534.49
4840,"Cash, PayPal",12744.86,35.78,12780.64
4841,PayPal,7943.04,139.91,8082.95
4842,Debit Card,1855.84,110.61,1966.45
4843,Cash,124.5,0.0,124.5
4844,"Credit Card, Debit Card",9655.2,186.4,9841.6
4845,Нет завершённых покупок,0.0,0.0,0.0
4846,Cash,83.0,74.12,157.12
4850,Cash,7603.47,0.0,7603.47
4851,Debit Card,3247.72,36.46,3284.18
4852,Debit Card,2373.57,0.0,2373.57
4854,"Credit Card, PayPal",1636.02,63.4,1699.42
4856,Нет завершённых покупок,0.0,0.0,0.0
4857,Debit Card,4224.15,60.86,4285.01
4858,Cash,5913.81,93.92,6007.73
4859,Cash,2594.8,39.69,2634.49
4862,Нет завершённых покупок,0.0,0.0,0.0
4863,Debit Card,5913.81,14.11,5927.92
4864,"Credit Card, Debit Card",2964.36,63.61,3027.97
4865,PayPal,2636.3,151.48,2787.78
4866,Cash,4224.15,31.69,4255.84
4867,Cash,5214.23,155.44,5369.67
4868,Credit Card,3711.68,108.79,3820.47
4869,Нет завершённых покупок,0.0,0.0,0.0
4870,Нет завершённых покупок,0.0,0.0,0.0
4871,Cash,3379.32,73.85,3453.17
4872,Cash,7603.47,0.0,7603.47
4873,PayPal,1855.84,89.94,1945.78
4874,Debit Card,145.25,0.0,145.25
4876,"Cash, Credit Card",8015.65,140.76,8156.41
4877,Нет завершённых покупок,0.0,0.0,0.0
4878,"Cash, PayPal",1731.16,70.93,1802.09
4879,Credit Card,1689.66,48.32,1737.98
4881,"Cash, Credit Card",5811.79,19.33,5831.12
4883,Cash,4419.91,96.03,4515.94
4884,Debit Card,2534.49,0.0,2534.49
4885,Credit Card,4037.42,122.8,4160.22
4886,Нет завершённых покупок,0.0,0.0,0.0
4888,Нет завершённых покупок,0.0,0.0,0.0
4889,Credit Card,5068.98,42.2,5111.18
4890,"Credit Card, PayPal",10137.96,134.07,10272.03
4891,PayPal,2783.76,0.0,2783.76
4892,PayPal,394.25,107.28,501.53
4893,Cash,7911.9,30.68,7942.58
4895,PayPal,1976.24,71.48,2047.72
4897,Cash,186.75,115.5,302.25
4899,"Credit Card, Debit Card",1114.67,62.05,1176.72
4902,PayPal,145.25,27.0,172.25
4903,"Cash, PayPal",2102.87,103.86,2206.73
4904,Credit Card,4175.64,14.79,4190.43
4905,PayPal,5068.98,98.2,5167.18
4906,Debit Card,1391.88,84.12,1476.0
4908,PayPal,7120.71,54.83,7175.54
4909,Credit Card,8609.32,227.04,8836.36
4910,"Credit Card, Debit Card",5559.08,127.51,5686.59
4911,"Cash, Credit Card, Debit Card",11570.72,31.26,11601.98
4912,Credit Card,7911.9,18.96,7930.86
4913,Cash,8448.3,78.36,8526.66
4914,Debit Card,3379.32,106.12,3485.44
4915,Cash,10677.82,170.65,10848.47
4917,PayPal,1482.18,0.0,1482.18
4918,Credit Card,927.92,75.38,1003.3
4919,PayPal,62.25,14.41,76.66
4920,Credit Card,4639.6,48.6,4688.2
4921,Credit Card,3247.72,9.31,3257.03
4922,Debit Card,11165.63,168.51,11334.14
4923,PayPal,463.96,0.0,463.96
4924,PayPal,494.06,0.0,494.06
4926,Нет завершённых покупок,0.0,0.0,0.0
4928,Нет завершённых покупок,0.0,0.0,0.0
4930,"Cash, PayPal",9904.47,150.39,10054.86
4931,Credit Card,741.09,27.74,768.83
4932,Нет завершённых покупок,0.0,0.0,0.0
4933,Debit Card,4764.1,9.79,4773.89
4934,Cash,247.03,91.72,338.75
4935,Cash,7120.71,17.27,7137.98
4937,Debit Card,6862.87,0.0,6862.87
4938,Credit Card,1976.24,0.0,1976.24
4939,"Credit Card, Debit Card",4854.42,174.11,5028.53
4941,PayPal,2783.76,11.57,2795.33
4942,Cash,844.83,106.0,950.83
4943,Cash,2821.07,93.3,2914.37
4944,Нет завершённых покупок,0.0,0.0,0.0
4946,PayPal,791.19,79.4,870.59
4947,"Credit Card, PayPal",5316.01,39.42,5355.43
4949,Нет завершённых покупок,0.0,0.0,0.0
4950,PayPal,2373.57,26.65,2400.22
4951,Credit Card,927.92,67.23,995.15
4952,"Cash, PayPal",7603.47,95.03,7698.5
4953,Нет завершённых покупок,0.0,0.0,0.0
4954,Cash,6758.64,13.02,6771.66
4955,Нет завершённых покупок,0.0,0.0,0.0
4956,Credit Card,1391.88,118.19,1510.07
4957,Cash,1391.88,17.97,1409.85
4958,Debit Card,1976.24,0.0,1976.24
4959,Credit Card,1976.24,58.55,2034.79
4960,Debit Card,1976.24,0.0,1976.24
4962,Cash,8448.3,54.51,8502.81
4963,"Cash, Credit Card, Debit Card",14093.91,0.0,14093.91
4964,Нет завершённых покупок,0.0,0.0,0.0
4965,Нет завершённых покупок,0.0,0.0,0.0
4966,PayPal,4224.15,43.85,4268.0
4967,Debit Card,7120.71,0.0,7120.71
4968,Нет завершённых покупок,0.0,0.0,0.0
4970,Нет завершённых покупок,0.0,0.0,0.0
4971,Cash,4224.15,32.93,4257.08
4972,"Cash, PayPal",8839.82,66.47,8906.29
4973,"Credit Card, Debit Card",3309.97,61.25,3371.22
4975,Нет завершённых покупок,0.0,0.0,0.0
4978,"Cash, Debit Card",9459.31,74.97,9534.28
4980,Нет завершённых покупок,0.0,0.0,0.0
4981,Credit Card,7603.47,0.0,7603.47
4983,Debit Card,3379.32,0.0,3379.32
4984,Credit Card,166.0,36.4,202.4
4986,Credit Card,145.25,0.0,145.25
4987,Credit Card,463.96,47.17,511.13
4988,Нет завершённых покупок,0.0,0.0,0.0
4990,"Cash, Debit Card, PayPal",3773.57,179.09,3952.66
4991,Debit Card,62.25,37.87,100.12
4992,Credit Card,3247.72,86.48,3334.2
4993,Нет завершённых покупок,0.0,0.0,0.0
4995,"Cash, Credit Card",2223.27,81.17,2304.44
4997,"Debit Card, PayPal",7746.76,102.53,7849.29
4998,Cash,4639.6,34.15,4673.75
5000,Нет завершённых покупок,0.0,0.0,0.0
5003,Нет завершённых покупок,0.0,0.0,0.0
5004,Cash,7911.9,0.0,7911.9
5005,Debit Card,1976.24,72.03,2048.27
5006,Нет завершённых покупок,0.0,0.0,0.0
5009,Credit Card,8373.49,101.19,8474.68
5010,Нет завершённых покупок,0.0,0.0,0.0
5012,"Credit Card, Debit Card",1832.95,52.83,1885.78
5013,Нет завершённых покупок,0.0,0.0,0.0
5014,Нет завершённых покупок,0.0,0.0,0.0
5015,"Cash, PayPal",3711.68,51.71,3763.39
5016,Debit Card,2783.76,15.61,2799.37
5017,"Cash, Credit Card",145.25,82.21,227.46
5018,PayPal,791.19,19.66,810.85
5020,PayPal,1980.34,56.52,2036.86
5021,Cash,2470.3,42.57,2512.87
5022,Cash,1729.21,76.14,1805.35
5023,Cash,844.83,33.51,878.34
5024,Нет завершённых покупок,0.0,0.0,0.0
5025,"Cash, Credit Card, Debit Card",4577.27,48.09,4625.36
5026,Credit Card,5068.98,45.98,5114.96
5027,PayPal,186.75,26.57,213.32
5028,Нет завершённых покупок,0.0,0.0,0.0
5029,"Credit Card, PayPal",8355.86,47.73,8403.59
5030,Cash,3164.76,60.28,3225.04
5031,Credit Card,14734.03,210.82,14944.85
5033,Credit Card,415.0,0.0,415.0
5034,PayPal,5538.33,64.71,5603.04
5035,Нет завершённых покупок,0.0,0.0,0.0
5036,Нет завершённых покупок,0.0,0.0,0.0
5037,PayPal,62.25,8.79,71.04
5040,Нет завершённых покупок,0.0,0.0,0.0
5041,Cash,1855.84,58.32,1914.16
5042,Cash,2783.76,0.0,2783.76
5044,Нет завершённых покупок,0.0,0.0,0.0
5045,Cash,124.5,96.91,221.41
5046,"Cash, Credit Card",10714.59,0.0,10714.59
5047,Нет завершённых покупок,0.0,0.0,0.0
5048,Credit Card,5968.96,74.81,6043.77
5052,"Cash, Credit Card, PayPal",6923.07,144.34,7067.41
5053,Нет завершённых покупок,0.0,0.0,0.0
5054,PayPal,791.19,54.3,845.49
5057,Debit Card,20.75,32.29,53.04
5058,"Cash, PayPal",2193.17,58.26,2251.43
5059,Credit Card,4175.64,79.15,4254.79
5060,Credit Card,5913.81,43.42,5957.23
5063,PayPal,2373.57,7.01,2380.58
5065,Credit Card,14777.82,122.77,14900.59
5066,PayPal,1235.15,49.75,1284.9
5067,PayPal,3164.76,0.0,3164.76
5069,"Cash, PayPal",597.81,43.35,641.16
5070,Credit Card,20.75,30.27,51.02
5071,Credit Card,2470.3,0.0,2470.3
5072,Cash,83.0,54.64,137.64
5075,Нет завершённых покупок,0.0,0.0,0.0
5078,Нет завершённых покупок,0.0,0.0,0.0
5079,Credit Card,20.75,0.0,20.75
5080,Cash,741.09,30.22,771.31
5082,"Cash, Credit Card, Debit Card, PayPal",3688.8,255.01,3943.81
5083,PayPal,5068.98,0.0,5068.98
5088,"Cash, PayPal",3626.35,137.76,3764.11
5089,"Cash, Credit Card, Debit Card",4080.45,103.04,4183.49
5090,Credit Card,4747.14,21.25,4768.39
5091,"Cash, PayPal",2430.77,122.19,2552.96
5092,PayPal,207.5,0.0,207.5
5094,Debit Card,4224.15,88.64,4312.79
5096,"Cash, PayPal",7514.57,133.37,7647.94
5098,Cash,1855.84,26.41,1882.25
5099,Нет завершённых покупок,0.0,0.0,0.0
5101,PayPal,3955.95,105.3,4061.25
5102,Нет завершённых покупок,0.0,0.0,0.0
5104,Credit Card,62.25,0.0,62.25
5107,Credit Card,927.92,11.78,939.7
5108,Debit Card,1482.18,41.92,1524.1
5109,Нет завершённых покупок,0.0,0.0,0.0
5111,Нет завершённых покупок,0.0,0.0,0.0
5114,"Cash, Credit Card",3524.85,80.63,3605.48
5116,Debit Card,4747.14,27.85,4774.99
5119,Credit Card,4307.15,36.5,4343.65
5121,Нет завершённых покупок,0.0,0.0,0.0
5123,Cash,3379.32,110.02,3489.34
5124,PayPal,145.25,61.33,206.58
5126,Нет завершённых покупок,0.0,0.0,0.0
5128,Cash,2121.49,66.22,2187.71
5129,PayPal,4747.14,0.0,4747.14
5131,Нет завершённых покупок,0.0,0.0,0.0
5132,Нет завершённых покупок,0.0,0.0,0.0
5134,PayPal,4224.15,46.03,4270.18
5135,Debit Card,7911.9,107.42,8019.32
5138,Credit Card,4747.14,49.94,4797.08
5142,"Credit Card, PayPal",3411.79,32.12,3443.91
5144,Credit Card,844.83,43.48,888.31
5145,PayPal,5068.98,71.33,5140.31
5146,PayPal,1582.38,22.26,1604.64
5150,"Cash, PayPal",15206.94,70.76,15277.7
5152,Credit Card,494.06,30.44,524.5
5154,"Cash, Debit Card",8595.55,78.68,8674.23
5157,"Cash, Credit Card, Debit Card",10392.49,127.06,10519.55
5158,Credit Card,8448.3,10.85,8459.15
5159,Cash,247.03,78.65,325.68
5160,Debit Card,62.25,0.0,62.25
5163,Cash,4747.14,0.0,4747.14
5165,Cash,927.92,0.0,927.92
5166,Нет завершённых покупок,0.0,0.0,0.0
5167,Нет завершённых покупок,0.0,0.0,0.0
5168,Debit Card,62.25,46.63,108.88
5169,"Cash, Credit Card, Debit Card",13374.74,166.93,13541.67
5170,"Credit Card, PayPal",8976.55,51.3,9027.85
5171,"Credit Card, Debit Card",8863.75,56.4,8920.15
5172,Cash,988.12,49.58,1037.7
5173,Debit Card,1976.24,41.53,2017.77
5176,Debit Card,927.92,0.0,927.92
5179,"Cash, Debit Card",5996.81,114.03,6110.84
5180,Cash,7911.9,36.69,7948.59
5181,Debit Card,2783.76,90.84,2874.6
5183,Debit Card,6758.64,21.95,6780.59
5184,Нет завершённых покупок,0.0,0.0,0.0
5186,Credit Card,1855.84,14.1,1869.94
5187,PayPal,166.0,52.06,218.06
5188,Cash,2783.76,66.1,2849.86
5189,PayPal,2534.49,0.0,2534.49
5190,Нет завершённых покупок,0.0,0.0,0.0
5194,Debit Card,6758.64,110.25,6868.89
5195,"Debit Card, PayPal",988.12,137.99,1126.11
5197,Debit Card,4390.33,38.83,4429.16
5198,Debit Card,5567.52,138.46,5705.98
5199,PayPal,103.75,0.0,103.75
5201,Нет завершённых покупок,0.0,0.0,0.0
5202,PayPal,2223.27,127.51,2350.78
5203,Нет завершённых покупок,0.0,0.0,0.0
5205,PayPal,844.83,104.74,949.57
5206,PayPal,4747.14,0.0,4747.14
5207,Debit Card,741.09,53.17,794.26
5208,Нет завершённых покупок,0.0,0.0,0.0
5209,Credit Card,1391.79,186.89,1578.68
5210,PayPal,124.5,40.64,165.14
5211,Нет завершённых покупок,0.0,0.0,0.0
5212,Cash,1729.21,54.98,1784.19
5215,Credit Card,6329.52,9.01,6338.53
5217,Debit Card,7911.9,92.43,8004.33
5218,"Cash, Credit Card",8233.74,122.7,8356.44
5219,Cash,3379.32,0.0,3379.32
5221,Debit Card,2223.27,0.0,2223.27
5223,Debit Card,4224.15,100.06,4324.21
5224,Debit Card,4747.14,107.73,4854.87
5225,"Cash, Debit Card",3310.01,0.0,3310.01
5226,PayPal,7120.71,0.0,7120.71
5229,Debit Card,5913.81,38.08,5951.89
5230,"Cash, PayPal",6466.25,107.52,6573.77
5231,Debit Card,9985.52,131.39,10116.91
5233,Cash,2373.57,41.12,2414.69
5234,Debit Card,2470.3,43.74,2514.04
5235,Нет завершённых покупок,0.0,0.0,0.0
5236,Нет завершённых покупок,0.0,0.0,0.0
5238,Credit Card,463.96,53.17,517.13
5239,PayPal,8448.3,85.97,8534.27
5241,Credit Card,4639.6,22.35,4661.95
5242,Нет завершённых покупок,0.0,0.0,0.0
5244,Нет завершённых покупок,0.0,0.0,0.0
5245,"Cash, Credit Card",2532.55,79.47,2612.02
5246,Credit Card,1855.84,78.81,1934.65
5247,Debit Card,5913.81,97.47,6011.28
5248,Credit Card,3247.72,0.0,3247.72
5251,Credit Card,1729.21,98.55,1827.76
5252,Нет завершённых покупок,0.0,0.0,0.0
5253,PayPal,8780.66,45.77,8826.43
5255,Debit Card,2319.8,0.0,2319.8
5256,Credit Card,4639.6,55.05,4694.65
5257,Нет завершённых покупок,0.0,0.0,0.0
5258,Нет завершённых покупок,0.0,0.0,0.0
5262,PayPal,83.0,59.74,142.74
5263,Нет завершённых покупок,0.0,0.0,0.0
5265,"Credit Card, Debit Card",6551.16,64.06,6615.22
5266,PayPal,1729.21,55.35,1784.56
5267,Credit Card,1391.88,39.59,1431.47
5269,Credit Card,3287.09,76.2,3363.29
5270,Credit Card,207.5,33.18,240.68
5273,Нет завершённых покупок,0.0,0.0,0.0
5275,"Debit Card, PayPal",8008.63,125.18,8133.81
5276,Нет завершённых покупок,0.0,0.0,0.0
5277,PayPal,62.25,0.0,62.25
5278,Нет завершённых покупок,0.0,0.0,0.0
5279,"Debit Card, PayPal",8305.76,0.0,8305.76
5281,"Cash, Credit Card",10041.2,48.33,10089.53
5282,PayPal,2319.8,0.0,2319.8
5283,PayPal,844.83,63.85,908.68
5284,Cash,4747.14,0.0,4747.14
5286,Cash,2373.57,47.91,2421.48
5287,Cash,844.83,122.14,966.97
5288,Нет завершённых покупок,0.0,0.0,0.0
5289,Debit Card,1976.24,64.09,2040.33
5290,Cash,3164.76,81.55,3246.31
5291,Credit Card,4747.14,0.0,4747.14
5292,Debit Card,20.75,96.83,117.58
5294,Credit Card,988.12,25.19,1013.31
5295,Debit Card,5913.81,0.0,5913.81
5297,Debit Card,4697.04,77.96,4775.0
5300,Credit Card,741.09,59.98,801.07
5302,Нет завершённых покупок,0.0,0.0,0.0
5303,PayPal,1855.84,34.26,1890.1
5306,Debit Card,4639.6,108.24,4747.84
5307,Credit Card,186.75,0.0,186.75
5308,Cash,791.19,46.38,837.57
5310,Нет завершённых покупок,0.0,0.0,0.0
5311,Credit Card,7203.71,35.51,7239.22
5312,Debit Card,494.06,21.7,515.76
5313,Cash,2783.76,103.27,2887.03
5314,Нет завершённых покупок,0.0,0.0,0.0
5315,Нет завершённых покупок,0.0,0.0,0.0
5317,PayPal,463.96,0.0,463.96
5319,"Cash, Credit Card, Debit Card",18371.57,90.55,18462.12
5320,"Cash, PayPal",3261.49,155.92,3417.41
5321,Debit Card,7120.71,60.81,7181.52
5322,Нет завершённых покупок,0.0,0.0,0.0
5323,Debit Card,701.56,70.16,771.72
5324,Нет завершённых покупок,0.0,0.0,0.0
5325,Нет завершённых покупок,0.0,0.0,0.0
5326,Debit Card,1582.38,21.83,1604.21
5327,Нет завершённых покупок,0.0,0.0,0.0
5329,Cash,6329.52,57.9,6387.42
5331,Cash,2825.26,103.83,2929.09
5333,Credit Card,8448.3,100.33,8548.63
5334,"Cash, Debit Card",7227.99,69.27,7297.26
5335,Нет завершённых покупок,0.0,0.0,0.0
5337,Нет завершённых покупок,0.0,0.0,0.0
5338,Нет завершённых покупок,0.0,0.0,0.0
5341,Нет завершённых покупок,0.0,0.0,0.0
5342,Нет завершённых покупок,0.0,0.0,0.0
5343,Нет завершённых покупок,0.0,0.0,0.0
5344,Нет завершённых покупок,0.0,0.0,0.0
5349,Cash,4639.6,84.19,4723.79
5350,"Cash, PayPal",3164.76,53.97,3218.73
5351,Debit Card,4747.14,37.3,4784.44
5352,Cash,2470.3,52.48,2522.78
5353,Credit Card,463.96,98.82,562.78
5354,Нет завершённых покупок,0.0,0.0,0.0
5360,Нет завершённых покупок,0.0,0.0,0.0
5361,Debit Card,2373.57,0.0,2373.57
5364,"Credit Card, PayPal",1874.46,54.84,1929.3
5365,Credit Card,1729.21,51.12,1780.33
5368,Credit Card,3379.32,50.4,3429.72
5369,PayPal,1689.66,79.62,1769.28
5371,Cash,1391.88,0.0,1391.88
5372,Cash,9394.08,43.21,9437.29
5373,PayPal,5913.81,0.0,5913.81
5377,Credit Card,20.75,38.68,59.43
5378,Credit Card,3164.76,97.5,3262.26
5380,Cash,741.09,29.95,771.04
5381,Нет завершённых покупок,0.0,0.0,0.0
5383,Cash,1729.21,83.85,1813.06
5384,PayPal,463.96,44.61,508.57
5385,Credit Card,5627.72,72.62,5700.34
5386,Credit Card,207.5,13.33,220.83
5387,PayPal,7603.47,52.74,7656.21
5388,Нет завершённых покупок,0.0,0.0,0.0
5389,Нет завершённых покупок,0.0,0.0,0.0
5390,"Credit Card, Debit Card",3462.41,100.52,3562.93
5391,Нет завершённых покупок,0.0,0.0,0.0
5392,Нет завершённых покупок,0.0,0.0,0.0
5394,PayPal,16507.45,243.79,16751.24
5395,PayPal,3030.79,34.51,3065.3
5396,"Cash, PayPal",3952.48,59.36,4011.84
5397,Credit Card,844.83,49.61,894.44
5398,"Cash, PayPal",5913.81,55.39,5969.2
5400,Cash,1689.66,93.53,1783.19
5403,Cash,186.75,66.6,253.35
5404,PayPal,247.03,0.0,247.03
5405,Cash,4639.6,88.61,4728.21
5406,Cash,1976.24,41.47,2017.71
5408,Нет завершённых покупок,0.0,0.0,0.0
5410,Cash,1235.15,27.59,1262.74
5411,Debit Card,14262.17,226.23,14488.4
5413,PayPal,5068.98,22.4,5091.38
5415,PayPal,186.75,85.4,272.15
5416,Cash,3379.32,50.38,3429.7
5417,Cash,207.5,0.0,207.5
5418,Debit Card,3616.45,86.58,3703.03
5419,Debit Card,20.75,0.0,20.75
5420,Debit Card,3164.76,0.0,3164.76
5422,PayPal,494.06,25.92,519.98
5423,Cash,8593.55,35.22,8628.77
5424,PayPal,13729.05,239.67,13968.72
5425,Debit Card,494.06,105.44,599.5
5426,Нет завершённых покупок,0.0,0.0,0.0
5428,PayPal,6329.52,10.86,6340.38
5429,"Credit Card, PayPal",9708.84,52.35,9761.19
5430,PayPal,3247.72,47.43,3295.15
5431,Credit Card,4747.14,44.02,4791.16
5433,Cash,2223.27,53.67,2276.94
5434,"Credit Card, PayPal",1502.93,42.44,1545.37
5435,Нет завершённых покупок,0.0,0.0,0.0
5436,PayPal,7911.9,120.58,8032.48
5438,Нет завершённых покупок,0.0,0.0,0.0
5440,Cash,7120.71,46.32,7167.03
5441,Credit Card,1582.38,48.0,1630.38
5442,Нет завершённых покупок,0.0,0.0,0.0
5443,Нет завершённых покупок,0.0,0.0,0.0
5444,Debit Card,2373.57,14.27,2387.84
5445,Credit Card,3247.72,78.13,3325.85
5446,Debit Card,3711.68,106.49,3818.17
5448,Cash,844.83,8.52,853.35
5450,Debit Card,2319.8,35.76,2355.56
5452,PayPal,103.75,0.0,103.75
5453,Credit Card,8448.3,70.76,8519.06
5454,"Debit Card, PayPal",1452.08,97.34,1549.42
5457,PayPal,5089.73,140.5,5230.23
5458,Credit Card,5068.98,58.19,5127.17
5459,"Cash, Credit Card",4224.15,110.67,4334.82
5460,Cash,1855.84,32.16,1888.0
5461,Нет завершённых покупок,0.0,0.0,0.0
5462,Нет завершённых покупок,0.0,0.0,0.0
5463,Cash,7911.9,72.4,7984.3
5464,Нет завершённых покупок,0.0,0.0,0.0
5465,Cash,5913.81,55.42,5969.23
5467,Нет завершённых покупок,0.0,0.0,0.0
5468,PayPal,83.0,0.0,83.0
5469,"Cash, PayPal",1599.38,59.48,1658.86
5470,PayPal,2373.57,0.0,2373.57
5471,Нет завершённых покупок,0.0,0.0,0.0
5473,Debit Card,3164.76,24.43,3189.19
5474,Debit Card,2223.27,0.0,2223.27
5475,Credit Card,844.83,110.81,955.64
5476,Debit Card,5810.08,164.21,5974.29
5477,"Cash, PayPal",8448.3,107.87,8556.17
5478,"Credit Card, Debit Card",4843.87,38.51,4882.38
5479,"Cash, PayPal",10285.47,55.88,10341.35
5480,Cash,103.75,51.59,155.34
5482,PayPal,145.25,72.72,217.97
5485,Cash,4639.6,0.0,4639.6
5488,Credit Card,791.19,0.0,791.19
5489,Нет завершённых покупок,0.0,0.0,0.0
5490,"Cash, Debit Card",9436.42,50.18,9486.6
5492,Нет завершённых покупок,0.0,0.0,0.0
5493,PayPal,4747.14,46.23,4793.37
5494,Debit Card,927.92,69.12,997.04
5495,Cash,8531.3,146.4,8677.7
5496,Нет завершённых покупок,0.0,0.0,0.0
5498,Нет завершённых покупок,0.0,0.0,0.0
5500,Credit Card,6329.52,0.0,6329.52
5501,Нет завершённых покупок,0.0,0.0,0.0
5502,PayPal,1855.84,33.15,1888.99
5503,Debit Card,1729.21,29.67,1758.88
5504,Нет завершённых покупок,0.0,0.0,0.0
5505,PayPal,166.0,19.64,185.64
5507,Credit Card,20.75,142.76,163.51
5508,Credit Card,4175.64,0.0,4175.64
5510,Debit Card,5532.94,36.4,5569.34
5512,"Cash, PayPal",2534.49,56.57,2591.06
5513,Credit Card,6329.52,60.84,6390.36
5515,Credit Card,124.5,64.54,189.04
5516,Debit Card,13385.68,211.67,13597.35
5517,Нет завершённых покупок,0.0,0.0,0.0
5520,"Credit Card, Debit Card",7603.47,0.0,7603.47
5521,Cash,988.12,11.75,999.87
5525,Нет завершённых покупок,0.0,0.0,0.0
5526,Нет завершённых покупок,0.0,0.0,0.0
5527,"Cash, Debit Card, PayPal",9239.49,190.6,9430.09
5529,Cash,103.75,29.56,133.31
5531,Credit Card,83.0,80.3,163.3
5532,Нет завершённых покупок,0.0,0.0,0.0
5533,Нет завершённых покупок,0.0,0.0,0.0
5535,Нет завершённых покупок,0.0,0.0,0.0
5536,Cash,5538.33,73.33,5611.66
5537,Credit Card,41.5,87.38,128.88
5538,Cash,7120.71,55.14,7175.85
5539,"Credit Card, Debit Card",2767.43,94.55,2861.98
5540,"Debit Card, PayPal",2581.07,103.03,2684.1
5541,Credit Card,741.09,110.29,851.38
5542,Нет завершённых покупок,0.0,0.0,0.0
5543,PayPal,8882.65,46.51,8929.16
5544,PayPal,2534.49,0.0,2534.49
5545,PayPal,5020.47,6.2,5026.67
5546,Cash,3711.68,111.38,3823.06
5547,PayPal,145.25,0.0,145.25
5548,Нет завершённых покупок,0.0,0.0,0.0
5551,Debit Card,463.96,35.88,499.84
5553,Debit Card,4224.15,18.41,4242.56
5554,Credit Card,145.25,0.0,145.25
5555,Cash,124.5,0.0,124.5
5556,Debit Card,6758.64,45.71,6804.35
5557,Credit Card,41.5,33.98,75.48
5558,PayPal,1729.21,9.68,1738.89
5559,"Cash, Debit Card",124.5,93.06,217.56
5561,PayPal,3164.76,35.4,3200.16
5562,PayPal,7911.9,28.15,7940.05
5563,Cash,5538.33,37.79,5576.12
5564,Нет завершённых покупок,0.0,0.0,0.0
5565,Нет завершённых покупок,0.0,0.0,0.0
5566,"Cash, Debit Card",5110.48,41.96,5152.44
5567,Cash,3711.68,81.71,3793.39
5568,Cash,2783.76,43.72,2827.48
5569,Cash,6758.64,28.67,6787.31
5570,Debit Card,1235.15,51.13,1286.28
5571,PayPal,2783.76,53.85,2837.61
5572,Credit Card,186.75,17.77,204.52
5573,Нет завершённых покупок,0.0,0.0,0.0
5574,Credit Card,41.5,86.0,127.5
5575,"Cash, Credit Card, Debit Card",13450.23,133.82,13584.05
5576,PayPal,207.5,48.32,255.82
5578,Cash,5559.08,115.11,5674.19
5579,Credit Card,2059.24,131.34,2190.58
5580,"Credit Card, PayPal",1789.88,43.21,1833.09
5582,Debit Card,1235.15,43.82,1278.97
5584,"Cash, Credit Card",1751.91,50.19,1802.1
5585,Нет завершённых покупок,0.0,0.0,0.0
5587,Debit Card,20.75,0.0,20.75
5589,Credit Card,2783.76,22.86,2806.62
5592,Нет завершённых покупок,0.0,0.0,0.0
5593,Cash,4175.64,53.23,4228.87
5594,Credit Card,874.19,80.61,954.8
5596,Нет завершённых покупок,0.0,0.0,0.0
5597,"Credit Card, PayPal",4263.7,21.92,4285.62
5599,Credit Card,3379.32,32.27,3411.59
5601,Нет завершённых покупок,0.0,0.0,0.0
5602,Debit Card,145.25,0.0,145.25
5603,Credit Card,10958.6,92.19,11050.79
5606,"Cash, PayPal",2485.8,57.39,2543.19
5607,"Cash, Credit Card",3247.76,43.94,3291.7
5608,Нет завершённых покупок,0.0,0.0,0.0
5609,Нет завершённых покупок,0.0,0.0,0.0
5610,Cash,791.19,31.21,822.4
5611,"Cash, PayPal",4976.93,141.5,5118.43
5612,Credit Card,988.12,41.08,1029.2
5614,"Cash, Credit Card",5948.52,84.68,6033.2
5621,Нет завершённых покупок,0.0,0.0,0.0
5622,Нет завершённых покупок,0.0,0.0,0.0
5623,Debit Card,7603.47,42.76,7646.23
5624,Debit Card,5538.33,17.82,5556.15
5626,"Credit Card, Debit Card",4747.14,85.61,4832.75
5628,PayPal,4224.15,30.57,4254.72
5629,Debit Card,2783.76,55.94,2839.7
5630,Debit Card,5718.02,148.91,5866.93
5633,Нет завершённых покупок,0.0,0.0,0.0
5635,PayPal,3164.76,54.16,3218.92
5636,Cash,3711.68,71.26,3782.94
5637,"Cash, Credit Card, PayPal",6179.22,57.95,6237.17
5640,Credit Card,463.96,9.92,473.88
5641,"Cash, PayPal",9591.01,87.56,9678.57
5642,"Cash, PayPal",352.75,140.76,493.51
5643,PayPal,2042.59,172.1,2214.69
5646,Debit Card,4639.6,85.06,4724.66
5647,Cash,8448.3,19.63,8467.93
5648,Debit Card,6758.64,0.0,6758.64
5649,PayPal,1855.84,53.14,1908.98
5650,Нет завершённых покупок,0.0,0.0,0.0
5652,Credit Card,463.96,0.0,463.96
5653,Нет завершённых покупок,0.0,0.0,0.0
5654,Нет завершённых покупок,0.0,0.0,0.0
5655,Debit Card,103.75,50.05,153.8
5656,Debit Card,3955.95,14.52,3970.47
5657,Нет завершённых покупок,0.0,0.0,0.0
5658,Cash,988.12,56.2,1044.32
5659,Cash,2470.3,103.34,2573.64
5660,Debit Card,5913.81,31.79,5945.6
5661,Нет завершённых покупок,0.0,0.0,0.0
5662,"Cash, Credit Card",8131.59,67.79,8199.38
5663,Нет завершённых покупок,0.0,0.0,0.0
5665,Cash,3247.72,99.63,3347.35
5666,Нет завершённых покупок,0.0,0.0,0.0
5667,Нет завершённых покупок,0.0,0.0,0.0
5668,Нет завершённых покупок,0.0,0.0,0.0
5669,Нет завершённых покупок,0.0,0.0,0.0
5670,"Cash, Debit Card",1699.11,102.37,1801.48
5672,Нет завершённых покупок,0.0,0.0,0.0
5673,Debit Card,7120.71,92.19,7212.9
5674,Cash,7603.47,17.93,7621.4
5676,PayPal,247.03,0.0,247.03
5677,Cash,1482.18,73.74,1555.92
5678,Credit Card,8531.3,56.74,8588.04
5681,Debit Card,988.12,59.01,1047.13
5682,Credit Card,988.12,0.0,988.12
5683,"Cash, Debit Card",1029.62,68.76,1098.38
5685,Debit Card,3711.68,76.94,3788.62
5686,"Credit Card, PayPal",2327.01,0.0,2327.01
5687,Cash,1644.63,0.0,1644.63
5689,"Cash, Debit Card",3307.92,115.34,3423.26
5691,Credit Card,5068.98,46.35,5115.33
5692,PayPal,927.92,70.61,998.53
5694,PayPal,247.03,0.0,247.03
5695,PayPal,166.0,76.34,242.34
5696,PayPal,3955.95,43.93,3999.88
5697,Debit Card,988.12,129.48,1117.6
5698,"Cash, Credit Card, PayPal",660.06,293.48,953.54
5699,Нет завершённых покупок,0.0,0.0,0.0
5700,"Cash, PayPal",4954.64,0.0,4954.64
5701,Нет завершённых покупок,0.0,0.0,0.0
5702,Cash,1976.24,52.09,2028.33
5704,Credit Card,186.75,105.98,292.73
5705,Нет завершённых покупок,0.0,0.0,0.0
5706,Debit Card,3247.72,103.45,3351.17
5707,Credit Card,3955.95,46.65,4002.6
5708,Cash,2534.49,0.0,2534.49
5709,Credit Card,7120.71,42.36,7163.07
5710,Cash,103.75,59.89,163.64
5711,Нет завершённых покупок,0.0,0.0,0.0
5712,Нет завершённых покупок,0.0,0.0,0.0
5713,PayPal,463.96,0.0,463.96
5714,Нет завершённых покупок,0.0,0.0,0.0
5716,Credit Card,103.75,95.62,199.37
5722,Cash,1855.84,58.72,1914.56
5723,Нет завершённых покупок,0.0,0.0,0.0
5724,Debit Card,6758.64,0.0,6758.64
5725,PayPal,3164.76,43.0,3207.76
5726,Нет завершённых покупок,0.0,0.0,0.0
5727,Credit Card,20.75,0.0,20.75
5730,PayPal,1235.15,0.0,1235.15
5731,Нет завершённых покупок,0.0,0.0,0.0
5732,Credit Card,103.75,48.3,152.05
5733,PayPal,1855.84,48.28,1904.12
5734,Нет завершённых покупок,0.0,0.0,0.0
5735,Credit Card,3247.72,36.84,3284.56
5736,PayPal,3711.68,94.77,3806.45
5737,Cash,186.75,81.77,268.52
5738,Cash,1391.88,40.93,1432.81
5740,PayPal,4747.14,7.02,4754.16
5741,PayPal,6329.52,44.2,6373.72
5742,Cash,3379.32,40.31,3419.63
5745,PayPal,1391.88,90.63,1482.51
5746,Cash,3164.76,0.0,3164.76
5752,Нет завершённых покупок,0.0,0.0,0.0
5753,Cash,8448.3,60.41,8508.71
5754,PayPal,4747.14,58.2,4805.34
5755,Cash,3711.68,58.16,3769.84
5757,"Credit Card, PayPal",4893.97,117.27,5011.24
5758,"Cash, Debit Card",1071.12,156.01,1227.13
5761,"Cash, Debit Card",6959.4,127.57,7086.97
5762,Cash,2534.49,94.65,2629.14
5763,Cash,2373.57,90.4,2463.97
5767,Нет завершённых покупок,0.0,0.0,0.0
5768,Debit Card,1689.66,0.0,1689.66
5769,Нет завершённых покупок,0.0,0.0,0.0
5770,Нет завершённых покупок,0.0,0.0,0.0
5771,"Credit Card, Debit Card",2470.3,47.57,2517.87
5772,Credit Card,2373.57,20.31,2393.88
5773,Cash,124.5,14.46,138.96
5776,PayPal,463.96,51.3,515.26
5777,Нет завершённых покупок,0.0,0.0,0.0
5779,PayPal,2470.3,64.37,2534.67
5782,Нет завершённых покупок,0.0,0.0,0.0
5786,Нет завершённых покупок,0.0,0.0,0.0
5787,"Cash, Debit Card, PayPal",692.21,65.38,757.59
5788,Credit Card,8448.3,81.47,8529.77
5789,PayPal,3955.95,91.52,4047.47
5791,Нет завершённых покупок,0.0,0.0,0.0
5792,"Cash, PayPal",9303.78,95.23,9399.01
5794,Cash,4747.14,7.16,4754.3
5796,Нет завершённых покупок,0.0,0.0,0.0
5798,Cash,1235.15,47.55,1282.7
5799,Debit Card,1482.18,94.15,1576.33
5800,Debit Card,4747.14,34.11,4781.25
5802,"Cash, Credit Card",3351.51,72.2,3423.71
5809,Credit Card,463.96,37.47,501.43
5813,Debit Card,4175.64,99.04,4274.68
5816,Cash,1976.24,49.72,2025.96
5818,Credit Card,463.96,17.56,481.52
5819,Нет завершённых покупок,0.0,0.0,0.0
5822,Нет завершённых покупок,0.0,0.0,0.0
5823,Нет завершённых покупок,0.0,0.0,0.0
5825,Нет завершённых покупок,0.0,0.0,0.0
5827,Debit Card,207.5,7.2,214.7
5828,PayPal,5538.33,0.0,5538.33
5830,Нет завершённых покупок,0.0,0.0,0.0
5831,Нет завершённых покупок,0.0,0.0,0.0
5832,Credit Card,103.75,0.0,103.75
5834,Credit Card,463.96,68.71,532.67
5835,Credit Card,4224.15,95.9,4320.05
5836,"Cash, Credit Card",9762.48,76.22,9838.7
5838,PayPal,1235.15,14.25,1249.4
5840,PayPal,844.83,60.33,905.16
5841,Нет завершённых покупок,0.0,0.0,0.0
5842,Нет завершённых покупок,0.0,0.0,0.0
5843,Debit Card,9738.2,0.0,9738.2
5844,"Debit Card, PayPal",7187.34,125.45,7312.79
5845,Нет завершённых покупок,0.0,0.0,0.0
5846,Credit Card,4269.61,104.38,4373.99
5847,Credit Card,741.09,28.81,769.9
5848,Нет завершённых покупок,0.0,0.0,0.0
5849,Credit Card,2223.27,103.98,2327.25
5850,"Debit Card, PayPal",7496.19,51.93,7548.12
5851,Debit Card,494.06,48.77,542.83
5852,Нет завершённых покупок,0.0,0.0,0.0
5853,Credit Card,3771.88,59.76,3831.64
5854,PayPal,62.25,0.0,62.25
5855,Нет завершённых покупок,0.0,0.0,0.0
5857,Credit Card,1482.18,94.14,1576.32
5858,Cash,1729.21,17.88,1747.09
5859,Нет завершённых покупок,0.0,0.0,0.0
5860,"Credit Card, PayPal",5131.23,78.5,5209.73
5862,"Credit Card, Debit Card",1895.21,84.06,1979.27
5863,Cash,791.19,33.58,824.77
5864,"Credit Card, Debit Card",9708.84,86.71,9795.55
5865,Cash,4175.64,110.15,4285.79
5867,Credit Card,2373.57,0.0,2373.57
5868,Debit Card,2373.57,32.28,2405.85
5869,Debit Card,41.5,26.63,68.13
5870,Debit Card,62.25,28.47,90.72
5872,Debit Card,1729.21,70.98,1800.19
5873,Нет завершённых покупок,0.0,0.0,0.0
5874,"Credit Card, Debit Card",8703.09,136.34,8839.43
5875,Credit Card,3711.68,43.06,3754.74
5876,Debit Card,6391.77,45.8,6437.57
5878,Credit Card,988.12,35.81,1023.93
5879,Нет завершённых покупок,0.0,0.0,0.0
5880,Debit Card,6758.64,25.15,6783.79
5882,Нет завершённых покупок,0.0,0.0,0.0
5883,Cash,2319.8,89.89,2409.69
5884,Credit Card,207.5,50.99,258.49
5886,"Cash, Credit Card",2717.33,102.54,2819.87
5887,Debit Card,2319.8,56.26,2376.06
5892,Debit Card,2373.57,56.34,2429.91
5893,Cash,8448.3,7.6,8455.9
5894,"Cash, PayPal",3351.51,85.48,3436.99
5896,Credit Card,7603.47,0.0,7603.47
5897,Credit Card,8448.3,0.0,8448.3
5899,Нет завершённых покупок,0.0,0.0,0.0
5900,PayPal,20.75,121.68,142.43
5901,PayPal,62.25,27.8,90.05
5902,Debit Card,1391.88,41.55,1433.43
5903,PayPal,15503.0,132.1,15635.1
5904,Cash,7603.47,64.0,7667.47
5905,Credit Card,463.96,44.95,508.91
5906,"Credit Card, PayPal",4265.65,50.07,4315.72
5907,PayPal,494.06,24.46,518.52
5908,"Debit Card, PayPal",9078.44,106.08,9184.52
5910,Нет завершённых покупок,0.0,0.0,0.0
5911,PayPal,1391.88,0.0,1391.88
5913,Debit Card,6758.64,22.69,6781.33
5914,Нет завершённых покупок,0.0,0.0,0.0
5917,Нет завершённых покупок,0.0,0.0,0.0
5918,Credit Card,1729.21,0.0,1729.21
5919,PayPal,83.0,0.0,83.0
5921,Debit Card,7811.44,108.37,7919.81
5922,PayPal,103.75,106.3,210.05
5923,Cash,3247.72,35.52,3283.24
5924,Нет завершённых покупок,0.0,0.0,0.0
5925,Debit Card,494.06,0.0,494.06
5927,PayPal,2223.27,89.66,2312.93
5929,"Cash, Credit Card",3277.82,36.63,3314.45
5930,Debit Card,5538.33,0.0,5538.33
5931,Нет завершённых покупок,0.0,0.0,0.0
5932,Debit Card,4747.14,0.0,4747.14
5934,Credit Card,62.25,108.25,170.5
5936,Debit Card,5913.81,41.87,5955.68
5938,Credit Card,83.0,23.39,106.39
5940,Cash,6329.52,0.0,6329.52
5942,Нет завершённых покупок,0.0,0.0,0.0
5944,Нет завершённых покупок,0.0,0.0,0.0
5945,PayPal,83.0,81.09,164.09
5947,Credit Card,207.5,22.48,229.98
5948,"Cash, Credit Card, PayPal",11598.97,86.4,11685.37
5950,PayPal,1729.21,67.17,1796.38
5956,"Cash, Credit Card",1665.38,25.11,1690.49
5957,"Cash, Credit Card",5860.17,132.74,5992.91
5958,PayPal,2783.76,11.04,2794.8
5960,PayPal,186.75,66.97,253.72
5961,PayPal,166.0,0.0,166.0
5963,Нет завершённых покупок,0.0,0.0,0.0
5964,Нет завершённых покупок,0.0,0.0,0.0
5965,Cash,5538.33,53.1,5591.43
5968,Нет завершённых покупок,0.0,0.0,0.0
5969,Debit Card,4175.64,32.2,4207.84
5970,Нет завершённых покупок,0.0,0.0,0.0
5973,PayPal,6329.52,93.89,6423.41
5975,Cash,3164.76,0.0,3164.76
5976,"Cash, PayPal",4205.74,88.76,4294.5
5977,Debit Card,7120.71,0.0,7120.71
5979,Credit Card,5913.81,0.0,5913.81
5980,"Debit Card, PayPal",4320.89,123.75,4444.64
5981,"Cash, PayPal",8405.96,98.37,8504.33
5983,"Credit Card, Debit Card",14777.82,40.53,14818.35
5985,Нет завершённых покупок,0.0,0.0,0.0
5986,Нет завершённых покупок,0.0,0.0,0.0
5991,"Credit Card, PayPal",1433.38,160.17,1593.55
5992,Cash,186.75,0.0,186.75
5994,Нет завершённых покупок,0.0,0.0,0.0
5995,"Credit Card, PayPal",3185.51,111.18,3296.69
5996,Debit Card,1235.15,75.28,1310.43
5997,"Cash, Credit Card",2964.36,115.22,3079.58
5999,Cash,186.75,56.44,243.19
6000,Cash,41.5,97.67,139.17
6002,Credit Card,844.83,0.0,844.83
6003,Нет завершённых покупок,0.0,0.0,0.0
6004,Нет завершённых покупок,0.0,0.0,0.0
6006,Cash,1855.84,92.97,1948.81
6007,Cash,20.75,0.0,20.75
6008,PayPal,20.75,24.98,45.73
6012,PayPal,83.0,89.38,172.38
6013,Cash,8571.96,182.94,8754.9
6015,Credit Card,5068.98,78.95,5147.93
6017,Нет завершённых покупок,0.0,0.0,0.0
6018,PayPal,791.19,43.49,834.68
6019,Debit Card,1729.21,42.64,1771.85
6020,"Cash, PayPal",7643.02,152.39,7795.41
6026,Debit Card,3379.32,93.6,3472.92
6027,Debit Card,83.0,48.83,131.83
6028,"Credit Card, PayPal",3068.1,50.87,3118.97
6029,PayPal,1482.18,60.79,1542.97
6031,PayPal,247.03,54.94,301.97
6032,Cash,4175.64,111.49,4287.13
6033,Нет завершённых покупок,0.0,0.0,0.0
6035,Debit Card,207.5,28.95,236.45
6036,Credit Card,15773.7,156.17,15929.87
6038,Нет завершённых покупок,0.0,0.0,0.0
6039,Нет завершённых покупок,0.0,0.0,0.0
6040,Cash,4224.15,49.97,4274.12
6041,"Debit Card, PayPal",7252.7,0.0,7252.7
6042,"Cash, Credit Card",853.44,63.31,916.75
6043,Cash,4639.6,27.63,4667.23
6044,Cash,3247.72,0.0,3247.72
6045,Нет завершённых покупок,0.0,0.0,0.0
6046,Debit Card,207.5,0.0,207.5
6047,Credit Card,1729.21,0.0,1729.21
6048,PayPal,791.19,86.42,877.61
6049,Нет завершённых покупок,0.0,0.0,0.0
6054,Нет завершённых покупок,0.0,0.0,0.0
6055,PayPal,7603.47,62.64,7666.11
6059,Credit Card,988.12,36.9,1025.02
6062,Cash,5068.98,16.03,5085.01
6064,PayPal,7781.48,198.9,7980.38
6066,Cash,3955.95,12.13,3968.08
6067,Credit Card,7120.71,94.2,7214.91
6068,Cash,1482.18,45.89,1528.07
6069,Credit Card,145.25,30.75,176.0
6070,Debit Card,791.19,74.05,865.24
6071,Debit Card,2223.27,54.34,2277.61
6073,Debit Card,791.19,82.79,873.98
6074,Credit Card,8344.56,134.21,8478.77
6075,Нет завершённых покупок,0.0,0.0,0.0
6077,"Cash, Debit Card",269.75,112.92,382.67
6078,Cash,1855.84,32.28,1888.12
6079,"Credit Card, Debit Card",5662.83,107.42,5770.25
6080,Debit Card,5913.81,0.0,5913.81
6082,Debit Card,494.06,59.1,553.16
6083,Debit Card,10424.54,42.74,10467.28
6085,Credit Card,791.19,0.0,791.19
6087,Credit Card,1729.21,41.93,1771.14
6088,Debit Card,4639.6,62.44,4702.04
6089,Debit Card,3955.95,0.0,3955.95
6090,Debit Card,5538.33,55.13,5593.46
6093,Нет завершённых покупок,0.0,0.0,0.0
6094,Credit Card,10543.98,77.01,10620.99
6096,Нет завершённых покупок,0.0,0.0,0.0
6097,"Credit Card, PayPal",2163.07,0.0,2163.07
6098,Cash,124.5,80.74,205.24
6100,Нет завершённых покупок,0.0,0.0,0.0
6102,Debit Card,3164.76,16.54,3181.3
6103,Debit Card,6329.52,104.74,6434.26
6106,Debit Card,7162.21,124.24,7286.45
6107,Cash,3955.95,64.65,4020.6
6108,Нет завершённых покупок,0.0,0.0,0.0
6109,Нет завершённых покупок,0.0,0.0,0.0
6110,PayPal,3955.95,0.0,3955.95
6112,PayPal,20.75,0.0,20.75
6115,"Debit Card, PayPal",9840.18,89.28,9929.46
6116,"Cash, PayPal",9923.4,76.1,9999.5
6118,Credit Card,2555.24,96.47,2651.71
6119,Cash,7120.71,59.16,7179.87
6120,"Credit Card, PayPal",8655.8,89.32,8745.12
6121,"Cash, Credit Card",5785.36,56.86,5842.22
6122,"Cash, Credit Card",3574.95,128.09,3703.04
6127,Нет завершённых покупок,0.0,0.0,0.0
6128,Нет завершённых покупок,0.0,0.0,0.0
6129,Debit Card,2783.76,69.59,2853.35
6132,Debit Card,6758.64,0.0,6758.64
6135,PayPal,1855.84,9.25,1865.09
6137,Нет завершённых покупок,0.0,0.0,0.0
6138,PayPal,3164.76,34.77,3199.53
6139,"Cash, Credit Card, PayPal",10575.93,101.11,10677.04
6140,"Cash, PayPal",7953.4,31.07,7984.47
6144,Credit Card,988.12,38.88,1027.0
6145,Cash,8727.67,108.02,8835.69
6146,"Credit Card, Debit Card",958.02,150.04,1108.06
6147,Нет завершённых покупок,0.0,0.0,0.0
6148,"Cash, Debit Card, PayPal",14029.72,192.16,14221.88
6149,Нет завершённых покупок,0.0,0.0,0.0
6151,Cash,62.25,79.96,142.21
6152,"Credit Card, Debit Card",6883.14,73.54,6956.68
6153,Debit Card,2534.49,22.79,2557.28
6154,"Debit Card, PayPal",2970.51,150.53,3121.04
6155,Нет завершённых покупок,0.0,0.0,0.0
6156,"Credit Card, PayPal",4175.64,158.68,4334.32
6157,Credit Card,5913.81,79.17,5992.98
6159,Нет завершённых покупок,0.0,0.0,0.0
6160,Нет завершённых покупок,0.0,0.0,0.0
6162,Credit Card,3247.72,0.0,3247.72
6163,Нет завершённых покупок,0.0,0.0,0.0
6164,Debit Card,5706.33,56.19,5762.52
6165,Нет завершённых покупок,0.0,0.0,0.0
6166,Debit Card,20.75,78.18,98.93
6167,Debit Card,145.25,67.26,212.51
6168,Debit Card,3068.11,141.22,3209.33
6172,"Cash, PayPal",2046.34,55.55,2101.89
6176,PayPal,463.96,64.67,528.63
6177,"Credit Card, Debit Card",1154.12,18.57,1172.69
6178,Debit Card,7603.47,62.65,7666.12
6179,PayPal,741.09,0.0,741.09
6182,Нет завершённых покупок,0.0,0.0,0.0
6183,PayPal,3926.37,103.34,4029.71
6184,Credit Card,207.5,0.0,207.5
6185,Нет завершённых покупок,0.0,0.0,0.0
6186,Cash,9239.49,108.17,9347.66
6187,Cash,103.75,100.28,204.03
6189,Нет завершённых покупок,0.0,0.0,0.0
6191,"Cash, Debit Card",927.83,171.38,1099.21
6192,Debit Card,6329.52,0.0,6329.52
6193,Нет завершённых покупок,0.0,0.0,0.0
6194,Cash,4224.15,46.21,4270.36
6195,Нет завершённых покупок,0.0,0.0,0.0
6196,Cash,4224.15,96.9,4321.05
6197,Нет завершённых покупок,0.0,0.0,0.0
6198,PayPal,20.75,33.5,54.25
6200,Cash,1582.38,0.0,1582.38
6201,"Cash, PayPal",2783.76,34.8,2818.56
6202,"Credit Card, PayPal",2132.97,160.29,2293.26
6203,PayPal,1582.38,53.72,1636.1
6205,"Cash, PayPal",7746.76,78.01,7824.77
6206,Нет завершённых покупок,0.0,0.0,0.0
6207,Credit Card,6329.52,17.91,6347.43
6209,Нет завершённых покупок,0.0,0.0,0.0
6210,Debit Card,844.83,125.01,969.84
6211,PayPal,1582.38,0.0,1582.38
6213,Нет завершённых покупок,0.0,0.0,0.0
6214,"Cash, Credit Card",2402.8,110.46,2513.26
6215,Debit Card,3955.95,21.52,3977.47
6217,PayPal,7911.9,108.08,8019.98
6218,Нет завершённых покупок,0.0,0.0,0.0
6219,Cash,494.06,22.28,516.34
6220,PayPal,62.25,86.3,148.55
6221,Debit Card,1582.38,15.89,1598.27
6223,Cash,2891.93,247.15,3139.08
6225,Credit Card,3247.76,101.89,3349.65
6226,"Credit Card, Debit Card",10982.79,32.6,11015.39
6227,Cash,4175.64,58.56,4234.2
6229,Debit Card,5068.98,0.0,5068.98
6231,PayPal,41.5,0.0,41.5
6232,"Cash, Credit Card, Debit Card",10553.67,35.49,10589.16
6233,Нет завершённых покупок,0.0,0.0,0.0
6235,Debit Card,41.5,94.42,135.92
6236,"Cash, PayPal",6959.4,119.53,7078.93
6238,PayPal,463.96,24.83,488.79
6239,Credit Card,6758.64,21.96,6780.6
6240,Debit Card,927.92,0.0,927.92
6241,"Credit Card, Debit Card",12623.94,31.95,12655.89
6242,Credit Card,5068.98,66.5,5135.48
6243,Нет завершённых покупок,0.0,0.0,0.0
6244,PayPal,741.09,34.5,775.59
6246,Нет завершённых покупок,0.0,0.0,0.0
6247,Debit Card,844.83,76.51,921.34
6248,Cash,2783.76,86.55,2870.31
6250,PayPal,145.25,62.52,207.77
6251,PayPal,6758.64,0.0,6758.64
6252,Credit Card,1482.18,106.04,1588.22
6253,Нет завершённых покупок,0.0,0.0,0.0
6254,Credit Card,2223.27,0.0,2223.27
6255,PayPal,4747.14,24.58,4771.72
6256,Нет завершённых покупок,0.0,0.0,0.0
6258,"Credit Card, Debit Card",3658.82,119.02,3777.84
6259,Credit Card,103.75,131.23,234.98
6260,"Credit Card, PayPal",3658.82,76.75,3735.57
6261,Нет завершённых покупок,0.0,0.0,0.0
6262,Debit Card,1235.15,137.59,1372.74
6265,Cash,4224.15,61.02,4285.17
6266,Debit Card,10982.79,112.47,11095.26
6269,"Cash, PayPal",5662.83,100.53,5763.36
6271,Credit Card,1855.84,97.84,1953.68
6272,"Credit Card, PayPal",1834.91,83.76,1918.67
6273,PayPal,124.5,10.46,134.96
6275,"Cash, Debit Card",1544.43,102.76,1647.19
6276,"Cash, Credit Card",546.96,110.87,657.83
6278,PayPal,494.06,0.0,494.06
6279,Credit Card,103.75,0.0,103.75
6280,"Credit Card, PayPal",5567.52,68.18,5635.7
6281,Нет завершённых покупок,0.0,0.0,0.0
6282,Debit Card,7120.71,78.65,7199.36
6283,Debit Card,2470.3,0.0,2470.3
6284,"Credit Card, PayPal",5811.79,73.17,5884.96
6285,Нет завершённых покупок,0.0,0.0,0.0
6286,Credit Card,791.19,7.43,798.62
6287,Debit Card,3711.68,67.38,3779.06
6288,Debit Card,5913.81,98.35,6012.16
6289,Cash,5538.33,0.0,5538.33
6290,PayPal,10500.03,163.17,10663.2
6292,Debit Card,7603.47,35.48,7638.95
6293,Credit Card,463.96,25.7,489.66
6295,Debit Card,124.5,85.87,210.37
6296,Cash,4747.14,97.49,4844.63
6297,Cash,5913.81,46.36,5960.17
6299,Cash,494.06,83.63,577.69
6301,Credit Card,83.0,81.08,164.08
6303,Credit Card,166.0,61.82,227.82
6304,Нет завершённых покупок,0.0,0.0,0.0
6305,Cash,1474.88,38.69,1513.57
6306,PayPal,62.25,47.26,109.51
6307,"Credit Card, Debit Card, PayPal",6412.17,34.1,6446.27
6309,Нет завершённых покупок,0.0,0.0,0.0
6310,PayPal,7603.47,49.24,7652.71
6315,Cash,16392.67,250.16,16642.83
6316,Нет завершённых покупок,0.0,0.0,0.0
6317,Нет завершённых покупок,0.0,0.0,0.0
6318,Credit Card,83.0,62.93,145.93
6320,PayPal,741.09,0.0,741.09
6322,Cash,166.0,64.45,230.45
6324,Нет завершённых покупок,0.0,0.0,0.0
6326,Debit Card,3113.79,220.9,3334.69
6328,Debit Card,5538.33,16.59,5554.92
6329,Cash,103.75,0.0,103.75
6330,"Credit Card, PayPal",10368.43,114.33,10482.76
6332,Нет завершённых покупок,0.0,0.0,0.0
6333,Credit Card,62.25,72.03,134.28
6334,Credit Card,3247.72,0.0,3247.72
6335,"Cash, PayPal",10177.51,69.03,10246.54
6336,Debit Card,5068.98,7.62,5076.6
6337,PayPal,2783.76,65.05,2848.81
6338,Нет завершённых покупок,0.0,0.0,0.0
6340,Cash,7894.06,72.5,7966.56
6342,Нет завершённых покупок,0.0,0.0,0.0
6343,Credit Card,1391.88,109.68,1501.56
6344,Нет завершённых покупок,0.0,0.0,0.0
6345,Debit Card,1482.18,0.0,1482.18
6346,"Cash, Debit Card",9683.45,109.48,9792.93
6348,Credit Card,3441.57,0.0,3441.57
6349,"Cash, Credit Card",7162.21,64.37,7226.58
6351,Нет завершённых покупок,0.0,0.0,0.0
6352,PayPal,41.5,69.39,110.89
6353,Cash,83.0,36.5,119.5
6354,Нет завершённых покупок,0.0,0.0,0.0
6357,Нет завершённых покупок,0.0,0.0,0.0
6358,Debit Card,6368.81,95.42,6464.23
6359,Debit Card,2470.3,42.26,2512.56
6360,Credit Card,7603.47,49.85,7653.32
6362,Cash,2223.27,65.38,2288.65
6363,Нет завершённых покупок,0.0,0.0,0.0
6365,Нет завершённых покупок,0.0,0.0,0.0
6367,PayPal,186.75,30.03,216.78
6369,PayPal,2470.3,83.8,2554.1
6373,Cash,990.08,55.57,1045.65
6375,Нет завершённых покупок,0.0,0.0,0.0
6376,Нет завершённых покупок,0.0,0.0,0.0
6379,Нет завершённых покупок,0.0,0.0,0.0
6380,Credit Card,3955.95,43.86,3999.81
6383,Cash,247.03,67.24,314.27
6386,Нет завершённых покупок,0.0,0.0,0.0
6387,Нет завершённых покупок,0.0,0.0,0.0
6389,"Credit Card, PayPal",11867.85,71.93,11939.78
6390,Debit Card,20.75,89.64,110.39
6392,Credit Card,4224.15,81.62,4305.77
6393,Cash,1855.84,0.0,1855.84
6396,PayPal,791.19,60.94,852.13
6397,"Debit Card, PayPal",2389.27,0.0,2389.27
6398,Нет завершённых покупок,0.0,0.0,0.0
6399,"Cash, PayPal",2658.99,127.59,2786.58
6400,Cash,2470.3,0.0,2470.3
6401,Cash,791.19,51.85,843.04
6403,"Cash, Credit Card",14241.42,47.07,14288.49
6404,"Cash, Credit Card, PayPal",11862.33,188.52,12050.85
6405,Нет завершённых покупок,0.0,0.0,0.0
6407,Debit Card,10333.72,21.58,10355.3
6408,Cash,1689.66,93.29,1782.95
6410,"Cash, PayPal",2021.84,86.88,2108.72
6411,Нет завершённых покупок,0.0,0.0,0.0
6413,"Debit Card, PayPal",6304.13,117.31,6421.44
6414,Debit Card,247.03,24.5,271.53
6415,"Cash, Debit Card",4871.64,120.35,4991.99
6416,"Cash, Debit Card",4697.04,50.18,4747.22
6417,Нет завершённых покупок,0.0,0.0,0.0
6419,Cash,4639.6,64.43,4704.03
6421,Credit Card,7120.71,47.87,7168.58
6422,Credit Card,20.75,80.83,101.58
6424,Debit Card,988.12,0.0,988.12
6425,Нет завершённых покупок,0.0,0.0,0.0
6426,Credit Card,3379.32,0.0,3379.32
6427,Credit Card,2534.49,45.64,2580.13
6429,"Cash, PayPal",2904.16,91.58,2995.74
6430,Credit Card,3855.75,174.74,4030.49
6431,PayPal,1855.84,0.0,1855.84
6432,Cash,2783.76,85.44,2869.2
6434,Credit Card,4747.14,11.28,4758.42
6435,Cash,247.03,55.44,302.47
6436,Debit Card,4747.14,22.02,4769.16
6437,Нет завершённых покупок,0.0,0.0,0.0
6438,Нет завершённых покупок,0.0,0.0,0.0
6440,Cash,1235.15,59.04,1294.19
6441,Cash,988.12,0.0,988.12
6442,Нет завершённых покупок,0.0,0.0,0.0
6443,Debit Card,5538.33,0.0,5538.33
6445,"Cash, Debit Card",6139.02,103.35,6242.37
6447,Credit Card,5068.98,44.57,5113.55
6448,Cash,4175.64,53.24,4228.88
6449,"Debit Card, PayPal",1829.41,112.52,1941.93
6450,Нет завершённых покупок,0.0,0.0,0.0
6451,PayPal,2783.76,31.53,2815.29
6453,Cash,1235.15,40.26,1275.41
6455,Нет завершённых покупок,0.0,0.0,0.0
6457,Cash,4623.92,100.78,4724.7
6458,"Debit Card, PayPal",7861.8,72.13,7933.93
6459,Нет завершённых покупок,0.0,0.0,0.0
6460,"Debit Card, PayPal",2574.04,175.13,2749.17
6462,Нет завершённых покупок,0.0,0.0,0.0
6463,Cash,6758.64,0.0,6758.64
6464,Cash,1582.38,57.45,1639.83
6465,Debit Card,6758.64,117.84,6876.48
6467,PayPal,5068.98,59.46,5128.44
6468,PayPal,5913.81,18.59,5932.4
6470,"Cash, Debit Card",7367.74,160.61,7528.35
6471,Нет завершённых покупок,0.0,0.0,0.0
6472,Нет завершённых покупок,0.0,0.0,0.0
6473,Cash,3955.95,21.51,3977.46
6474,Cash,103.75,106.1,209.85
6475,Debit Card,2783.76,5.3,2789.06
6477,PayPal,2319.8,88.22,2408.02
6478,Нет завершённых покупок,0.0,0.0,0.0
6479,Credit Card,741.09,84.83,825.92
6480,Нет завершённых покупок,0.0,0.0,0.0
6483,Нет завершённых покупок,0.0,0.0,0.0
6484,Cash,2783.76,0.0,2783.76
6485,Нет завершённых покупок,0.0,0.0,0.0
6487,PayPal,494.06,0.0,494.06
6488,Нет завершённых покупок,0.0,0.0,0.0
6489,"Cash, Debit Card",4383.14,81.34,4464.48
6490,Нет завершённых покупок,0.0,0.0,0.0
6491,PayPal,4175.64,0.0,4175.64
6493,Нет завершённых покупок,0.0,0.0,0.0
6495,Debit Card,207.5,42.61,250.11
6496,Credit Card,41.5,60.6,102.1
6498,Нет завершённых покупок,0.0,0.0,0.0
6499,Credit Card,1482.18,0.0,1482.18
6500,PayPal,2373.57,0.0,2373.57
6504,Нет завершённых покупок,0.0,0.0,0.0
6505,Credit Card,5913.81,0.0,5913.81
6507,Debit Card,3247.72,101.81,3349.53
6508,Нет завершённых покупок,0.0,0.0,0.0
6509,Debit Card,2470.3,0.0,2470.3
6510,Debit Card,5050.57,124.63,5175.2
6515,Нет завершённых покупок,0.0,0.0,0.0
6516,Debit Card,12047.54,196.9,12244.44
6517,Credit Card,1482.18,0.0,1482.18
6519,PayPal,7603.47,0.0,7603.47
6520,Credit Card,83.0,106.86,189.86
6524,Cash,5103.56,76.85,5180.41
6525,Cash,1582.38,41.41,1623.79
6526,PayPal,2783.76,63.55,2847.31
6527,Credit Card,1582.38,63.84,1646.22
6528,Credit Card,7603.47,0.0,7603.47
6529,Cash,463.96,51.4,515.36
6530,PayPal,3164.76,97.37,3262.13
6531,Debit Card,3955.95,19.79,3975.74
6534,Нет завершённых покупок,0.0,0.0,0.0
6535,Debit Card,5934.95,159.25,6094.2
6538,Нет завершённых покупок,0.0,0.0,0.0
6540,Нет завершённых покупок,0.0,0.0,0.0
6541,Credit Card,2534.49,11.53,2546.02
6543,PayPal,741.09,60.95,802.04
6545,Debit Card,4175.64,54.07,4229.71
6546,Нет завершённых покупок,0.0,0.0,0.0
6547,Cash,1391.88,72.23,1464.11
6548,"Credit Card, Debit Card",1976.24,88.13,2064.37
6550,Нет завершённых покупок,0.0,0.0,0.0
6551,PayPal,124.5,43.61,168.11
6553,"Credit Card, PayPal",3801.98,79.64,3881.62
6554,Debit Card,4639.6,129.99,4769.59
6555,Cash,1582.38,36.81,1619.19
6557,Credit Card,1976.24,0.0,1976.24
6558,Credit Card,83.0,61.54,144.54
6561,Credit Card,791.19,62.31,853.5
6562,Cash,3247.72,37.3,3285.02
6565,Debit Card,1235.15,17.47,1252.62
6566,Credit Card,62.25,16.47,78.72
6567,PayPal,494.06,112.08,606.14
6569,"Credit Card, Debit Card",5635.06,75.15,5710.21
6571,Cash,2534.49,49.76,2584.25
6573,Credit Card,494.06,29.68,523.74
6574,Debit Card,5913.81,11.42,5925.23
6575,Cash,2534.49,24.13,2558.62
6578,PayPal,3955.95,32.43,3988.38
6581,Credit Card,791.19,0.0,791.19
6582,"Cash, PayPal",4805.6,159.22,4964.82
6585,Нет завершённых покупок,0.0,0.0,0.0
6588,Cash,3711.68,0.0,3711.68
6589,Cash,3164.76,0.0,3164.76
6590,Debit Card,741.09,65.53,806.62
6591,PayPal,844.83,54.49,899.32
6592,"Cash, Debit Card",9601.56,162.92,9764.48
6593,Нет завершённых покупок,0.0,0.0,0.0
6596,Cash,4639.6,0.0,4639.6
6599,"Cash, Debit Card, PayPal",1010.92,158.12,1169.04
6600,"Credit Card, PayPal",4326.14,37.06,4363.2
6602,Credit Card,9327.71,60.3,9388.01
6604,Credit Card,166.0,71.45,237.45
6605,Credit Card,8448.3,107.02,8555.32
6607,Credit Card,791.19,36.8,827.99
6608,"Credit Card, PayPal",7911.9,36.72,7948.62
6609,Credit Card,124.5,0.0,124.5
6610,Cash,2470.3,0.0,2470.3
6612,Cash,4224.15,94.87,4319.02
6614,"Cash, Credit Card",8591.59,92.0,8683.59
6615,Нет завершённых покупок,0.0,0.0,0.0
6616,Нет завершённых покупок,0.0,0.0,0.0
6617,PayPal,791.19,12.88,804.07
6618,Нет завершённых покупок,0.0,0.0,0.0
6619,Нет завершённых покупок,0.0,0.0,0.0
6620,"Cash, PayPal",1255.9,125.39,1381.29
6622,Cash,247.03,76.09,323.12
6624,Cash,20.75,51.24,71.99
6626,Нет завершённых покупок,0.0,0.0,0.0
6627,Credit Card,6329.52,0.0,6329.52
6628,"Cash, Credit Card",373.5,70.37,443.87
6629,PayPal,5538.33,69.56,5607.89
6630,PayPal,2319.8,0.0,2319.8
6631,Нет завершённых покупок,0.0,0.0,0.0
6632,Debit Card,1976.24,25.7,2001.94
6633,Debit Card,1482.18,10.58,1492.76
6634,Нет завершённых покупок,0.0,0.0,0.0
6635,Credit Card,844.83,37.5,882.33
6637,"Cash, Credit Card",5752.89,117.24,5870.13
6638,PayPal,1761.36,196.72,1958.08
6642,Credit Card,11910.71,99.96,12010.67
6643,Credit Card,1391.88,85.38,1477.26
6644,Debit Card,5913.81,6.91,5920.72
6645,Cash,3711.68,86.57,3798.25
6646,Debit Card,6758.64,94.7,6853.34
6647,Debit Card,1482.18,0.0,1482.18
6648,"Credit Card, PayPal",8864.01,0.0,8864.01
6649,Нет завершённых покупок,0.0,0.0,0.0
6650,Нет завершённых покупок,0.0,0.0,0.0
6652,"Cash, Credit Card, Debit Card",3115.76,115.48,3231.24
6653,Нет завершённых покупок,0.0,0.0,0.0
6654,Cash,8448.3,32.46,8480.76
6655,Debit Card,1976.24,16.74,1992.98
6656,Cash,4175.64,36.23,4211.87
6658,Cash,927.92,63.72,991.64
6661,PayPal,103.75,118.69,222.44
6662,Credit Card,207.5,38.57,246.07
6663,Debit Card,5913.81,0.0,5913.81
6664,Нет завершённых покупок,0.0,0.0,0.0
6665,Нет завершённых покупок,0.0,0.0,0.0
6666,Cash,166.0,65.49,231.49
6668,"Credit Card, Debit Card",6651.36,58.67,6710.03
6669,Нет завершённых покупок,0.0,0.0,0.0
6670,Cash,988.12,67.72,1055.84
6671,Нет завершённых покупок,0.0,0.0,0.0
6672,Debit Card,1582.38,0.0,1582.38
6676,"Cash, Credit Card",1897.16,8.73,1905.89
6677,"Credit Card, PayPal",8351.28,37.22,8388.5
6678,Cash,103.75,62.91,166.66
6680,Credit Card,463.96,34.66,498.62
6683,Cash,7644.97,130.81,7775.78
6685,"Cash, Debit Card",2347.77,36.6,2384.37
6686,Credit Card,3379.32,51.0,3430.32
6688,Cash,1391.88,0.0,1391.88
6689,"Cash, PayPal",3309.97,97.45,3407.42
6691,"Debit Card, PayPal",6549.21,55.85,6605.06
6692,Credit Card,927.92,0.0,927.92
6693,"Cash, PayPal",4646.94,70.52,4717.46
6694,Нет завершённых покупок,0.0,0.0,0.0
6695,Debit Card,103.75,83.93,187.68
6698,Credit Card,2470.3,49.27,2519.57
6701,Credit Card,1976.24,0.0,1976.24
6703,PayPal,1853.71,68.77,1922.48
6704,Нет завершённых покупок,0.0,0.0,0.0
6709,Credit Card,41.5,0.0,41.5
6710,Credit Card,2470.3,0.0,2470.3
6713,Нет завершённых покупок,0.0,0.0,0.0
6715,"Debit Card, PayPal",3315.13,148.54,3463.67
6716,Credit Card,3247.72,21.41,3269.13
6717,PayPal,2319.8,46.9,2366.7
6718,"Cash, Credit Card",3873.38,53.32,3926.7
6719,Credit Card,3718.9,25.27,3744.17
6720,Debit Card,4224.15,77.73,4301.88
6721,PayPal,741.09,0.0,741.09
6722,Нет завершённых покупок,0.0,0.0,0.0
6723,Cash,2223.27,0.0,2223.27
6724,Cash,1729.21,18.3,1747.51
6726,Cash,5068.98,0.0,5068.98
6727,Credit Card,186.75,54.17,240.92
6728,Cash,3379.32,68.92,3448.24
6730,Нет завершённых покупок,0.0,0.0,0.0
6731,Debit Card,494.06,43.89,537.95
6732,Cash,3247.72,11.01,3258.73
6735,"Cash, Debit Card",13986.63,0.0,13986.63
6736,Cash,2783.76,0.0,2783.76
6737,Нет завершённых покупок,0.0,0.0,0.0
6738,Нет завершённых покупок,0.0,0.0,0.0
6741,Cash,2470.3,31.21,2501.51
6745,"Cash, PayPal",9132.21,37.13,9169.34
6747,PayPal,741.09,16.27,757.36
6749,PayPal,247.03,110.33,357.36
6750,Debit Card,1729.21,0.0,1729.21
6751,Debit Card,1482.18,86.86,1569.04
6752,Нет завершённых покупок,0.0,0.0,0.0
6754,Cash,62.25,53.34,115.59
6757,"Credit Card, Debit Card",990.17,113.47,1103.64
6758,Нет завершённых покупок,0.0,0.0,0.0
6760,Debit Card,7120.71,37.44,7158.15
6762,Нет завершённых покупок,0.0,0.0,0.0
6763,PayPal,3711.68,21.9,3733.58
6766,PayPal,7911.9,50.29,7962.19
6767,Debit Card,41.5,27.46,68.96
6768,Credit Card,7120.71,40.22,7160.93
6771,"Credit Card, Debit Card",6723.38,179.31,6902.69
6773,PayPal,8593.55,147.46,8741.01
6776,PayPal,207.5,75.98,283.48
6777,Debit Card,6758.64,43.19,6801.83
6779,"Credit Card, Debit Card",7203.67,120.0,7323.67
6780,Нет завершённых покупок,0.0,0.0,0.0
6782,"Credit Card, PayPal",1052.42,120.55,1172.97
6785,PayPal,844.83,81.5,926.33
6787,Cash,2223.27,102.18,2325.45
6789,Cash,927.92,0.0,927.92
6790,Нет завершённых покупок,0.0,0.0,0.0
6791,PayPal,2373.57,78.07,2451.64
6793,Cash,11867.85,135.56,12003.41
6794,Нет завершённых покупок,0.0,0.0,0.0
6798,Credit Card,5913.81,41.16,5954.97
6799,PayPal,11613.06,127.55,11740.61
6800,Debit Card,3247.72,37.08,3284.8
6801,Cash,7120.71,93.55,7214.26
6802,Нет завершённых покупок,0.0,0.0,0.0
6805,PayPal,4747.14,81.26,4828.4
6806,Credit Card,1729.21,0.0,1729.21
6807,Cash,8448.3,102.28,8550.58
6808,Нет завершённых покупок,0.0,0.0,0.0
6809,Cash,494.06,23.73,517.79
6811,"Credit Card, Debit Card",166.0,10.0,176.0
6812,Cash,741.09,75.16,816.25
6815,Debit Card,6758.64,0.0,6758.64
6816,Нет завершённых покупок,0.0,0.0,0.0
6817,Cash,4639.6,40.69,4680.29
6823,Нет завершённых покупок,0.0,0.0,0.0
6824,Cash,8448.3,73.89,8522.19
6825,Нет завершённых покупок,0.0,0.0,0.0
6826,Debit Card,3711.68,54.34,3766.02
6830,Credit Card,3955.95,0.0,3955.95
6831,Нет завершённых покупок,0.0,0.0,0.0
6832,Debit Card,5538.33,42.82,5581.15
6834,Нет завершённых покупок,0.0,0.0,0.0
6835,Нет завершённых покупок,0.0,0.0,0.0
6836,Нет завершённых покупок,0.0,0.0,0.0
6837,Credit Card,2783.76,90.65,2874.41
6838,Нет завершённых покупок,0.0,0.0,0.0
6839,Нет завершённых покупок,0.0,0.0,0.0
6841,PayPal,463.96,0.0,463.96
6842,Нет завершённых покупок,0.0,0.0,0.0
6843,Cash,186.75,75.51,262.26
6845,"Cash, PayPal",12659.04,74.95,12733.99
6846,Credit Card,3247.72,6.12,3253.84
6848,Debit Card,4175.64,26.05,4201.69
6850,Debit Card,247.03,0.0,247.03
6851,Debit Card,1918.09,107.73,2025.82
6852,PayPal,62.25,0.0,62.25
6853,Cash,3164.76,63.27,3228.03
6854,Credit Card,20.75,31.46,52.21
6855,Нет завершённых покупок,0.0,0.0,0.0
6856,PayPal,6959.4,61.84,7021.24
6857,Cash,1482.18,0.0,1482.18
6858,Debit Card,5913.81,78.68,5992.49
6859,Debit Card,1582.38,49.31,1631.69
6860,Credit Card,13849.64,50.24,13899.88
6861,Нет завершённых покупок,0.0,0.0,0.0
6864,Нет завершённых покупок,0.0,0.0,0.0
6865,"Cash, Credit Card",4843.87,77.94,4921.81
6866,"Credit Card, Debit Card",5347.83,83.7,5431.53
6868,"Debit Card, PayPal",1091.87,0.0,1091.87
6870,Credit Card,1976.24,0.0,1976.24
6873,Credit Card,3121.09,74.01,3195.1
6875,Нет завершённых покупок,0.0,0.0,0.0
6877,"Debit Card, PayPal",2223.27,60.41,2283.68
6878,Credit Card,5538.33,37.33,5575.66
6880,PayPal,1976.24,62.16,2038.4
6882,Cash,1482.18,22.11,1504.29
6883,"Credit Card, Debit Card",4688.11,122.85,4810.96
6885,"Credit Card, Debit Card",7305.69,77.9,7383.59
6886,Debit Card,1582.38,99.3,1681.68
6889,Debit Card,8037.82,124.33,8162.15
6890,Debit Card,2223.27,0.0,2223.27
6891,Cash,3247.72,0.0,3247.72
6893,"Credit Card, PayPal",6221.98,106.12,6328.1
6895,"Debit Card, PayPal",4080.45,0.0,4080.45
6896,Debit Card,463.96,30.85,494.81
6898,Credit Card,3247.72,145.56,3393.28
6899,Debit Card,2470.3,56.3,2526.6
6901,Нет завершённых покупок,0.0,0.0,0.0
6902,Cash,1689.66,75.55,1765.21
6903,Debit Card,8448.3,0.0,8448.3
6904,PayPal,1391.88,61.54,1453.42
6905,Credit Card,7227.99,131.72,7359.71
6906,Нет завершённых покупок,0.0,0.0,0.0
6907,"Cash, Debit Card",2236.71,131.08,2367.79
6908,PayPal,6329.52,79.78,6409.3
6910,"Cash, Debit Card",10768.23,73.26,10841.49
6913,"Cash, Credit Card",9869.76,0.0,9869.76
6914,"Debit Card, PayPal",9239.49,92.03,9331.52
6915,Нет завершённых покупок,0.0,0.0,0.0
6916,Нет завершённых покупок,0.0,0.0,0.0
6917,"Credit Card, PayPal",8058.73,0.0,8058.73
6918,Credit Card,1976.24,0.0,1976.24
6919,PayPal,5068.98,85.73,5154.71
6920,"Debit Card, PayPal",10382.2,94.25,10476.45
6922,Credit Card,3711.68,32.88,3744.56
6924,Debit Card,3164.76,16.26,3181.02
6926,"Credit Card, Debit Card",4320.89,117.02,4437.91
6928,Debit Card,463.96,42.01,505.97
6929,Нет завершённых покупок,0.0,0.0,0.0
6932,Cash,83.0,20.14,103.14
6938,Cash,11529.84,72.63,11602.47
6939,PayPal,1482.18,0.0,1482.18
6940,Нет завершённых покупок,0.0,0.0,0.0
6941,Debit Card,166.0,54.92,220.92
6942,Нет завершённых покупок,0.0,0.0,0.0
6943,Credit Card,2223.27,0.0,2223.27
6944,PayPal,2319.8,48.51,2368.31
6945,Credit Card,1729.21,29.39,1758.6
6946,PayPal,1391.88,61.49,1453.37
6947,Нет завершённых покупок,0.0,0.0,0.0
6948,PayPal,1482.18,58.05,1540.23
6950,Credit Card,4224.15,84.28,4308.43
6953,Cash,4224.15,0.0,4224.15
6954,Credit Card,6623.18,108.19,6731.37
6955,Credit Card,2783.76,104.12,2887.88
6956,"Cash, Debit Card",4320.89,102.76,4423.65
6960,PayPal,41.5,64.81,106.31
6962,PayPal,1855.84,6.84,1862.68
6963,"Credit Card, Debit Card",8602.89,122.8,8725.69
6964,PayPal,11620.14,202.13,11822.27
6965,Debit Card,7911.9,13.85,7925.75
6967,Нет завершённых покупок,0.0,0.0,0.0
6969,Credit Card,1976.24,79.42,2055.66
6971,Debit Card,5913.81,0.0,5913.81
6972,Нет завершённых покупок,0.0,0.0,0.0
6973,"Cash, Debit Card",8018.92,167.18,8186.1
6975,Нет завершённых покупок,0.0,0.0,0.0
6976,Cash,3325.68,126.14,3451.82
6977,Cash,145.25,58.46,203.71
6979,Debit Card,83.0,68.94,151.94
6984,Нет завершённых покупок,0.0,0.0,0.0
6986,Нет завершённых покупок,0.0,0.0,0.0
6988,Credit Card,247.03,34.59,281.62
6990,Credit Card,6329.52,11.1,6340.62
6991,Debit Card,124.5,57.37,181.87
6992,Нет завершённых покупок,0.0,0.0,0.0
6993,Cash,6758.64,75.59,6834.23
6996,Нет завершённых покупок,0.0,0.0,0.0
6997,Debit Card,124.5,0.0,124.5
6999,"Cash, Debit Card",2470.3,86.62,2556.92
7000,Нет завершённых покупок,0.0,0.0,0.0
7002,Cash,186.75,49.23,235.98
7003,"Credit Card, PayPal",11623.58,19.82,11643.4
7004,PayPal,7120.71,39.64,7160.35
7006,Нет завершённых покупок,0.0,0.0,0.0
7008,"Cash, Credit Card",2539.57,35.51,2575.08
7009,Cash,2223.27,24.13,2247.4
7010,Нет завершённых покупок,0.0,0.0,0.0
7013,Cash,4224.15,48.96,4273.11
7014,Debit Card,83.0,49.24,132.24
7015,Credit Card,3164.76,39.72,3204.48
7016,Credit Card,145.25,0.0,145.25
7018,Нет завершённых покупок,0.0,0.0,0.0
7020,Credit Card,13986.63,26.76,14013.39
7021,Debit Card,8181.65,191.13,8372.78
7022,Нет завершённых покупок,0.0,0.0,0.0
7023,Нет завершённых покупок,0.0,0.0,0.0
7025,Cash,6758.64,172.67,6931.31
7026,Credit Card,3164.76,0.0,3164.76
7027,PayPal,4224.15,15.34,4239.49
7030,"Credit Card, Debit Card",5563.04,114.54,5677.58
7031,Debit Card,7603.47,89.03,7692.5
7032,Cash,1729.21,59.26,1788.47
7033,Credit Card,463.96,0.0,463.96
7034,"Cash, PayPal",6549.21,148.86,6698.07
7035,"Cash, PayPal",5532.94,107.03,5639.97
7036,Debit Card,2534.49,63.56,2598.05
7037,Нет завершённых покупок,0.0,0.0,0.0
7040,Cash,7120.71,47.02,7167.73
7042,Debit Card,6758.64,39.29,6797.93
7043,"Cash, PayPal",3455.22,121.6,3576.82
7044,Нет завершённых покупок,0.0,0.0,0.0
7047,"Credit Card, PayPal",2193.17,117.26,2310.43
7048,Debit Card,1729.21,0.0,1729.21
7049,Нет завершённых покупок,0.0,0.0,0.0
7050,Нет завершённых покупок,0.0,0.0,0.0
7053,PayPal,18470.83,222.43,18693.26
7054,Credit Card,20.75,0.0,20.75
7055,Нет завершённых покупок,0.0,0.0,0.0
7057,Credit Card,791.19,52.71,843.9
7058,Нет завершённых покупок,0.0,0.0,0.0
7060,Нет завершённых покупок,0.0,0.0,0.0
7061,"Credit Card, Debit Card",5602.59,16.92,5619.51
7063,PayPal,3379.32,70.94,3450.26
7065,Cash,1391.88,70.78,1462.66
7066,PayPal,988.12,39.88,1028.0
7067,Cash,3379.32,75.55,3454.87
7069,Нет завершённых покупок,0.0,0.0,0.0
7070,"Cash, Credit Card",11597.67,44.82,11642.49
7073,Нет завершённых покупок,0.0,0.0,0.0
7074,Cash,166.0,0.0,166.0
7075,Cash,5068.98,0.0,5068.98
7077,"Credit Card, Debit Card",9767.74,130.54,9898.28
7078,Credit Card,1729.21,0.0,1729.21
7079,Нет завершённых покупок,0.0,0.0,0.0
7080,PayPal,8448.3,0.0,8448.3
7085,Нет завершённых покупок,0.0,0.0,0.0
7086,Credit Card,41.5,8.03,49.53
7087,Debit Card,3379.32,33.93,3413.25
7090,Debit Card,741.09,0.0,741.09
7091,"Cash, Credit Card",8015.65,26.27,8041.92
7092,Нет завершённых покупок,0.0,0.0,0.0
7093,Нет завершённых покупок,0.0,0.0,0.0
7094,Cash,83.0,0.0,83.0
7095,Нет завершённых покупок,0.0,0.0,0.0
7096,Credit Card,2470.3,0.0,2470.3
7097,Credit Card,988.12,6.85,994.97
7098,PayPal,7911.9,50.35,7962.25
7100,"Debit Card, PayPal",2596.93,37.0,2633.93
7101,Cash,1976.24,102.98,2079.22
7102,Cash,2783.76,20.75,2804.51
7106,Нет завершённых покупок,0.0,0.0,0.0
7107,PayPal,1689.66,38.21,1727.87
7108,Credit Card,7120.71,0.0,7120.71
7109,"Debit Card, PayPal",484.71,125.29,610.0
7111,Debit Card,2223.27,97.51,2320.78
7112,Credit Card,103.75,0.0,103.75
7113,Cash,1689.66,0.0,1689.66
7114,Debit Card,3955.95,6.59,3962.54
7115,PayPal,186.75,0.0,186.75
7116,Cash,1391.88,90.93,1482.81
7119,Cash,3164.76,63.69,3228.45
7120,Credit Card,8531.3,164.45,8695.75
7122,Cash,844.83,70.86,915.69
7123,Credit Card,5913.81,93.28,6007.09
7124,Cash,6329.52,0.0,6329.52
7125,"Credit Card, Debit Card",8697.57,37.01,8734.58
7126,"Cash, Credit Card, Debit Card",9816.12,156.56,9972.68
7127,PayPal,1976.24,52.96,2029.2
7129,"Debit Card, PayPal",4452.77,95.06,4547.83
7130,Cash,791.19,79.7,870.89
7131,Credit Card,741.09,0.0,741.09
7134,"Credit Card, PayPal",8810.37,45.02,8855.39
7135,Debit Card,124.5,47.26,171.76
7136,Credit Card,494.06,104.29,598.35
7137,Нет завершённых покупок,0.0,0.0,0.0
7140,PayPal,3769.64,43.98,3813.62
7144,Нет завершённых покупок,0.0,0.0,0.0
7145,Cash,7603.47,83.55,7687.02
7146,Нет завершённых покупок,0.0,0.0,0.0
7149,Cash,1689.66,49.29,1738.95
7151,"Debit Card, PayPal",1791.46,109.38,1900.84
7153,Credit Card,3711.68,86.94,3798.62
7154,Debit Card,290.5,40.73,331.23
7155,Debit Card,2783.76,61.16,2844.92
7156,Нет завершённых покупок,0.0,0.0,0.0
7157,PayPal,791.19,112.16,903.35
7158,PayPal,988.12,88.93,1077.05
7159,Debit Card,8262.68,60.47,8323.15
7160,Нет завершённых покупок,0.0,0.0,0.0
7161,"Cash, PayPal",3060.89,88.57,3149.46
7162,"Cash, Debit Card",4092.55,153.73,4246.28
7163,PayPal,3955.95,20.73,3976.68
7164,"Debit Card, PayPal",3628.72,23.86,3652.58
7167,PayPal,16614.99,139.93,16754.92
7168,PayPal,4639.6,55.97,4695.57
7169,Debit Card,4747.14,79.97,4827.11
7170,Нет завершённых покупок,0.0,0.0,0.0
7171,Нет завершённых покупок,0.0,0.0,0.0
7172,Debit Card,4224.15,80.15,4304.3
7173,"Cash, Credit Card, Debit Card",10939.67,130.29,11069.96
7175,Нет завершённых покупок,0.0,0.0,0.0
7176,Cash,791.19,33.67,824.86
7178,Debit Card,3955.95,22.05,3978.0
7179,Cash,7911.9,73.92,7985.82
7181,Нет завершённых покупок,0.0,0.0,0.0
7183,Cash,6329.52,48.35,6377.87
7188,Credit Card,2783.76,71.38,2855.14
7189,Нет завершённых покупок,0.0,0.0,0.0
7190,PayPal,6758.64,8.94,6767.58
7191,PayPal,1235.15,56.71,1291.86
7192,"Debit Card, PayPal",269.75,161.65,431.4
7193,Credit Card,1582.38,8.68,1591.06
7194,Cash,41.5,38.22,79.72
7195,Cash,6329.52,66.54,6396.06
7196,Нет завершённых покупок,0.0,0.0,0.0
7198,Debit Card,4747.14,55.2,4802.34
7199,PayPal,3247.72,96.04,3343.76
7200,Нет завершённых покупок,0.0,0.0,0.0
7203,Debit Card,1729.21,0.0,1729.21
7205,Credit Card,145.25,7.52,152.77
7206,Нет завершённых покупок,0.0,0.0,0.0
7208,Debit Card,5068.98,36.13,5105.11
7210,"Credit Card, Debit Card",4163.45,212.57,4376.02
7211,Credit Card,4747.14,86.36,4833.5
7212,Credit Card,3164.76,0.0,3164.76
7213,Credit Card,83.0,0.0,83.0
7215,Credit Card,2223.27,72.92,2296.19
7216,Debit Card,166.0,10.65,176.65
7218,Нет завершённых покупок,0.0,0.0,0.0
7220,Cash,1855.84,73.39,1929.23
7221,"Cash, Credit Card",4018.91,101.38,4120.29
7222,Credit Card,3665.9,95.35,3761.25
7223,PayPal,4175.64,0.0,4175.64
7225,PayPal,2534.49,20.95,2555.44
7226,PayPal,2223.27,0.0,2223.27
7228,Cash,927.92,48.99,976.91
7229,"Credit Card, PayPal",3952.48,93.82,4046.3
7230,"Cash, Credit Card",371.53,49.79,421.32
7231,"Cash, PayPal",12296.97,109.94,12406.91
7232,PayPal,6329.52,48.93,6378.45
7233,Нет завершённых покупок,0.0,0.0,0.0
7234,Debit Card,3247.72,55.69,3303.41
7235,"Cash, Credit Card",2924.81,72.66,2997.47
7237,Нет завершённых покупок,0.0,0.0,0.0
7238,Cash,5068.98,0.0,5068.98
7239,Cash,186.75,97.16,283.91
7240,PayPal,7603.47,23.2,7626.67
7242,"Credit Card, Debit Card",886.33,76.86,963.19
7244,PayPal,7911.9,34.9,7946.8
7245,Нет завершённых покупок,0.0,0.0,0.0
7247,"Cash, Debit Card",680.81,20.93,701.74
7248,Credit Card,6329.52,85.95,6415.47
7249,Credit Card,2631.05,158.62,2789.67
7250,PayPal,2373.57,15.46,2389.03
7251,Cash,247.03,0.0,247.03
7252,Нет завершённых покупок,0.0,0.0,0.0
7254,Debit Card,83.0,29.95,112.95
7257,PayPal,62.25,99.44,161.69
7258,Cash,1729.21,0.0,1729.21
7259,Cash,3247.72,0.0,3247.72
7260,Cash,2319.8,70.4,2390.2
7263,Cash,1689.66,30.95,1720.61
7264,Debit Card,4224.15,79.92,4304.07
7266,Нет завершённых покупок,0.0,0.0,0.0
7267,Debit Card,3247.72,0.0,3247.72
7268,PayPal,5913.81,56.44,5970.25
7269,Credit Card,1482.18,78.62,1560.8
7273,Нет завершённых покупок,0.0,0.0,0.0
7274,Credit Card,2470.3,44.06,2514.36
7275,Credit Card,8448.3,75.67,8523.97
7277,Credit Card,5538.33,86.99,5625.32
7279,PayPal,1391.88,96.97,1488.85
7282,PayPal,207.5,0.0,207.5
7283,Debit Card,8448.3,74.75,8523.05
7286,Нет завершённых покупок,0.0,0.0,0.0
7288,Нет завершённых покупок,0.0,0.0,0.0
7291,Нет завершённых покупок,0.0,0.0,0.0
7292,PayPal,927.92,91.1,1019.02
7293,Debit Card,2223.27,21.15,2244.42
7295,Нет завершённых покупок,0.0,0.0,0.0
7299,Нет завершённых покупок,0.0,0.0,0.0
7300,Нет завершённых покупок,0.0,0.0,0.0
7302,Debit Card,4788.64,140.88,4929.52
7304,PayPal,1603.13,71.6,1674.73
7307,Нет завершённых покупок,0.0,0.0,0.0
7309,Нет завершённых покупок,0.0,0.0,0.0
7310,Cash,3711.68,0.0,3711.68
7312,PayPal,844.83,57.21,902.04
7313,Нет завершённых покупок,0.0,0.0,0.0
7314,Debit Card,7120.71,42.18,7162.89
7315,"Credit Card, Debit Card",83.0,0.0,83.0
7316,PayPal,1729.21,76.16,1805.37
7317,Debit Card,927.92,0.0,927.92
7318,PayPal,41.5,68.87,110.37
7319,Debit Card,20.75,5.21,25.96
7320,Credit Card,6758.64,65.03,6823.67
7325,"Cash, Credit Card",3121.09,52.26,3173.35
7326,"Debit Card, PayPal",1338.89,74.91,1413.8
7327,PayPal,463.96,50.07,514.03
7328,Нет завершённых покупок,0.0,0.0,0.0
7329,Debit Card,6329.52,30.74,6360.26
7330,Credit Card,2534.49,9.62,2544.11
7332,Debit Card,927.92,0.0,927.92
7334,Нет завершённых покупок,0.0,0.0,0.0
7337,Нет завершённых покупок,0.0,0.0,0.0
7339,Нет завершённых покупок,0.0,0.0,0.0
7340,Нет завершённых покупок,0.0,0.0,0.0
7341,Нет завершённых покупок,0.0,0.0,0.0
7342,Нет завершённых покупок,0.0,0.0,0.0
7343,Нет завершённых покупок,0.0,0.0,0.0
7345,Нет завершённых покупок,0.0,0.0,0.0
7348,Debit Card,5068.98,0.0,5068.98
7349,Credit Card,20.75,73.62,94.37
7350,"Credit Card, Debit Card",5276.48,37.14,5313.62
7351,PayPal,83.0,20.59,103.59
7352,Credit Card,927.92,34.47,962.39
7353,Нет завершённых покупок,0.0,0.0,0.0
7354,Debit Card,1874.46,79.31,1953.77
7355,Нет завершённых покупок,0.0,0.0,0.0
7356,Credit Card,3955.95,0.0,3955.95
7357,"Credit Card, PayPal",8595.55,83.13,8678.68
7358,Debit Card,1482.18,0.0,1482.18
7360,Нет завершённых покупок,0.0,0.0,0.0
7361,Нет завершённых покупок,0.0,0.0,0.0
7363,Debit Card,1235.15,38.28,1273.43
7364,Cash,2223.27,0.0,2223.27
7365,Debit Card,3247.72,48.22,3295.94
7366,Нет завершённых покупок,0.0,0.0,0.0
7367,PayPal,4224.15,57.92,4282.07
7368,PayPal,6758.64,54.11,6812.75
7369,PayPal,7252.7,52.71,7305.41
7371,PayPal,41.5,54.94,96.44
7374,Credit Card,247.03,47.32,294.35
7375,Credit Card,3247.72,47.16,3294.88
7377,Debit Card,11076.66,109.2,11185.86
7379,Cash,41.5,87.25,128.75
7380,PayPal,83.0,19.03,102.03
7381,"Credit Card, Debit Card, PayPal",2817.53,135.19,2952.72
7382,"Credit Card, Debit Card",4944.07,124.03,5068.1
7384,Debit Card,2470.3,0.0,2470.3
7385,Credit Card,494.06,43.06,537.12
7386,Debit Card,6654.9,41.61,6696.51
7387,Нет завершённых покупок,0.0,0.0,0.0
7388,PayPal,3247.72,106.32,3354.04
7389,Credit Card,2100.74,154.28,2255.02
7391,Credit Card,988.12,119.02,1107.14
7392,Нет завершённых покупок,0.0,0.0,0.0
7394,"Cash, PayPal",8072.82,95.31,8168.13
7395,Нет завершённых покупок,0.0,0.0,0.0
7396,"Debit Card, PayPal",5579.83,179.09,5758.92
7397,Нет завершённых покупок,0.0,0.0,0.0
7398,"Credit Card, Debit Card",1976.24,114.25,2090.49
7401,Нет завершённых покупок,0.0,0.0,0.0
7402,Cash,1582.38,44.34,1626.72
7403,Cash,4747.14,81.15,4828.29
7404,Cash,2783.76,65.16,2848.92
7405,"Cash, Credit Card",3268.51,87.36,3355.87
7406,Cash,5068.98,65.65,5134.63
7407,Cash,791.19,78.72,869.91
7408,"Credit Card, Debit Card, PayPal",9083.65,135.4,9219.05
7410,Credit Card,7887.32,55.86,7943.18
7411,PayPal,1855.84,31.5,1887.34
7412,PayPal,62.25,37.9,100.15
7413,Cash,4224.15,52.52,4276.67
7414,"Credit Card, Debit Card, PayPal",7928.9,136.84,8065.74
7415,Debit Card,6329.52,57.85,6387.37
7416,Нет завершённых покупок,0.0,0.0,0.0
7417,Нет завершённых покупок,0.0,0.0,0.0
7420,"Credit Card, Debit Card, PayPal",5842.41,182.16,6024.57
7421,Нет завершённых покупок,0.0,0.0,0.0
7422,Нет завершённых покупок,0.0,0.0,0.0
7423,Cash,5538.33,58.11,5596.44
7424,Cash,2657.05,72.22,2729.27
7426,PayPal,6758.64,0.0,6758.64
7428,Cash,2373.57,0.0,2373.57
7429,Debit Card,12544.0,175.05,12719.05
7430,"Credit Card, Debit Card",10041.2,58.9,10100.1
7431,Credit Card,6329.52,0.0,6329.52
7432,Credit Card,4224.15,0.0,4224.15
7433,PayPal,62.25,81.56,143.81
7434,Debit Card,247.03,34.26,281.29
7435,Нет завершённых покупок,0.0,0.0,0.0
7436,Credit Card,10137.14,99.05,10236.19
7439,Cash,5913.81,73.78,5987.59
7440,"Debit Card, PayPal",1452.08,157.44,1609.52
7441,Нет завершённых покупок,0.0,0.0,0.0
7442,Нет завершённых покупок,0.0,0.0,0.0
7443,"Credit Card, Debit Card",8593.55,62.77,8656.32
7445,"Cash, Credit Card",7539.28,95.16,7634.44
7446,"Cash, Debit Card",7707.22,101.09,7808.31
7447,Credit Card,4175.64,0.0,4175.64
7448,Debit Card,83.0,7.51,90.51
7449,PayPal,166.0,28.12,194.12
7450,Credit Card,3247.72,18.49,3266.21
7451,Нет завершённых покупок,0.0,0.0,0.0
7454,Нет завершённых покупок,0.0,0.0,0.0
7455,Credit Card,791.19,59.94,851.13
7457,Debit Card,844.83,18.74,863.57
7458,Credit Card,13249.08,69.48,13318.56
7460,Debit Card,3711.68,0.0,3711.68
7461,Credit Card,1689.66,0.0,1689.66
7462,Нет завершённых покупок,0.0,0.0,0.0
7465,"Debit Card, PayPal",10137.96,135.01,10272.97
7468,Credit Card,6758.64,106.24,6864.88
7469,Cash,4224.15,75.29,4299.44
7470,Credit Card,145.25,67.43,212.68
7471,Cash,5567.52,150.43,5717.95
7472,Debit Card,3247.72,50.36,3298.08
7476,Нет завершённых покупок,0.0,0.0,0.0
7477,Debit Card,2319.8,67.03,2386.83
7478,PayPal,207.5,49.38,256.88
7481,"Cash, Debit Card",7335.27,0.0,7335.27
7482,PayPal,5913.81,97.58,6011.39
7483,Нет завершённых покупок,0.0,0.0,0.0
7484,"Cash, Debit Card",7066.94,161.5,7228.44
7487,PayPal,463.96,47.89,511.85
7488,"Cash, PayPal",1135.42,67.23,1202.65
7489,Debit Card,7932.65,151.04,8083.69
7490,PayPal,7911.9,86.41,7998.31
7491,PayPal,186.75,46.92,233.67
7492,Нет завершённых покупок,0.0,0.0,0.0
7494,"Cash, PayPal",4800.78,0.0,4800.78
7495,Нет завершённых покупок,0.0,0.0,0.0
7497,"Debit Card, PayPal",5699.12,60.94,5760.06
7498,Нет завершённых покупок,0.0,0.0,0.0
7500,Credit Card,741.09,90.11,831.2
7503,Debit Card,3711.68,71.28,3782.96
7504,Cash,62.25,0.0,62.25
7505,Debit Card,2679.74,114.66,2794.4
7507,Cash,5538.33,54.54,5592.87
7511,Нет завершённых покупок,0.0,0.0,0.0
7512,"Cash, PayPal",4473.42,76.3,4549.72
7514,"Cash, PayPal",8108.83,77.7,8186.53
7515,PayPal,2687.23,216.31,2903.54
7516,Нет завершённых покупок,0.0,0.0,0.0
7517,Нет завершённых покупок,0.0,0.0,0.0
7518,"Debit Card, PayPal",1474.88,42.67,1517.55
7519,"Credit Card, Debit Card",1638.91,35.74,1674.65
7520,"Cash, PayPal",5782.21,182.18,5964.39
7521,"Credit Card, Debit Card",1308.79,0.0,1308.79
7524,"Cash, Credit Card, Debit Card",10791.48,80.02,10871.5
7525,"Credit Card, Debit Card",3211.39,0.0,3211.39
7526,Debit Card,41.5,85.55,127.05
7527,Cash,6758.64,17.7,6776.34
7528,PayPal,2783.76,0.0,2783.76
7529,Debit Card,247.03,0.0,247.03
7530,Credit Card,1391.88,100.85,1492.73
7531,Credit Card,463.96,0.0,463.96
7532,PayPal,463.96,0.0,463.96
7533,"Cash, Debit Card",9708.58,72.33,9780.91
7534,"Debit Card, PayPal",9239.49,111.97,9351.46
7537,Debit Card,741.09,114.43,855.52
7538,Cash,494.06,67.67,561.73
7541,"Cash, PayPal",1648.18,112.54,1760.72
7542,Нет завершённых покупок,0.0,0.0,0.0
7543,"Cash, Credit Card",4349.81,0.0,4349.81
7545,Cash,20.75,0.0,20.75
7546,Debit Card,5538.33,51.7,5590.03
7547,Debit Card,62.25,76.92,139.17
7548,Нет завершённых покупок,0.0,0.0,0.0
7549,Нет завершённых покупок,0.0,0.0,0.0
7551,Cash,247.03,95.56,342.59
7553,Cash,741.09,64.3,805.39
7555,"Credit Card, Debit Card, PayPal",3301.4,45.98,3347.38
7556,"Cash, Debit Card",2677.78,42.05,2719.83
7557,PayPal,2601.82,69.94,2671.76
7558,Cash,1391.88,24.99,1416.87
7560,PayPal,41.5,129.74,171.24
7561,Нет завершённых покупок,0.0,0.0,0.0
7562,PayPal,494.06,37.25,531.31
7563,PayPal,11135.04,267.03,11402.07
7565,Нет завершённых покупок,0.0,0.0,0.0
7566,"Cash, Credit Card",2132.97,117.85,2250.82
7568,Нет завершённых покупок,0.0,0.0,0.0
7569,"Cash, Credit Card",10695.66,59.36,10755.02
7570,"Credit Card, Debit Card",5388.03,183.22,5571.25
7571,Debit Card,5068.98,65.7,5134.68
7573,"Debit Card, PayPal",4079.11,259.53,4338.64
7574,"Credit Card, Debit Card",7222.6,132.42,7355.02
7575,Нет завершённых покупок,0.0,0.0,0.0
7576,Debit Card,7911.9,93.07,8004.97
7577,"Cash, Credit Card",14362.11,140.38,14502.49
7578,"Cash, Credit Card",5932.19,136.11,6068.3
7579,Cash,463.96,39.68,503.64
7582,Нет завершённых покупок,0.0,0.0,0.0
7583,PayPal,741.09,80.06,821.15
7584,Debit Card,2470.3,71.47,2541.77
7585,Credit Card,8734.88,112.38,8847.26
7586,PayPal,9132.21,34.08,9166.29
7587,Credit Card,7328.21,68.41,7396.62
7589,"Cash, Debit Card",2402.8,9.55,2412.35
7591,Нет завершённых покупок,0.0,0.0,0.0
7592,"Cash, Debit Card",1980.34,133.29,2113.63
7593,Credit Card,7120.71,24.45,7145.16
7594,Credit Card,6329.52,20.36,6349.88
7595,Credit Card,20.75,0.0,20.75
7598,"Cash, Credit Card",373.5,168.76,542.26
7600,Нет завершённых покупок,0.0,0.0,0.0
7601,Credit Card,247.03,12.81,259.84
7603,Credit Card,7911.9,43.43,7955.33
7604,"Cash, Debit Card",9826.74,85.96,9912.7
7605,Credit Card,3164.76,8.34,3173.1
7608,Cash,7603.47,71.91,7675.38
7609,Cash,186.75,76.2,262.95
7610,Нет завершённых покупок,0.0,0.0,0.0
7611,Debit Card,2373.57,64.5,2438.07
7612,PayPal,83.0,72.54,155.54
7614,Cash,83.0,44.3,127.3
7618,PayPal,7120.71,60.81,7181.52
7623,Credit Card,3711.68,30.57,3742.25
7627,Credit Card,15844.29,167.48,16011.77
7628,Нет завершённых покупок,0.0,0.0,0.0
7629,PayPal,10851.19,86.69,10937.88
7630,Credit Card,166.0,41.59,207.59
7631,Нет завершённых покупок,0.0,0.0,0.0
7632,Cash,988.12,109.74,1097.86
7637,"Cash, PayPal",1727.63,5.32,1732.95
7638,Нет завершённых покупок,0.0,0.0,0.0
7641,Credit Card,5068.98,70.02,5139.0
7642,"Cash, Debit Card",8351.28,0.0,8351.28
7643,Cash,7120.71,30.21,7150.92
7645,Cash,2319.8,8.53,2328.33
7647,Credit Card,124.5,86.68,211.18
7649,"Cash, PayPal",9577.24,104.14,9681.38
7650,Cash,207.5,0.0,207.5
7651,Cash,1235.15,40.19,1275.34
7652,Cash,1582.38,73.15,1655.53
7655,PayPal,8019.18,16.89,8036.07
7657,Credit Card,2470.3,18.48,2488.78
7659,PayPal,83.0,68.03,151.03
7660,PayPal,3711.68,23.18,3734.86
7662,"Credit Card, Debit Card",6490.44,0.0,6490.44
7663,Нет завершённых покупок,0.0,0.0,0.0
7664,PayPal,2223.27,0.0,2223.27
7666,PayPal,988.12,94.43,1082.55
7667,Debit Card,7045.22,135.73,7180.95
7669,Credit Card,5068.98,75.9,5144.88
7670,Credit Card,3164.76,0.0,3164.76
7671,Debit Card,791.19,0.0,791.19
7674,Debit Card,2783.76,6.7,2790.46
7675,Нет завершённых покупок,0.0,0.0,0.0
7676,PayPal,2223.27,0.0,2223.27
7678,Debit Card,103.75,0.0,103.75
7679,Cash,7603.47,6.03,7609.5
7680,PayPal,1482.18,0.0,1482.18
7684,Credit Card,1855.84,19.39,1875.23
7685,PayPal,4224.15,7.29,4231.44
7686,PayPal,2470.3,68.05,2538.35
7687,Нет завершённых покупок,0.0,0.0,0.0
7688,Debit Card,6758.64,71.05,6829.69
7690,"Credit Card, PayPal",7120.71,33.36,7154.07
7691,"Credit Card, Debit Card, PayPal",9816.12,44.14,9860.26
7694,Cash,3247.72,72.99,3320.71
7695,Нет завершённых покупок,0.0,0.0,0.0
7696,Debit Card,791.19,0.0,791.19
7697,Debit Card,1582.38,42.74,1625.12
7699,"Credit Card, Debit Card",11613.06,47.18,11660.24
7700,PayPal,41.5,51.08,92.58
7702,Debit Card,7911.9,88.37,8000.27
7703,Нет завершённых покупок,0.0,0.0,0.0
7704,Cash,5538.33,63.83,5602.16
7706,"Cash, Credit Card",13986.63,127.86,14114.49
7707,PayPal,988.12,11.91,1000.03
7708,"Credit Card, Debit Card",8185.36,38.74,8224.1
7709,Credit Card,145.25,57.72,202.97
7710,Credit Card,2373.57,63.06,2436.63
7711,Нет завершённых покупок,0.0,0.0,0.0
7712,"Debit Card, PayPal",103.75,69.79,173.54
7713,Cash,1689.66,0.0,1689.66
7716,"Credit Card, Debit Card",269.75,42.18,311.93
7717,PayPal,2223.27,58.41,2281.68
7718,"Debit Card, PayPal",6903.89,83.94,6987.83
7719,Нет завершённых покупок,0.0,0.0,0.0
7720,Нет завершённых покупок,0.0,0.0,0.0
7722,"Debit Card, PayPal",5068.98,0.0,5068.98
7723,"Debit Card, PayPal",6031.48,92.51,6123.99
7724,Нет завершённых покупок,0.0,0.0,0.0
7726,Cash,1010.83,171.52,1182.35
7727,PayPal,4285.94,241.77,4527.71
7729,Нет завершённых покупок,0.0,0.0,0.0
7730,"Cash, Credit Card",8552.79,95.75,8648.54
7731,"Credit Card, PayPal",2677.78,49.0,2726.78
7733,Cash,7911.9,0.0,7911.9
7734,Нет завершённых покупок,0.0,0.0,0.0
7735,PayPal,741.09,51.48,792.57
7736,PayPal,62.25,27.62,89.87
7737,Нет завершённых покупок,0.0,0.0,0.0
7739,"Cash, Credit Card",4102.78,148.35,4251.13
7741,Нет завершённых покупок,0.0,0.0,0.0
7742,Cash,7120.71,16.97,7137.68
7743,"Cash, Credit Card",5932.19,121.91,6054.1
7745,Нет завершённых покупок,0.0,0.0,0.0
7746,"Credit Card, Debit Card, PayPal",9679.91,217.01,9896.92
7747,Нет завершённых покупок,0.0,0.0,0.0
7749,Credit Card,5913.81,0.0,5913.81
7750,Debit Card,2223.27,0.0,2223.27
7751,Credit Card,927.92,0.0,927.92
7752,Debit Card,1391.88,106.16,1498.04
7753,Нет завершённых покупок,0.0,0.0,0.0
7754,Нет завершённых покупок,0.0,0.0,0.0
7760,Нет завершённых покупок,0.0,0.0,0.0
7761,Cash,1482.18,68.91,1551.09
7762,"Debit Card, PayPal",103.75,104.5,208.25
7765,Debit Card,9995.16,134.41,10129.57
7766,"Cash, PayPal",5810.07,57.57,5867.64
7767,Cash,2470.3,0.0,2470.3
7768,Нет завершённых покупок,0.0,0.0,0.0
7769,Cash,5538.33,0.0,5538.33
7770,Credit Card,166.0,63.94,229.94
7772,Cash,2223.27,78.13,2301.4
7773,Credit Card,4994.17,82.04,5076.21
7774,Cash,1235.15,19.18,1254.33
7776,"Credit Card, Debit Card, PayPal",10071.3,217.67,10288.97
7778,Debit Card,20.75,91.54,112.29
7779,Debit Card,6329.52,70.38,6399.9
7781,"Cash, Credit Card",8058.73,133.65,8192.38
7782,Cash,13517.28,154.07,13671.35
7783,Credit Card,166.0,31.15,197.15
7785,PayPal,6497.52,118.73,6616.25
7786,PayPal,2319.8,101.98,2421.78
7788,Нет завершённых покупок,0.0,0.0,0.0
7789,"Cash, Debit Card",8786.05,89.76,8875.81
7790,Debit Card,988.12,62.66,1050.78
7791,Cash,3955.95,43.17,3999.12
7792,Cash,1235.15,62.92,1298.07
7794,PayPal,4639.6,0.0,4639.6
7795,Credit Card,3309.97,49.34,3359.31
7798,Credit Card,927.92,60.58,988.5
7800,Нет завершённых покупок,0.0,0.0,0.0
7801,Cash,103.75,30.64,134.39
7802,Debit Card,62.25,64.74,126.99
7806,Cash,844.83,39.2,884.03
7808,Cash,4639.6,51.8,4691.4
7809,PayPal,4747.14,33.63,4780.77
7810,Debit Card,4747.14,35.37,4782.51
7811,"Cash, Credit Card",10821.87,45.26,10867.13
7812,Debit Card,1391.88,74.34,1466.22
7814,Credit Card,494.06,13.47,507.53
7815,Cash,2783.76,42.52,2826.28
7818,Cash,988.12,41.8,1029.92
7820,"Credit Card, Debit Card",9459.31,139.79,9599.1
7822,Нет завершённых покупок,0.0,0.0,0.0
7825,Credit Card,3164.76,127.95,3292.71
7826,PayPal,2470.3,47.38,2517.68
7829,PayPal,2783.76,0.0,2783.76
7830,Debit Card,1791.46,136.11,1927.57
7831,Credit Card,7120.71,0.0,7120.71
7832,"Cash, PayPal",2581.07,150.51,2731.58
7833,Debit Card,1729.21,49.86,1779.07
7835,PayPal,4639.6,80.91,4720.51
7837,Debit Card,3711.68,13.84,3725.52
7839,Нет завершённых покупок,0.0,0.0,0.0
7842,Debit Card,290.5,108.01,398.51
7849,Credit Card,7257.44,53.53,7310.97
7850,PayPal,4224.15,0.0,4224.15
7852,Нет завершённых покупок,0.0,0.0,0.0
7853,"Cash, Credit Card, PayPal",9733.55,90.82,9824.37
7854,"Cash, Debit Card",1936.71,82.29,2019.0
7856,Нет завершённых покупок,0.0,0.0,0.0
7859,Cash,741.09,34.26,775.35
7861,Нет завершённых покупок,0.0,0.0,0.0
7862,Нет завершённых покупок,0.0,0.0,0.0
7863,"Credit Card, Debit Card",3626.35,122.99,3749.34
7866,Нет завершённых покупок,0.0,0.0,0.0
7867,Нет завершённых покупок,0.0,0.0,0.0
7869,Нет завершённых покупок,0.0,0.0,0.0
7872,Debit Card,2534.49,66.72,2601.21
7873,Нет завершённых покупок,0.0,0.0,0.0
7875,Cash,4614.47,89.89,4704.36
7877,"Credit Card, PayPal",1135.42,12.29,1147.71
7878,"Cash, PayPal",2964.36,68.54,3032.9
7880,"Credit Card, Debit Card",8697.57,105.33,8802.9
7881,Нет завершённых покупок,0.0,0.0,0.0
7882,"Credit Card, Debit Card",977.94,27.32,1005.26
7883,Нет завершённых покупок,0.0,0.0,0.0
7885,Credit Card,463.96,0.0,463.96
7886,Cash,10060.04,194.33,10254.37
7887,Debit Card,20.75,44.56,65.31
7888,PayPal,5913.81,43.18,5956.99
7889,Credit Card,166.0,44.1,210.1
7890,Нет завершённых покупок,0.0,0.0,0.0
7891,Debit Card,2949.76,0.0,2949.76
7892,Cash,8893.46,141.06,9034.52
7893,PayPal,166.0,103.22,269.22
7894,Нет завершённых покупок,0.0,0.0,0.0
7897,"Cash, Credit Card",11296.35,21.18,11317.53
7898,Debit Card,988.12,10.74,998.86
7899,Cash,3379.32,64.18,3443.5
7900,PayPal,20.75,88.57,109.32
7901,Нет завершённых покупок,0.0,0.0,0.0
7903,Нет завершённых покупок,0.0,0.0,0.0
7904,Cash,41.5,87.38,128.88
7905,Debit Card,3379.32,0.0,3379.32
7907,Cash,853.44,0.0,853.44
7908,Credit Card,1855.66,136.72,1992.38
7909,Debit Card,1689.66,58.57,1748.23
7910,Cash,352.75,17.86,370.61
7911,Нет завершённых покупок,0.0,0.0,0.0
7912,PayPal,13087.9,90.74,13178.64
7914,Debit Card,41.5,20.68,62.18
7915,Debit Card,1729.21,43.74,1772.95
7919,Нет завершённых покупок,0.0,0.0,0.0
7920,Credit Card,4747.14,39.26,4786.4
7922,Cash,207.5,50.46,257.96
7923,"Credit Card, PayPal",7109.9,92.26,7202.16
7926,"Cash, Credit Card",969.42,157.87,1127.29
7927,Cash,741.09,85.02,826.11
7928,Нет завершённых покупок,0.0,0.0,0.0
7929,Cash,7120.71,119.08,7239.79
7930,Cash,186.75,31.69,218.44
7932,"Credit Card, Debit Card",2657.13,100.75,2757.88
7933,PayPal,3379.32,9.53,3388.85
7934,Credit Card,3247.72,8.4,3256.12
7937,Нет завершённых покупок,0.0,0.0,0.0
7938,Нет завершённых покупок,0.0,0.0,0.0
7940,Cash,2223.27,0.0,2223.27
7941,Cash,6876.44,63.1,6939.54
7942,Debit Card,927.92,0.0,927.92
7943,PayPal,4224.15,64.6,4288.75
7946,"Cash, Credit Card",577.06,0.0,577.06
7947,Нет завершённых покупок,0.0,0.0,0.0
7948,Нет завершённых покупок,0.0,0.0,0.0
7952,Credit Card,4747.14,19.81,4766.95
7953,Credit Card,844.83,24.41,869.24
7955,Нет завершённых покупок,0.0,0.0,0.0
7957,"Cash, Credit Card, PayPal",4859.57,119.05,4978.62
7959,Credit Card,11601.73,71.77,11673.5
7960,Credit Card,4224.15,8.4,4232.55
7961,Credit Card,463.96,40.3,504.26
7962,Нет завершённых покупок,0.0,0.0,0.0
7963,"Debit Card, PayPal",7224.46,35.56,7260.02
7966,Credit Card,8448.3,44.83,8493.13
7968,"Credit Card, PayPal",8067.43,37.71,8105.14
7970,"Cash, Debit Card",5020.47,175.34,5195.81
7971,"Debit Card, PayPal",5567.52,10.72,5578.24
7974,PayPal,3247.72,0.0,3247.72
7975,Cash,20.75,65.63,86.38
7976,Cash,2534.49,0.0,2534.49
7977,Нет завершённых покупок,0.0,0.0,0.0
7978,"Cash, PayPal",927.84,74.85,1002.69
7979,Нет завершённых покупок,0.0,0.0,0.0
7980,"Cash, PayPal",7539.28,48.58,7587.86
7981,Credit Card,8448.3,74.36,8522.66
7982,PayPal,166.0,85.41,251.41
7984,Debit Card,1855.84,56.58,1912.42
7985,Credit Card,186.75,87.41,274.16
7986,Debit Card,3711.68,78.64,3790.32
7988,PayPal,6758.64,38.7,6797.34
7989,"Cash, Credit Card, Debit Card",4658.22,154.21,4812.43
7990,Credit Card,3955.95,41.47,3997.42
7991,Credit Card,927.92,33.14,961.06
7994,Cash,1578.63,142.23,1720.86
7995,Credit Card,3247.72,104.73,3352.45
7996,Debit Card,2470.3,33.93,2504.23
7997,Credit Card,3247.72,45.91,3293.63
7998,PayPal,8036.4,120.91,8157.31
7999,Нет завершённых покупок,0.0,0.0,0.0
8001,PayPal,1855.84,64.06,1919.9
8002,Нет завершённых покупок,0.0,0.0,0.0
8004,PayPal,13825.71,94.34,13920.05
8005,Нет завершённых покупок,0.0,0.0,0.0
8006,Debit Card,62.25,46.11,108.36
8009,Cash,166.0,96.74,262.74
8010,"Cash, Debit Card",12350.61,92.22,12442.83
8011,PayPal,5068.98,0.0,5068.98
8013,Debit Card,4224.15,68.92,4293.07
8014,Нет завершённых покупок,0.0,0.0,0.0
8015,Credit Card,4175.64,48.1,4223.74
8016,Debit Card,1832.96,136.95,1969.91
8017,"Cash, Debit Card",6758.64,0.0,6758.64
8018,Debit Card,4175.64,55.97,4231.61
8019,Cash,1582.38,113.86,1696.24
8020,Нет завершённых покупок,0.0,0.0,0.0
8022,Debit Card,2470.3,93.85,2564.15
8023,PayPal,2534.49,44.18,2578.67
8024,Cash,103.75,80.54,184.29
8025,Credit Card,1482.18,45.36,1527.54
8027,Debit Card,62.25,27.42,89.67
8028,Нет завершённых покупок,0.0,0.0,0.0
8030,PayPal,927.92,85.13,1013.05
8031,"Cash, Credit Card, Debit Card",9239.49,130.38,9369.87
8034,Credit Card,41.5,68.24,109.74
8035,"Cash, Debit Card",1644.63,166.74,1811.37
8036,PayPal,14112.29,109.59,14221.88
8037,Нет завершённых покупок,0.0,0.0,0.0
8038,Cash,207.5,87.3,294.8
8039,Cash,741.09,39.76,780.85
8041,"Cash, Credit Card",5410.79,53.84,5464.63
8042,PayPal,4307.15,9.0,4316.15
8043,Credit Card,2783.76,17.57,2801.33
8045,Credit Card,7911.9,21.42,7933.32
8046,Нет завершённых покупок,0.0,0.0,0.0
8047,"Cash, Debit Card",7911.9,167.13,8079.03
8048,PayPal,145.25,0.0,145.25
8049,Credit Card,6758.64,0.0,6758.64
8050,Нет завершённых покупок,0.0,0.0,0.0
8051,Нет завершённых покупок,0.0,0.0,0.0
8052,PayPal,1855.84,42.53,1898.37
8054,"Cash, Credit Card",12243.07,70.05,12313.12
8055,Нет завершённых покупок,0.0,0.0,0.0
8058,"Credit Card, Debit Card",1038.22,97.27,1135.49
8062,Cash,927.92,58.98,986.9
8063,Нет завершённых покупок,0.0,0.0,0.0
8064,Credit Card,9953.94,275.83,10229.77
8066,Нет завершённых покупок,0.0,0.0,0.0
8067,Нет завершённых покупок,0.0,0.0,0.0
8068,PayPal,1669.01,129.71,1798.72
8069,Cash,5068.98,96.88,5165.86
8071,PayPal,5913.81,0.0,5913.81
8072,Нет завершённых покупок,0.0,0.0,0.0
8073,Debit Card,1235.15,43.07,1278.22
8074,Cash,5913.81,69.67,5983.48
8075,Credit Card,7911.9,25.95,7937.85
8076,PayPal,988.12,21.78,1009.9
8077,"Cash, Credit Card, Debit Card, PayPal",15407.7,127.66,15535.36
8078,Credit Card,103.75,35.97,139.72
8079,Debit Card,927.92,42.98,970.9
8080,Cash,3247.72,59.2,3306.92
8084,Нет завершённых покупок,0.0,0.0,0.0
8085,Cash,2470.3,0.0,2470.3
8086,Cash,83.0,46.73,129.73
8088,Cash,5913.81,76.91,5990.72
8089,Cash,4639.6,77.28,4716.88
8090,"Cash, PayPal",4854.42,107.08,4961.5
8091,PayPal,1582.38,43.99,1626.37
8093,Credit Card,3379.32,113.54,3492.86
8094,"Cash, Credit Card, PayPal",10082.7,164.39,10247.09
8096,Credit Card,186.75,0.0,186.75
8098,Credit Card,186.75,112.13,298.88
8099,Cash,463.96,53.6,517.56
8100,Debit Card,6329.52,82.8,6412.32
8101,Нет завершённых покупок,0.0,0.0,0.0
8102,"Credit Card, Debit Card, PayPal",13517.28,96.83,13614.11
8103,PayPal,4747.14,41.5,4788.64
8104,Нет завершённых покупок,0.0,0.0,0.0
8105,Debit Card,41.5,57.28,98.78
8106,Cash,186.75,45.54,232.29
8108,"Credit Card, Debit Card",228.25,145.49,373.74
8109,Cash,20.75,86.64,107.39
8110,Нет завершённых покупок,0.0,0.0,0.0
8111,Debit Card,1689.66,0.0,1689.66
8112,PayPal,463.96,44.51,508.47
8113,Debit Card,1855.84,5.7,1861.54
8116,"Cash, Credit Card",5627.72,97.11,5724.83
8119,Debit Card,988.12,20.93,1009.05
8122,Нет завершённых покупок,0.0,0.0,0.0
8123,PayPal,2534.49,93.55,2628.04
8124,Cash,2223.27,86.86,2310.13
8125,PayPal,41.5,0.0,41.5
8126,Debit Card,2223.27,51.45,2274.72
8127,Debit Card,5538.33,0.0,5538.33
8129,Credit Card,2596.93,103.52,2700.45
8130,PayPal,103.75,66.29,170.04
8131,PayPal,41.5,41.76,83.26
8132,Нет завершённых покупок,0.0,0.0,0.0
8134,"Credit Card, Debit Card, PayPal",5604.55,195.52,5800.07
8135,Debit Card,844.83,62.61,907.44
8136,Нет завершённых покупок,0.0,0.0,0.0
8137,"Credit Card, PayPal",13932.99,110.03,14043.02
8138,Нет завершённых покупок,0.0,0.0,0.0
8139,PayPal,8575.55,150.78,8726.33
8140,Нет завершённых покупок,0.0,0.0,0.0
8141,Debit Card,186.75,59.06,245.81
8142,Debit Card,4224.15,57.49,4281.64
8145,Debit Card,3379.32,68.93,3448.25
8146,Нет завершённых покупок,0.0,0.0,0.0
8147,Нет завершённых покупок,0.0,0.0,0.0
8148,Debit Card,186.75,0.0,186.75
8149,PayPal,6329.52,46.29,6375.81
8150,"Cash, Credit Card, Debit Card",5948.39,233.39,6181.78
8151,PayPal,41.5,0.0,41.5
8152,Debit Card,145.25,0.0,145.25
8153,"Credit Card, PayPal",803.34,110.63,913.97
8156,PayPal,3379.32,0.0,3379.32
8157,Debit Card,6329.52,43.07,6372.59
8158,"Cash, Debit Card",2908.26,136.88,3045.14
8160,Нет завершённых покупок,0.0,0.0,0.0
8161,Cash,1235.15,123.64,1358.79
8162,"Credit Card, Debit Card",5559.08,75.88,5634.96
8163,Debit Card,186.75,31.28,218.03
8164,"Cash, Credit Card",11076.66,48.46,11125.12
8165,Нет завершённых покупок,0.0,0.0,0.0
8166,"Cash, Credit Card",352.75,169.97,522.72
8168,Credit Card,2783.76,30.17,2813.93
8170,"Credit Card, Debit Card",2527.3,89.83,2617.13
8171,Нет завершённых покупок,0.0,0.0,0.0
8172,PayPal,5569.06,27.27,5596.33
8173,Credit Card,2783.76,89.69,2873.45
8174,PayPal,4747.14,0.0,4747.14
8176,"Cash, Debit Card",9132.21,92.69,9224.9
8177,Нет завершённых покупок,0.0,0.0,0.0
8178,PayPal,62.25,0.0,62.25
8179,Cash,1876.59,122.63,1999.22
8180,Cash,166.0,12.11,178.11
8181,Credit Card,41.5,108.84,150.34
8182,Cash,166.0,43.35,209.35
8183,Cash,6163.08,62.97,6226.05
8185,PayPal,247.03,91.38,338.41
8187,Cash,4976.93,103.5,5080.43
8189,PayPal,207.5,0.0,207.5
8192,Cash,1557.88,113.54,1671.42
8193,Cash,844.83,19.7,864.53
8194,Нет завершённых покупок,0.0,0.0,0.0
8198,"Cash, Debit Card",3379.32,109.42,3488.74
8200,Cash,247.03,36.46,283.49
8201,"Credit Card, Debit Card",12087.54,111.61,12199.15
8202,"Cash, PayPal",927.92,64.69,992.61
8203,"Cash, Credit Card",5621.33,12.74,5634.07
8204,Credit Card,927.92,83.42,1011.34
8205,Нет завершённых покупок,0.0,0.0,0.0
8206,PayPal,4747.14,26.99,4774.13
8207,Credit Card,2783.76,0.0,2783.76
8208,Нет завершённых покупок,0.0,0.0,0.0
8209,Credit Card,166.0,0.0,166.0
8212,Debit Card,463.96,14.08,478.04
8213,PayPal,41.5,35.4,76.9
8214,Cash,12281.3,41.61,12322.91
8215,Cash,41.5,72.03,113.53
8216,Cash,1976.24,46.96,2023.2
8217,Credit Card,927.92,23.05,950.97
8218,"Cash, Debit Card",4966.83,49.42,5016.25
8219,Cash,4175.64,18.72,4194.36
8220,Debit Card,5068.98,0.0,5068.98
8221,Debit Card,1391.88,18.55,1410.43
8224,Нет завершённых покупок,0.0,0.0,0.0
8225,"Cash, PayPal",9239.49,13.01,9252.5
8227,PayPal,1582.38,0.0,1582.38
8231,PayPal,186.75,0.0,186.75
8232,Нет завершённых покупок,0.0,0.0,0.0
8234,Нет завершённых покупок,0.0,0.0,0.0
8235,Debit Card,1235.15,0.0,1235.15
8239,Cash,463.96,39.03,502.99
8240,PayPal,62.25,73.17,135.42
8241,PayPal,6329.52,101.06,6430.58
8242,PayPal,41.5,60.37,101.87
8244,Нет завершённых покупок,0.0,0.0,0.0
8245,Debit Card,9436.42,51.41,9487.83
8246,Debit Card,4639.6,43.4,4683.0
8247,Debit Card,6758.64,67.08,6825.72
8248,Cash,20.75,0.0,20.75
8249,"Cash, Credit Card",12087.54,85.01,12172.55
8250,"Credit Card, PayPal",9228.94,86.91,9315.85
8252,PayPal,2373.57,30.79,2404.36
8253,PayPal,1855.84,23.06,1878.9
8254,"Cash, Debit Card, PayPal",8789.64,113.82,8903.46
8255,Credit Card,11294.76,131.08,11425.84
8258,Debit Card,7953.4,58.59,8011.99
8260,"Cash, Credit Card",4049.01,50.65,4099.66
8262,Нет завершённых покупок,0.0,0.0,0.0
8263,PayPal,1855.84,42.8,1898.64
8264,Нет завершённых покупок,0.0,0.0,0.0
8265,"Cash, PayPal",5538.33,80.68,5619.01
8267,Нет завершённых покупок,0.0,0.0,0.0
8272,Cash,4109.68,107.16,4216.84
8273,Cash,186.75,122.77,309.52
8274,Cash,6329.52,58.46,6387.98
8275,Cash,1582.38,35.12,1617.5
8276,Debit Card,4175.64,0.0,4175.64
8278,Cash,3379.32,0.0,3379.32
8281,Нет завершённых покупок,0.0,0.0,0.0
8285,Cash,11039.89,15.59,11055.48
8286,Debit Card,1784.16,106.07,1890.23
8287,"Cash, Debit Card",8756.73,35.85,8792.58
8289,Debit Card,8226.42,75.34,8301.76
8290,PayPal,103.75,85.12,188.87
8291,Credit Card,247.03,40.53,287.56
8292,"Cash, Credit Card",3952.48,84.16,4036.64
8293,"Cash, PayPal",641.28,307.98,949.26
8298,"Credit Card, PayPal",907.08,143.02,1050.1
8299,Cash,3247.72,61.46,3309.18
8300,Debit Card,7120.71,20.03,7140.74
8301,PayPal,1729.21,35.93,1765.14
8302,"Debit Card, PayPal",3705.45,110.22,3815.67
8305,Нет завершённых покупок,0.0,0.0,0.0
8307,Нет завершённых покупок,0.0,0.0,0.0
8308,PayPal,4175.64,0.0,4175.64
8309,Нет завершённых покупок,0.0,0.0,0.0
8310,Нет завершённых покупок,0.0,0.0,0.0
8311,Cash,3955.95,0.0,3955.95
8312,Cash,1482.18,8.33,1490.51
8313,Нет завершённых покупок,0.0,0.0,0.0
8315,Нет завершённых покупок,0.0,0.0,0.0
8317,Cash,6329.52,29.7,6359.22
8318,Нет завершённых покупок,0.0,0.0,0.0
8319,Debit Card,494.06,0.0,494.06
8322,PayPal,247.03,56.78,303.81
8323,Credit Card,8448.3,31.7,8480.0
8326,Cash,3164.76,101.24,3266.0
8328,Нет завершённых покупок,0.0,0.0,0.0
8329,"Debit Card, PayPal",3411.79,69.16,3480.95
8330,Нет завершённых покупок,0.0,0.0,0.0
8332,Нет завершённых покупок,0.0,0.0,0.0
8335,"Cash, Credit Card",3566.07,157.51,3723.58
8336,"Cash, PayPal",6758.64,85.62,6844.26
8337,Debit Card,2470.3,11.38,2481.68
8338,PayPal,1582.38,0.0,1582.38
8339,PayPal,207.5,0.0,207.5
8340,Cash,83.0,0.0,83.0
8341,Debit Card,186.75,66.76,253.51
8342,"Cash, Credit Card",6651.36,37.07,6688.43
8344,"Cash, Credit Card",9762.48,104.8,9867.28
8345,PayPal,463.96,46.76,510.72
8346,"Cash, Credit Card",4296.04,100.19,4396.23
8347,Нет завершённых покупок,0.0,0.0,0.0
8348,PayPal,3164.76,63.12,3227.88
8349,Нет завершённых покупок,0.0,0.0,0.0
8350,Debit Card,1235.15,78.18,1313.33
8353,"Credit Card, Debit Card",8018.92,207.61,8226.53
8354,"Cash, PayPal",8900.02,32.03,8932.05
8355,"Credit Card, PayPal",186.75,109.29,296.04
8356,Debit Card,1544.43,103.96,1648.39
8358,Cash,5913.81,71.7,5985.51
8359,"Cash, Credit Card",433.78,162.82,596.6
8360,Credit Card,2223.27,59.57,2282.84
8361,Credit Card,4224.15,97.48,4321.63
8363,Нет завершённых покупок,0.0,0.0,0.0
8367,PayPal,2534.49,77.02,2611.51
8368,Нет завершённых покупок,0.0,0.0,0.0
8372,Нет завершённых покупок,0.0,0.0,0.0
8373,Cash,844.83,6.93,851.76
8374,Нет завершённых покупок,0.0,0.0,0.0
8376,PayPal,1976.24,92.31,2068.55
8378,Нет завершённых покупок,0.0,0.0,0.0
8379,"Debit Card, PayPal",3272.04,38.0,3310.04
8380,Нет завершённых покупок,0.0,0.0,0.0
8381,Нет завершённых покупок,0.0,0.0,0.0
8382,Cash,1729.21,53.9,1783.11
8383,Credit Card,8448.3,57.4,8505.7
8385,"Cash, Debit Card",9708.58,71.97,9780.55
8389,Cash,247.03,0.0,247.03
8392,"Cash, Debit Card, PayPal",5101.43,152.76,5254.19
8394,Нет завершённых покупок,0.0,0.0,0.0
8395,Нет завершённых покупок,0.0,0.0,0.0
8396,Cash,186.75,40.28,227.03
8398,Cash,494.06,0.0,494.06
8399,"Debit Card, PayPal",7286.71,81.93,7368.64
8400,PayPal,5538.33,23.7,5562.03
8402,Credit Card,1391.88,28.85,1420.73
8403,"Cash, Debit Card, PayPal",3110.99,219.22,3330.21
8404,Credit Card,166.0,60.03,226.03
8405,PayPal,2534.49,93.09,2627.58
8406,"Debit Card, PayPal",556.31,133.26,689.57
8407,Credit Card,3711.68,104.67,3816.35
8409,PayPal,2373.57,0.0,2373.57
8411,Нет завершённых покупок,0.0,0.0,0.0
8412,Credit Card,5538.33,66.76,5605.09
8413,Credit Card,7120.71,5.4,7126.11
8416,Debit Card,494.06,0.0,494.06
8417,Debit Card,6758.64,27.3,6785.94
8422,Нет завершённых покупок,0.0,0.0,0.0
8423,Debit Card,2534.49,0.0,2534.49
8424,Cash,3247.72,0.0,3247.72
8425,Debit Card,12033.35,262.93,12296.28
8429,Нет завершённых покупок,0.0,0.0,0.0
8430,Credit Card,6758.64,0.0,6758.64
8431,PayPal,8405.96,120.31,8526.27
8432,Credit Card,166.0,31.79,197.79
8433,"Cash, Credit Card",10137.96,171.78,10309.74
8434,PayPal,494.06,86.25,580.31
8435,"Credit Card, Debit Card",8900.02,154.95,9054.97
8437,PayPal,3247.72,89.83,3337.55
8438,Нет завершённых покупок,0.0,0.0,0.0
8439,"Cash, Debit Card",8316.7,106.0,8422.7
8441,"Credit Card, PayPal",1235.15,0.0,1235.15
8442,Нет завершённых покупок,0.0,0.0,0.0
8443,"Cash, Credit Card, PayPal",9577.24,116.99,9694.23
8444,"Credit Card, Debit Card",2813.86,9.13,2822.99
8445,PayPal,124.5,58.96,183.46
8449,Нет завершённых покупок,0.0,0.0,0.0
8450,"Cash, PayPal",290.5,92.19,382.69
8451,Нет завершённых покупок,0.0,0.0,0.0
8452,Cash,3164.76,30.17,3194.93
8453,Debit Card,4175.64,0.0,4175.64
8455,Cash,207.5,59.95,267.45
8456,Credit Card,62.25,0.0,62.25
8457,Debit Card,4175.64,84.97,4260.61
8461,Нет завершённых покупок,0.0,0.0,0.0
8462,Credit Card,1482.18,38.39,1520.57
8463,Нет завершённых покупок,0.0,0.0,0.0
8464,Debit Card,3379.32,0.0,3379.32
8465,Credit Card,7911.9,75.97,7987.87
8466,"Cash, Debit Card",2518.82,95.98,2614.8
8468,Debit Card,3358.58,134.53,3493.11
8469,PayPal,7911.9,75.09,7986.99
8470,Debit Card,41.5,0.0,41.5
8471,PayPal,2470.3,70.34,2540.64
8473,"Cash, Credit Card",3411.79,9.57,3421.36
8474,Cash,2783.76,55.47,2839.23
8475,PayPal,4747.14,11.24,4758.38
8476,Cash,2223.27,26.12,2249.39
8478,Debit Card,3164.76,0.0,3164.76
8479,Debit Card,2373.57,9.85,2383.42
8480,Credit Card,186.75,0.0,186.75
8481,Debit Card,207.5,0.0,207.5
8484,PayPal,3955.95,42.34,3998.29
8486,Debit Card,145.25,42.36,187.61
8487,PayPal,1391.88,0.0,1391.88
8488,Нет завершённых покупок,0.0,0.0,0.0
8490,"Credit Card, Debit Card",9542.4,63.38,9605.78
8491,Cash,2223.27,12.35,2235.62
8492,Cash,3955.95,16.47,3972.42
8493,PayPal,3905.53,181.24,4086.77
8495,Credit Card,5913.81,44.04,5957.85
8496,Debit Card,3247.72,48.34,3296.06
8497,Cash,5913.81,57.31,5971.12
8498,Нет завершённых покупок,0.0,0.0,0.0
8499,Нет завершённых покупок,0.0,0.0,0.0
8500,"Cash, Credit Card",10089.45,27.78,10117.23
8501,PayPal,103.75,77.72,181.47
8505,Debit Card,2783.76,82.39,2866.15
8506,Debit Card,5913.81,19.35,5933.16
8508,Cash,1582.38,47.16,1629.54
8510,Debit Card,3711.68,0.0,3711.68
8511,Debit Card,2223.27,0.0,2223.27
8512,"Cash, Debit Card",4790.1,60.04,4850.14
8514,PayPal,4184.2,225.65,4409.85
8515,Cash,7603.47,43.6,7647.07
8517,PayPal,1689.66,52.45,1742.11
8518,Debit Card,927.92,24.67,952.59
8521,Debit Card,2373.57,0.0,2373.57
8523,Нет завершённых покупок,0.0,0.0,0.0
8524,Credit Card,1976.24,73.89,2050.13
8526,Cash,1729.21,110.21,1839.42
8527,Нет завершённых покупок,0.0,0.0,0.0
8528,Cash,2373.57,100.21,2473.78
8529,PayPal,83.0,68.59,151.59
8530,Нет завершённых покупок,0.0,0.0,0.0
8531,Debit Card,1582.38,103.76,1686.14
8532,Cash,145.25,54.43,199.68
8533,Credit Card,166.0,0.0,166.0
8534,Credit Card,3711.68,48.13,3759.81
8535,PayPal,1855.84,75.14,1930.98
8537,Credit Card,1391.88,63.94,1455.82
8538,Credit Card,2470.3,57.17,2527.47
8539,Credit Card,494.06,122.76,616.82
8540,Debit Card,20.75,123.27,144.02
8542,Нет завершённых покупок,0.0,0.0,0.0
8543,Credit Card,2319.8,40.2,2360.0
8544,"Cash, Debit Card",9601.56,39.82,9641.38
8545,Cash,2783.76,39.89,2823.65
8546,Credit Card,494.06,59.9,553.96
8547,Debit Card,1235.15,98.33,1333.48
8548,Debit Card,4175.64,90.91,4266.55
8551,Нет завершённых покупок,0.0,0.0,0.0
8553,Credit Card,4747.14,122.76,4869.9
8554,Credit Card,2783.76,53.97,2837.73
8556,Debit Card,3711.68,0.0,3711.68
8560,Debit Card,2319.8,38.52,2358.32
8561,PayPal,186.75,16.89,203.64
8562,"Cash, Credit Card, Debit Card",5484.25,177.91,5662.16
8569,Debit Card,20.75,52.51,73.26
8570,PayPal,20.75,119.29,140.04
8571,Credit Card,2319.8,97.18,2416.98
8572,Credit Card,103.75,18.46,122.21
8573,Cash,103.75,36.23,139.98
8574,Credit Card,988.12,69.97,1058.09
8575,"Cash, Credit Card",2874.06,0.0,2874.06
8576,Нет завершённых покупок,0.0,0.0,0.0
8577,Credit Card,3379.32,21.65,3400.97
8578,Credit Card,3379.32,12.26,3391.58
8579,Cash,2534.49,13.5,2547.99
8580,PayPal,463.96,73.5,537.46
8581,Cash,5538.33,0.0,5538.33
8583,PayPal,5172.74,95.25,5267.99
8584,Нет завершённых покупок,0.0,0.0,0.0
8585,"Cash, Debit Card",2781.52,101.55,2883.07
8586,Нет завершённых покупок,0.0,0.0,0.0
8587,Cash,103.75,89.92,193.67
8588,Credit Card,4224.15,0.0,4224.15
8591,Debit Card,741.09,92.47,833.56
8592,Cash,3247.72,90.06,3337.78
8593,PayPal,6329.52,0.0,6329.52
8594,Debit Card,9655.2,37.09,9692.29
8596,Debit Card,3247.72,0.0,3247.72
8597,Debit Card,8448.3,0.0,8448.3
8598,PayPal,494.06,64.48,558.54
8599,"Cash, Debit Card",6495.44,67.82,6563.26
8600,Нет завершённых покупок,0.0,0.0,0.0
8602,Credit Card,2783.76,11.81,2795.57
8603,PayPal,1689.66,0.0,1689.66
8604,PayPal,4224.15,79.48,4303.63
8605,PayPal,7721.4,79.77,7801.17
8607,Cash,7120.71,0.0,7120.71
8609,Debit Card,2223.27,0.0,2223.27
8610,PayPal,5913.81,78.73,5992.54
8611,Нет завершённых покупок,0.0,0.0,0.0
8612,Credit Card,4747.14,0.0,4747.14
8614,Cash,1582.38,92.87,1675.25
8616,Нет завершённых покупок,0.0,0.0,0.0
8617,Нет завершённых покупок,0.0,0.0,0.0
8619,"Cash, Credit Card, PayPal",4286.4,121.3,4407.7
8620,Нет завершённых покупок,0.0,0.0,0.0
8622,Нет завершённых покупок,0.0,0.0,0.0
8624,Нет завершённых покупок,0.0,0.0,0.0
8626,Cash,2319.8,0.0,2319.8
8627,"Cash, PayPal",1255.15,0.0,1255.15
8628,Debit Card,2319.8,40.23,2360.03
8630,Нет завершённых покупок,0.0,0.0,0.0
8632,PayPal,844.83,86.36,931.19
8633,Debit Card,6758.64,37.25,6795.89
8634,PayPal,927.92,32.07,959.99
8635,Нет завершённых покупок,0.0,0.0,0.0
8637,Debit Card,7603.47,0.0,7603.47
8640,Credit Card,927.92,0.0,927.92
8644,Credit Card,3164.76,94.83,3259.59
8645,Нет завершённых покупок,0.0,0.0,0.0
8646,Debit Card,7911.9,0.0,7911.9
8647,Cash,207.5,0.0,207.5
8649,Cash,7120.71,52.59,7173.3
8651,Нет завершённых покупок,0.0,0.0,0.0
8652,Credit Card,5068.98,0.0,5068.98
8653,Debit Card,3164.76,0.0,3164.76
8654,Cash,494.06,48.24,542.3
8656,Нет завершённых покупок,0.0,0.0,0.0
8657,Debit Card,83.0,0.0,83.0
8658,Debit Card,927.92,37.2,965.12
8659,Debit Card,1689.66,34.25,1723.91
8660,Credit Card,5068.98,42.04,5111.02
8661,Нет завершённых покупок,0.0,0.0,0.0
8662,Нет завершённых покупок,0.0,0.0,0.0
8663,Cash,20.75,47.72,68.47
8664,"Cash, Debit Card",3524.85,110.03,3634.88
8665,PayPal,4224.15,99.19,4323.34
8667,Cash,1582.38,0.0,1582.38
8668,PayPal,2373.57,73.38,2446.95
8669,"Cash, Credit Card, PayPal",8869.92,69.53,8939.45
8670,Cash,166.0,39.63,205.63
8671,PayPal,494.06,45.54,539.6
8675,Cash,463.96,42.8,506.76
8678,Debit Card,3247.72,117.16,3364.88
8683,Cash,3247.72,60.0,3307.72
8684,PayPal,1482.18,30.48,1512.66
8685,Credit Card,7911.9,59.14,7971.04
8688,Debit Card,3379.32,0.0,3379.32
8690,Debit Card,1689.66,21.18,1710.84
8691,Нет завершённых покупок,0.0,0.0,0.0
8692,Нет завершённых покупок,0.0,0.0,0.0
8694,Cash,2783.76,48.81,2832.57
8695,Credit Card,3379.32,71.79,3451.11
8698,Debit Card,1391.88,45.16,1437.04
8699,Debit Card,2319.8,71.88,2391.68
8700,Нет завершённых покупок,0.0,0.0,0.0
8701,Debit Card,41.5,0.0,41.5
8702,Нет завершённых покупок,0.0,0.0,0.0
8703,Нет завершённых покупок,0.0,0.0,0.0
8705,PayPal,844.83,84.78,929.61
8706,Cash,618.56,75.93,694.49
8707,Credit Card,5538.33,0.0,5538.33
8708,"Debit Card, PayPal",8512.59,60.16,8572.75
8709,Cash,494.06,10.73,504.79
8710,Cash,8448.3,69.8,8518.1
8715,"Credit Card, PayPal",7423.36,141.75,7565.11
8716,Cash,1976.24,64.94,2041.18
8717,Нет завершённых покупок,0.0,0.0,0.0
8718,Debit Card,1391.88,0.0,1391.88
8719,Debit Card,3418.87,137.81,3556.68
8721,Debit Card,1832.96,43.68,1876.64
8722,Cash,844.83,139.51,984.34
8723,Credit Card,463.96,40.28,504.24
8724,"Cash, Debit Card",9708.84,39.54,9748.38
8725,Нет завершённых покупок,0.0,0.0,0.0
8726,PayPal,2470.3,0.0,2470.3
8727,PayPal,844.83,0.0,844.83
8728,Нет завершённых покупок,0.0,0.0,0.0
8729,Debit Card,1729.21,0.0,1729.21
8731,"Cash, Debit Card, PayPal",2349.82,121.81,2471.63
8732,Нет завершённых покупок,0.0,0.0,0.0
8734,Debit Card,124.5,27.5,152.0
8736,Cash,5068.98,23.7,5092.68
8738,PayPal,20.75,109.42,130.17
8739,Credit Card,62.25,0.0,62.25
8740,Cash,2783.76,63.51,2847.27
8741,Credit Card,1391.88,0.0,1391.88
8742,Нет завершённых покупок,0.0,0.0,0.0
8745,Cash,2373.57,34.48,2408.05
8746,"Credit Card, Debit Card",7993.79,94.52,8088.31
8748,Debit Card,247.03,138.44,385.47
8749,"Cash, PayPal",10304.14,97.47,10401.61
8750,Credit Card,7120.71,56.75,7177.46
8754,"Cash, Debit Card",3458.42,70.7,3529.12
8755,Debit Card,2223.27,53.18,2276.45
8756,"Credit Card, PayPal",4263.7,126.51,4390.21
8757,"Cash, Credit Card, Debit Card, PayPal",12497.73,291.34,12789.07
8758,Credit Card,6329.52,89.46,6418.98
8760,PayPal,8448.3,0.0,8448.3
8762,Credit Card,41.5,99.59,141.09
8763,Cash,166.0,0.0,166.0
8764,Нет завершённых покупок,0.0,0.0,0.0
8766,Debit Card,166.0,0.0,166.0
8770,PayPal,5068.98,47.26,5116.24
8771,"Cash, Credit Card",1297.4,66.88,1364.28
8772,PayPal,7603.96,112.36,7716.32
8773,PayPal,3164.76,0.0,3164.76
8774,Нет завершённых покупок,0.0,0.0,0.0
8775,Credit Card,9904.47,77.72,9982.19
8776,PayPal,494.06,128.99,623.05
8777,"Cash, Credit Card",4502.87,61.31,4564.18
8778,PayPal,927.92,0.0,927.92
8779,Credit Card,1976.24,0.0,1976.24
8780,Нет завершённых покупок,0.0,0.0,0.0
8782,Credit Card,1665.38,96.67,1762.05
8783,PayPal,145.25,30.45,175.7
8784,PayPal,5068.98,98.11,5167.09
8785,"Cash, Credit Card",10285.47,111.05,10396.52
8786,Нет завершённых покупок,0.0,0.0,0.0
8788,Нет завершённых покупок,0.0,0.0,0.0
8789,"Credit Card, Debit Card, PayPal",4411.19,67.21,4478.4
8790,"Debit Card, PayPal",9279.2,160.32,9439.52
8795,Нет завершённых покупок,0.0,0.0,0.0
8796,Cash,463.96,0.0,463.96
8797,Cash,988.12,107.14,1095.26
8798,"Cash, Credit Card, PayPal",4634.47,0.0,4634.47
8799,Нет завершённых покупок,0.0,0.0,0.0
8801,"Cash, PayPal",7174.09,103.53,7277.62
8802,"Debit Card, PayPal",3361.69,34.34,3396.03
8803,Credit Card,791.19,43.0,834.19
8804,Debit Card,2783.76,0.0,2783.76
8805,Debit Card,4175.64,81.16,4256.8
8807,Credit Card,791.19,81.16,872.35
8809,PayPal,1976.24,32.6,2008.84
8811,Cash,7603.47,0.0,7603.47
8812,Credit Card,145.25,74.24,219.49
8813,"Cash, Debit Card",2658.99,164.59,2823.58
8814,"Cash, Credit Card",4399.91,158.53,4558.44
8815,PayPal,927.92,71.58,999.5
8816,Credit Card,1976.24,73.94,2050.18
8817,Нет завершённых покупок,0.0,0.0,0.0
8820,Cash,1855.84,56.15,1911.99
8822,PayPal,2373.57,44.11,2417.68
8823,Debit Card,4639.6,81.8,4721.4
8825,"Cash, PayPal",701.56,80.58,782.14
8826,Cash,7670.39,133.61,7804.0
8828,Credit Card,3955.95,24.39,3980.34
8829,Cash,6329.52,47.68,6377.2
8831,PayPal,24070.95,229.47,24300.42
8832,Credit Card,927.92,75.95,1003.87
8833,PayPal,145.25,65.81,211.06
8834,Нет завершённых покупок,0.0,0.0,0.0
8835,PayPal,4639.6,37.1,4676.7
8837,Cash,494.06,0.0,494.06
8838,Credit Card,1689.66,46.22,1735.88
8839,"Cash, Debit Card",1255.15,85.9,1341.05
8840,PayPal,186.75,85.95,272.7
8842,Cash,3247.72,11.45,3259.17
8843,"Credit Card, Debit Card",5163.76,161.51,5325.27
8845,Нет завершённых покупок,0.0,0.0,0.0
8846,Debit Card,10553.67,182.37,10736.04
8848,"Debit Card, PayPal",5538.33,68.87,5607.2
8849,Cash,2470.3,60.41,2530.71
8850,Credit Card,1391.88,0.0,1391.88
8851,Нет завершённых покупок,0.0,0.0,0.0
8852,Нет завершённых покупок,0.0,0.0,0.0
8854,Нет завершённых покупок,0.0,0.0,0.0
8855,Credit Card,62.25,32.98,95.23
8856,Нет завершённых покупок,0.0,0.0,0.0
8857,Cash,3247.72,28.03,3275.75
8858,Нет завершённых покупок,0.0,0.0,0.0
8860,Нет завершённых покупок,0.0,0.0,0.0
8861,Cash,207.5,16.84,224.34
8862,Credit Card,1976.24,0.0,1976.24
8863,Credit Card,2223.27,0.0,2223.27
8865,"Cash, Credit Card, PayPal",3479.72,245.66,3725.38
8866,Cash,1689.66,63.69,1753.35
8867,Debit Card,2223.27,68.23,2291.5
8870,Нет завершённых покупок,0.0,0.0,0.0
8871,Debit Card,3261.49,58.01,3319.5
8873,PayPal,6329.52,70.34,6399.86
8875,Debit Card,11232.06,91.56,11323.62
8876,"Cash, Credit Card, PayPal",4199.51,112.95,4312.46
8877,Cash,1976.24,81.6,2057.84
8878,Нет завершённых покупок,0.0,0.0,0.0
8879,Cash,1391.88,57.92,1449.8
8881,Нет завершённых покупок,0.0,0.0,0.0
8883,Credit Card,1729.21,0.0,1729.21
8885,Нет завершённых покупок,0.0,0.0,0.0
8886,Debit Card,1391.88,13.26,1405.14
8888,"Credit Card, Debit Card",2687.23,28.27,2715.5
8889,Cash,4639.6,70.16,4709.76
8891,"Debit Card, PayPal",1729.21,119.04,1848.25
8892,"Cash, Debit Card",3524.85,139.69,3664.54
8894,Нет завершённых покупок,0.0,0.0,0.0
8895,Debit Card,103.75,0.0,103.75
8896,PayPal,844.83,39.56,884.39
8900,Debit Card,1855.84,62.88,1918.72
8901,Debit Card,4747.14,94.42,4841.56
8902,Credit Card,4747.14,0.0,4747.14
8903,Credit Card,741.09,51.39,792.48
8906,Credit Card,20.75,0.0,20.75
8908,PayPal,6329.52,81.19,6410.71
8910,Credit Card,5538.33,108.24,5646.57
8912,"Cash, Debit Card, PayPal",6615.84,91.4,6707.24
8916,Cash,5538.33,64.23,5602.56
8917,Debit Card,3024.28,72.92,3097.2
8918,Debit Card,8976.55,43.64,9020.19
8919,"Cash, PayPal",4954.64,123.13,5077.77
8922,Нет завершённых покупок,0.0,0.0,0.0
8924,Нет завершённых покупок,0.0,0.0,0.0
8925,PayPal,7953.4,92.16,8045.56
8926,Нет завершённых покупок,0.0,0.0,0.0
8927,Cash,83.0,59.86,142.86
8929,Нет завершённых покупок,0.0,0.0,0.0
8930,"Credit Card, Debit Card",10982.79,55.92,11038.71
8931,Debit Card,6329.52,78.91,6408.43
8932,Cash,3955.95,81.92,4037.87
8933,Нет завершённых покупок,0.0,0.0,0.0
8934,Cash,41.5,42.31,83.81
8936,PayPal,7911.9,79.72,7991.62
8937,Credit Card,145.25,51.33,196.58
8943,Debit Card,2534.49,119.37,2653.86
8944,PayPal,3164.76,0.0,3164.76
8946,Cash,8019.18,87.88,8107.06
8947,Credit Card,4639.6,90.57,4730.17
8948,Нет завершённых покупок,0.0,0.0,0.0
8949,Cash,3289.26,50.74,3340.0
8950,"Credit Card, Debit Card",10285.47,105.7,10391.17
8951,Нет завершённых покупок,0.0,0.0,0.0
8952,"Cash, Debit Card",6549.21,173.38,6722.59
8953,"Credit Card, PayPal",5685.16,0.0,5685.16
8957,Нет завершённых покупок,0.0,0.0,0.0
8958,Debit Card,2534.49,98.7,2633.19
8959,Cash,186.75,76.99,263.74
8960,Credit Card,207.5,73.53,281.03
8961,Нет завершённых покупок,0.0,0.0,0.0
8965,Нет завершённых покупок,0.0,0.0,0.0
8966,Cash,927.92,33.17,961.09
8968,Cash,741.09,0.0,741.09
8969,"Cash, Credit Card",7499.73,165.34,7665.07
8972,PayPal,5538.33,91.84,5630.17
8973,Нет завершённых покупок,0.0,0.0,0.0
8975,"Debit Card, PayPal",3030.79,195.98,3226.77
8976,Нет завершённых покупок,0.0,0.0,0.0
8977,Нет завершённых покупок,0.0,0.0,0.0
8978,Cash,2636.3,44.31,2680.61
8980,"Debit Card, PayPal",9641.11,21.35,9662.46
8981,Cash,4224.15,59.5,4283.65
8982,Credit Card,2470.3,41.42,2511.72
8983,PayPal,844.83,80.79,925.62
8984,Cash,5913.81,12.68,5926.49
8985,PayPal,2273.37,79.72,2353.09
8986,Credit Card,477.25,263.97,741.22
8987,Credit Card,3955.95,33.17,3989.12
8988,Нет завершённых покупок,0.0,0.0,0.0
8989,Нет завершённых покупок,0.0,0.0,0.0
8990,Cash,145.25,62.94,208.19
8991,Cash,4639.6,63.65,4703.25
8992,Нет завершённых покупок,0.0,0.0,0.0
8993,Debit Card,4793.77,139.14,4932.91
8994,PayPal,1976.24,38.28,2014.52
8995,Нет завершённых покупок,0.0,0.0,0.0
8997,Нет завершённых покупок,0.0,0.0,0.0
8998,PayPal,166.0,49.19,215.19
8999,Credit Card,3955.95,80.84,4036.79
9001,Cash,8985.07,159.02,9144.09
9002,Cash,5913.81,46.25,5960.06
9003,Debit Card,7911.9,44.08,7955.98
9005,PayPal,741.09,0.0,741.09
9006,Cash,1689.66,84.23,1773.89
9008,PayPal,6758.64,86.79,6845.43
9009,Нет завершённых покупок,0.0,0.0,0.0
9010,Нет завершённых покупок,0.0,0.0,0.0
9011,Credit Card,2373.57,0.0,2373.57
9012,Нет завершённых покупок,0.0,0.0,0.0
9013,PayPal,2534.49,0.0,2534.49
9014,PayPal,2534.49,0.0,2534.49
9015,Debit Card,741.09,48.32,789.41
9016,PayPal,3794.68,160.7,3955.38
9017,Credit Card,927.92,91.7,1019.62
9018,Credit Card,2534.49,84.03,2618.52
9019,"Debit Card, PayPal",7965.54,96.64,8062.18
9020,"Credit Card, Debit Card, PayPal",8048.63,162.33,8210.96
9022,Credit Card,2223.27,120.77,2344.04
9023,Cash,14282.92,65.86,14348.78
9024,Debit Card,7603.47,30.9,7634.37
9025,PayPal,11827.62,87.87,11915.49
9026,Cash,2534.49,100.35,2634.84
9028,Нет завершённых покупок,0.0,0.0,0.0
9029,Debit Card,3164.76,116.17,3280.93
9030,Debit Card,5068.98,62.23,5131.21
9032,PayPal,1689.66,26.43,1716.09
9033,Credit Card,927.92,42.04,969.96
9034,Нет завершённых покупок,0.0,0.0,0.0
9035,"Debit Card, PayPal",3585.05,91.58,3676.63
9036,"Credit Card, Debit Card",5976.06,125.84,6101.9
9037,Credit Card,1235.15,0.0,1235.15
9038,Нет завершённых покупок,0.0,0.0,0.0
9039,Cash,4639.6,64.49,4704.09
9040,Нет завершённых покупок,0.0,0.0,0.0
9042,PayPal,988.12,41.76,1029.88
9046,Debit Card,2470.3,36.26,2506.56
9047,Cash,3294.39,158.4,3452.79
9048,Нет завершённых покупок,0.0,0.0,0.0
9049,Cash,103.75,85.0,188.75
9051,Нет завершённых покупок,0.0,0.0,0.0
9053,Нет завершённых покупок,0.0,0.0,0.0
9055,PayPal,41.5,63.03,104.53
9056,Credit Card,2470.3,45.49,2515.79
9058,Нет завершённых покупок,0.0,0.0,0.0
9059,Нет завершённых покупок,0.0,0.0,0.0
9060,Нет завершённых покупок,0.0,0.0,0.0
9061,Credit Card,741.09,37.88,778.97
9062,Cash,228.25,82.22,310.47
9064,Нет завершённых покупок,0.0,0.0,0.0
9066,PayPal,6329.52,47.62,6377.14
9067,Cash,7603.47,49.73,7653.2
9068,Нет завершённых покупок,0.0,0.0,0.0
9070,Cash,5068.98,63.12,5132.1
9071,Cash,5068.98,26.75,5095.73
9072,PayPal,11827.62,127.32,11954.94
9073,"Cash, Debit Card",7394.17,57.1,7451.27
9074,"Credit Card, Debit Card",1112.62,179.54,1292.16
9075,Нет завершённых покупок,0.0,0.0,0.0
9076,Debit Card,83.0,65.14,148.14
9078,Нет завершённых покупок,0.0,0.0,0.0
9080,"Credit Card, Debit Card, PayPal",10253.39,59.54,10312.93
9082,Нет завершённых покупок,0.0,0.0,0.0
9083,Debit Card,83.0,80.14,163.14
9084,Cash,6329.52,30.95,6360.47
9085,Нет завершённых покупок,0.0,0.0,0.0
9086,Нет завершённых покупок,0.0,0.0,0.0
9088,Credit Card,463.96,0.0,463.96
9089,"Cash, Debit Card",5567.52,134.43,5701.95
9090,Cash,7120.71,30.27,7150.98
9091,Нет завершённых покупок,0.0,0.0,0.0
9093,"Cash, Credit Card",6773.48,136.41,6909.89
9094,Credit Card,741.09,25.13,766.22
9095,Debit Card,41.5,48.57,90.07
9096,Cash,1391.88,0.0,1391.88
9097,"Cash, Debit Card",2244.02,0.0,2244.02
9099,PayPal,1976.24,0.0,1976.24
9100,Credit Card,5103.56,47.24,5150.8
9102,"Debit Card, PayPal",3151.19,55.23,3206.42
9103,Нет завершённых покупок,0.0,0.0,0.0
9104,Нет завершённых покупок,0.0,0.0,0.0
9105,"Credit Card, Debit Card",650.71,0.0,650.71
9106,"Credit Card, Debit Card",9542.4,0.0,9542.4
9111,Credit Card,20.75,44.64,65.39
9112,Нет завершённых покупок,0.0,0.0,0.0
9114,Cash,145.25,72.7,217.95
9116,PayPal,4639.6,0.0,4639.6
9117,Credit Card,207.5,121.29,328.79
9119,"Cash, Debit Card",5410.79,70.3,5481.09
9120,Cash,791.19,33.4,824.59
9121,Cash,2575.99,164.71,2740.7
9124,Credit Card,463.96,0.0,463.96
9125,Credit Card,1204.22,146.27,1350.49
9126,Нет завершённых покупок,0.0,0.0,0.0
9127,Credit Card,13986.63,107.37,14094.0
9128,Нет завершённых покупок,0.0,0.0,0.0
9129,PayPal,41.5,22.85,64.35
9130,Cash,62.25,0.0,62.25
9131,Debit Card,1855.84,8.89,1864.73
9133,Нет завершённых покупок,0.0,0.0,0.0
9134,Нет завершённых покупок,0.0,0.0,0.0
9136,Нет завершённых покупок,0.0,0.0,0.0
9138,Cash,2223.27,0.0,2223.27
9140,Debit Card,5913.81,0.0,5913.81
9142,Нет завершённых покупок,0.0,0.0,0.0
9144,Debit Card,741.09,59.32,800.41
9146,PayPal,186.75,29.31,216.06
9147,Cash,741.09,51.4,792.49
9148,Cash,7603.47,75.89,7679.36
9149,Нет завершённых покупок,0.0,0.0,0.0
9150,"Debit Card, PayPal",3325.68,122.4,3448.08
9153,Debit Card,4639.6,21.72,4661.32
9154,Debit Card,1689.66,37.25,1726.91
9155,Credit Card,791.19,0.0,791.19
9156,PayPal,2223.27,81.89,2305.16
9158,Debit Card,207.5,34.91,242.41
9159,Debit Card,6758.64,11.47,6770.11
9162,Нет завершённых покупок,0.0,0.0,0.0
9163,"Credit Card, PayPal",3261.49,44.65,3306.14
9164,Нет завершённых покупок,0.0,0.0,0.0
9167,Нет завершённых покупок,0.0,0.0,0.0
9168,Debit Card,927.92,0.0,927.92
9169,Credit Card,6793.48,81.16,6874.64
9172,Нет завершённых покупок,0.0,0.0,0.0
9173,PayPal,2534.49,77.91,2612.4
9175,"Credit Card, PayPal",5913.81,142.07,6055.88
9176,"Credit Card, Debit Card",7746.76,58.15,7804.91
9179,"Cash, Credit Card",4446.54,121.38,4567.92
9180,PayPal,6329.52,113.95,6443.47
9182,Cash,2223.27,87.51,2310.78
9183,"Cash, Credit Card",5151.98,34.46,5186.44
9184,Credit Card,41.5,20.68,62.18
9187,Cash,186.75,19.37,206.12
9188,"Cash, Debit Card",228.25,56.24,284.49
9189,Cash,2783.76,107.92,2891.68
9190,Credit Card,5913.81,94.59,6008.4
9191,Нет завершённых покупок,0.0,0.0,0.0
9193,PayPal,3955.95,25.66,3981.61
9194,Cash,6758.64,26.21,6784.85
9195,"Credit Card, PayPal",3400.07,40.87,3440.94
9197,Нет завершённых покупок,0.0,0.0,0.0
9198,Нет завершённых покупок,0.0,0.0,0.0
9200,Credit Card,927.92,18.01,945.93
9202,Credit Card,8458.82,30.35,8489.17
9204,Нет завершённых покупок,0.0,0.0,0.0
9206,Cash,7120.71,58.98,7179.69
9207,Нет завершённых покупок,0.0,0.0,0.0
9209,Нет завершённых покупок,0.0,0.0,0.0
9210,Нет завершённых покупок,0.0,0.0,0.0
9211,Debit Card,1976.24,5.39,1981.63
9214,Debit Card,1729.21,0.0,1729.21
9215,Credit Card,988.12,50.98,1039.1
9216,Нет завершённых покупок,0.0,0.0,0.0
9218,Нет завершённых покупок,0.0,0.0,0.0
9221,PayPal,4224.15,97.39,4321.54
9223,"Cash, PayPal",6723.38,79.75,6803.13
9225,Cash,3379.32,65.18,3444.5
9226,Credit Card,62.25,29.23,91.48
9227,"Credit Card, PayPal",3711.68,100.3,3811.98
9228,Debit Card,1582.38,82.18,1664.56
9229,Credit Card,247.03,50.85,297.88
9232,"Credit Card, Debit Card, PayPal",5925.5,116.63,6042.13
9233,Нет завершённых покупок,0.0,0.0,0.0
9235,Нет завершённых покупок,0.0,0.0,0.0
9237,Debit Card,247.03,33.93,280.96
9239,Cash,1091.87,187.67,1279.54
9240,Нет завершённых покупок,0.0,0.0,0.0
9241,"Credit Card, PayPal",7305.69,88.96,7394.65
9242,Нет завершённых покупок,0.0,0.0,0.0
9245,Нет завершённых покупок,0.0,0.0,0.0
9247,PayPal,5913.81,23.88,5937.69
9248,"Credit Card, PayPal",5913.81,164.54,6078.35
9249,"Cash, PayPal",7911.9,29.87,7941.77
9250,Нет завершённых покупок,0.0,0.0,0.0
9251,Debit Card,2223.27,29.07,2252.34
9252,Debit Card,1582.38,64.18,1646.56
9255,Credit Card,6329.52,6.49,6336.01
9256,Нет завершённых покупок,0.0,0.0,0.0
9257,Нет завершённых покупок,0.0,0.0,0.0
9258,Debit Card,1391.88,80.49,1472.37
9259,"Cash, Credit Card",9767.74,34.76,9802.5
9261,"Cash, Credit Card",269.75,88.24,357.99
9262,PayPal,1689.66,99.59,1789.25
9263,Credit Card,186.75,97.14,283.89
9264,Нет завершённых покупок,0.0,0.0,0.0
9265,Credit Card,5913.81,28.56,5942.37
9267,Нет завершённых покупок,0.0,0.0,0.0
9268,Нет завершённых покупок,0.0,0.0,0.0
9270,Debit Card,7603.47,35.89,7639.36
9271,Debit Card,494.06,95.74,589.8
9272,Cash,2319.8,24.75,2344.55
9273,Нет завершённых покупок,0.0,0.0,0.0
9274,Cash,41.5,47.5,89.0
9275,PayPal,41.5,41.71,83.21
9277,PayPal,8448.3,43.33,8491.63
9279,Debit Card,103.75,59.12,162.87
9280,Нет завершённых покупок,0.0,0.0,0.0
9282,Cash,463.96,39.57,503.53
9284,"Cash, Debit Card, PayPal",8453.38,167.78,8621.16
9285,Cash,988.12,42.26,1030.38
9287,Credit Card,6758.64,94.02,6852.66
9288,Cash,2319.8,108.18,2427.98
9289,Credit Card,1976.24,67.48,2043.72
9291,Credit Card,2373.57,74.01,2447.58
9292,Credit Card,1855.84,107.31,1963.15
9293,Cash,3711.68,0.0,3711.68
9294,Нет завершённых покупок,0.0,0.0,0.0
9295,Debit Card,103.75,46.83,150.58
9296,Debit Card,5538.33,65.98,5604.31
9297,Debit Card,1091.87,156.63,1248.5
9298,Нет завершённых покупок,0.0,0.0,0.0
9299,Debit Card,103.75,28.6,132.35
9300,Нет завершённых покупок,0.0,0.0,0.0
9301,Cash,1689.66,34.61,1724.27
9304,"Cash, Credit Card",9293.13,7.09,9300.22
9305,Cash,166.0,27.01,193.01
9307,Cash,741.09,41.89,782.98
9311,PayPal,2223.27,42.84,2266.11
9312,PayPal,1729.21,36.91,1766.12
9313,Credit Card,1482.18,52.1,1534.28
9316,Credit Card,207.5,41.11,248.61
9318,PayPal,927.92,78.44,1006.36
9319,PayPal,6758.64,8.58,6767.22
9320,"Cash, PayPal",7066.94,59.75,7126.69
9321,Нет завершённых покупок,0.0,0.0,0.0
9323,Cash,124.5,6.09,130.59
9326,Cash,2319.8,0.0,2319.8
9328,"Debit Card, PayPal",7203.71,164.3,7368.01
9331,Credit Card,7120.71,29.12,7149.83
9332,Credit Card,3247.72,0.0,3247.72
9333,Debit Card,5068.98,0.0,5068.98
9335,Cash,166.0,107.82,273.82
9336,Debit Card,1976.24,30.3,2006.54
9338,Credit Card,4639.6,92.16,4731.76
9339,PayPal,2596.74,125.48,2722.22
9341,Debit Card,1482.18,28.09,1510.27
9343,Нет завершённых покупок,0.0,0.0,0.0
9346,PayPal,10671.57,98.77,10770.34
9348,Debit Card,463.96,30.69,494.65
9349,Credit Card,20.75,69.23,89.98
9350,"Credit Card, PayPal",7564.67,143.79,7708.46
9351,Cash,16199.28,246.25,16445.53
9353,Credit Card,62.25,17.0,79.25
9358,Cash,2783.76,50.27,2834.03
9361,Cash,5913.81,80.93,5994.74
9363,Нет завершённых покупок,0.0,0.0,0.0
9364,Cash,463.96,0.0,463.96
9365,Cash,5068.98,14.89,5083.87
9366,Debit Card,844.83,60.46,905.29
9367,Debit Card,2223.27,29.72,2252.99
9368,"Credit Card, Debit Card",4038.95,164.55,4203.5
9370,PayPal,1235.15,99.65,1334.8
9371,"Credit Card, PayPal",701.56,85.9,787.46
9375,Cash,494.06,42.2,536.26
9376,Credit Card,12605.14,183.37,12788.51
9378,Нет завершённых покупок,0.0,0.0,0.0
9379,Нет завершённых покупок,0.0,0.0,0.0
9380,PayPal,3955.95,17.94,3973.89
9381,Credit Card,1482.18,75.55,1557.73
9382,Cash,8394.66,188.52,8583.18
9385,Нет завершённых покупок,0.0,0.0,0.0
9387,Credit Card,927.92,46.53,974.45
9388,PayPal,2783.76,13.49,2797.25
9390,"Debit Card, PayPal",269.75,109.68,379.43
9391,Credit Card,3711.68,0.0,3711.68
9394,Credit Card,41.5,22.81,64.31
9395,Нет завершённых покупок,0.0,0.0,0.0
9396,PayPal,83.0,87.04,170.04
9398,Нет завершённых покупок,0.0,0.0,0.0
9399,Credit Card,41.5,53.18,94.68
9400,Debit Card,186.75,49.05,235.8
9401,Нет завершённых покупок,0.0,0.0,0.0
9402,"Cash, Debit Card",948.59,84.23,1032.82
9404,Cash,3711.68,11.72,3723.4
9406,PayPal,7911.9,45.5,7957.4
9408,Credit Card,1729.21,75.18,1804.39
9412,Credit Card,9005.82,161.32,9167.14
9415,Credit Card,2534.49,102.32,2636.81
9417,PayPal,494.06,0.0,494.06
9420,Нет завершённых покупок,0.0,0.0,0.0
9421,"Cash, Credit Card",5347.83,122.18,5470.01
9422,Debit Card,844.83,99.12,943.95
9423,Credit Card,186.75,67.99,254.74
9425,Debit Card,103.75,41.24,144.99
9428,"Credit Card, Debit Card",9459.31,40.87,9500.18
9429,Нет завершённых покупок,0.0,0.0,0.0
9430,Debit Card,4175.64,70.1,4245.74
9433,PayPal,7603.47,79.15,7682.62
9434,Credit Card,5913.81,0.0,5913.81
9437,PayPal,5913.81,49.49,5963.3
9438,Credit Card,5538.33,0.0,5538.33
9439,Cash,1689.66,0.0,1689.66
9441,"Cash, Credit Card",4843.87,91.06,4934.93
9443,Нет завершённых покупок,0.0,0.0,0.0
9444,Нет завершённых покупок,0.0,0.0,0.0
9445,Credit Card,927.92,31.78,959.7
9447,Нет завершённых покупок,0.0,0.0,0.0
9449,Credit Card,4747.14,0.0,4747.14
9450,"Debit Card, PayPal",3628.72,95.2,3723.92
9451,Нет завершённых покупок,0.0,0.0,0.0
9453,Нет завершённых покупок,0.0,0.0,0.0
9455,Cash,7292.25,35.89,7328.14
9456,Credit Card,145.25,71.06,216.31
9457,Credit Card,41.5,14.87,56.37
9459,Нет завершённых покупок,0.0,0.0,0.0
9460,Нет завершённых покупок,0.0,0.0,0.0
9461,Cash,62.25,42.1,104.35
9462,PayPal,1582.38,0.0,1582.38
9463,Cash,6329.52,74.39,6403.91
9464,Cash,1482.18,77.97,1560.15
9465,Cash,207.5,91.66,299.16
9467,Credit Card,11141.78,80.66,11222.44
9468,Нет завершённых покупок,0.0,0.0,0.0
9469,Нет завершённых покупок,0.0,0.0,0.0
9471,Cash,145.25,83.36,228.61
9473,Нет завершённых покупок,0.0,0.0,0.0
9474,Debit Card,6758.64,0.0,6758.64
9475,Debit Card,1482.18,60.62,1542.8
9476,"Cash, Credit Card",639.31,59.51,698.82
9477,Credit Card,186.75,49.95,236.7
9479,PayPal,1855.84,51.32,1907.16
9480,Нет завершённых покупок,0.0,0.0,0.0
9481,PayPal,988.12,14.02,1002.14
9483,Нет завершённых покупок,0.0,0.0,0.0
9485,"Cash, PayPal",373.5,91.1,464.6
9487,Нет завершённых покупок,0.0,0.0,0.0
9488,Debit Card,463.96,109.66,573.62
9490,Нет завершённых покупок,0.0,0.0,0.0
9493,Нет завершённых покупок,0.0,0.0,0.0
9494,Debit Card,494.06,49.18,543.24
9495,Credit Card,2223.27,48.59,2271.86
9496,Debit Card,7911.9,28.6,7940.5
9497,Cash,2223.27,0.0,2223.27
9498,PayPal,247.03,0.0,247.03
9499,PayPal,2470.3,45.29,2515.59
9500,Cash,3379.32,66.05,3445.37
9501,Нет завершённых покупок,0.0,0.0,0.0
9502,Нет завершённых покупок,0.0,0.0,0.0
9503,PayPal,5913.81,41.06,5954.87
9506,Cash,124.5,16.11,140.61
9507,"Cash, PayPal",311.25,30.95,342.2
9508,Cash,103.75,23.75,127.5
9509,Credit Card,166.0,47.87,213.87
9511,Debit Card,1391.88,89.35,1481.23
9512,"Debit Card, PayPal",1789.88,184.96,1974.84
9514,Нет завершённых покупок,0.0,0.0,0.0
9515,Нет завершённых покупок,0.0,0.0,0.0
9516,PayPal,5913.81,0.0,5913.81
9517,Нет завершённых покупок,0.0,0.0,0.0
9518,Cash,1156.17,216.1,1372.27
9519,Нет завершённых покупок,0.0,0.0,0.0
9521,Нет завершённых покупок,0.0,0.0,0.0
9522,PayPal,11779.11,116.25,11895.36
9525,Credit Card,20.75,0.0,20.75
9527,PayPal,3711.68,0.0,3711.68
9528,Credit Card,791.19,70.7,861.89
9529,"Credit Card, Debit Card",7227.99,62.46,7290.45
9532,Debit Card,3379.32,38.55,3417.87
9534,Нет завершённых покупок,0.0,0.0,0.0
9535,Credit Card,927.92,65.44,993.36
9537,Credit Card,6329.52,48.09,6377.61
9538,Нет завершённых покупок,0.0,0.0,0.0
9539,Credit Card,2319.8,65.19,2384.99
9540,"Credit Card, Debit Card",5438.13,158.33,5596.46
9541,Debit Card,8448.3,33.94,8482.24
9543,Нет завершённых покупок,0.0,0.0,0.0
9545,Нет завершённых покупок,0.0,0.0,0.0
9546,Credit Card,6758.64,6.06,6764.7
9548,Нет завершённых покупок,0.0,0.0,0.0
9549,"Credit Card, Debit Card, PayPal",6749.81,127.94,6877.75
9550,Cash,1073.17,183.67,1256.84
9551,"Debit Card, PayPal",2843.96,70.58,2914.54
9552,Debit Card,3711.68,69.35,3781.03
9556,PayPal,494.06,0.0,494.06
9559,Cash,4175.64,77.13,4252.77
9560,Debit Card,2717.33,130.85,2848.18
9561,Cash,1235.15,85.46,1320.61
9563,Debit Card,145.25,0.0,145.25
9564,Debit Card,2373.57,73.83,2447.4
9566,Credit Card,2470.3,0.0,2470.3
9567,Credit Card,988.12,46.8,1034.92
9568,Debit Card,1689.66,38.15,1727.81
9570,Нет завершённых покупок,0.0,0.0,0.0
9571,PayPal,988.12,60.35,1048.47
9573,Нет завершённых покупок,0.0,0.0,0.0
9574,Debit Card,2373.57,68.62,2442.19
9575,Нет завершённых покупок,0.0,0.0,0.0
9578,PayPal,5068.98,13.0,5081.98
9579,PayPal,7911.9,33.01,7944.91
9580,Credit Card,2511.8,14.85,2526.65
9581,"Cash, PayPal",1454.13,61.03,1515.16
9582,PayPal,9826.74,44.07,9870.81
9584,"Credit Card, PayPal",1976.24,39.36,2015.6
9585,Debit Card,7603.47,10.28,7613.75
9586,PayPal,988.12,91.84,1079.96
9587,Credit Card,4639.6,38.93,4678.53
9588,Debit Card,1482.18,11.92,1494.1
9589,Cash,1482.18,28.98,1511.16
9591,Cash,494.06,64.37,558.43
9592,PayPal,7603.47,79.06,7682.53
9596,Debit Card,9332.69,234.47,9567.16
9597,Cash,8448.3,12.18,8460.48
9598,Cash,494.06,24.66,518.72
9600,Нет завершённых покупок,0.0,0.0,0.0
9602,Credit Card,2373.57,45.47,2419.04
9603,Нет завершённых покупок,0.0,0.0,0.0
9604,Debit Card,927.92,0.0,927.92
9605,Нет завершённых покупок,0.0,0.0,0.0
9606,Нет завершённых покупок,0.0,0.0,0.0
9607,Нет завершённых покупок,0.0,0.0,0.0
9608,Cash,494.06,103.15,597.21
9610,Нет завершённых покупок,0.0,0.0,0.0
9613,PayPal,6329.52,10.43,6339.95
9615,Нет завершённых покупок,0.0,0.0,0.0
9617,"Cash, Debit Card",4847.1,79.04,4926.14
9618,Credit Card,124.5,46.97,171.47
9619,Cash,2373.57,10.63,2384.2
9621,PayPal,3955.95,0.0,3955.95
9622,Debit Card,20.75,70.61,91.36
9623,"Cash, Debit Card",639.31,30.36,669.67
9624,"Credit Card, PayPal",7861.8,0.0,7861.8
9625,Debit Card,3711.68,67.38,3779.06
9627,Credit Card,2783.76,76.81,2860.57
9628,Credit Card,83.0,27.48,110.48
9629,"Cash, Credit Card",13986.63,118.04,14104.67
9631,"Credit Card, Debit Card",10821.87,85.22,10907.09
9633,Debit Card,1689.66,14.66,1704.32
9634,Credit Card,791.19,52.94,844.13
9636,Credit Card,988.12,70.69,1058.81
9637,Debit Card,1235.15,71.74,1306.89
9638,Cash,3711.68,40.05,3751.73
9639,PayPal,741.09,47.86,788.95
9640,PayPal,1582.38,41.47,1623.85
9641,Cash,10036.46,106.4,10142.86
9642,Debit Card,927.92,6.92,934.84
9643,Debit Card,1391.88,32.6,1424.48
9645,Credit Card,207.5,34.96,242.46
9646,Нет завершённых покупок,0.0,0.0,0.0
9647,Credit Card,2783.76,92.35,2876.11
9650,Нет завершённых покупок,0.0,0.0,0.0
9651,PayPal,1855.84,20.25,1876.09
9652,Credit Card,5996.81,182.23,6179.04
9653,Credit Card,988.12,0.0,988.12
9654,Credit Card,2223.27,68.44,2291.71
9655,Нет завершённых покупок,0.0,0.0,0.0
9656,Cash,166.0,20.99,186.99
9657,PayPal,207.5,74.69,282.19
9659,Cash,1391.88,0.0,1391.88
9660,Нет завершённых покупок,0.0,0.0,0.0
9661,PayPal,247.03,0.0,247.03
9662,Cash,1855.84,25.09,1880.93
9663,PayPal,5068.98,26.15,5095.13
9664,Нет завершённых покупок,0.0,0.0,0.0
9668,Нет завершённых покупок,0.0,0.0,0.0
9669,Credit Card,1205.05,63.29,1268.34
9670,Нет завершённых покупок,0.0,0.0,0.0
9671,Нет завершённых покупок,0.0,0.0,0.0
9673,Нет завершённых покупок,0.0,0.0,0.0
9674,Debit Card,3247.72,13.45,3261.17
9675,Cash,1482.18,61.08,1543.26
9676,"Cash, Debit Card, PayPal",2657.05,224.08,2881.13
9677,"Cash, Debit Card, PayPal",8799.56,110.23,8909.79
9680,Cash,7911.9,0.0,7911.9
9681,Debit Card,650.71,146.38,797.09
9682,PayPal,927.92,39.96,967.88
9686,"Cash, Debit Card",7887.32,10.66,7897.98
9687,PayPal,1582.38,45.08,1627.46
9688,Cash,4747.14,20.86,4768.0
9689,Нет завершённых покупок,0.0,0.0,0.0
9690,Нет завершённых покупок,0.0,0.0,0.0
9691,"Credit Card, Debit Card, PayPal",5727.09,78.25,5805.34
9692,Debit Card,6329.52,0.0,6329.52
9693,"Debit Card, PayPal",5913.81,0.0,5913.81
9694,Credit Card,103.75,0.0,103.75
9695,PayPal,1482.18,54.47,1536.65
9696,Cash,2470.3,58.53,2528.83
9697,PayPal,3711.68,29.03,3740.71
9700,Cash,83.0,72.01,155.01
9701,Credit Card,3247.72,40.71,3288.43
9703,Credit Card,5538.33,0.0,5538.33
9704,Нет завершённых покупок,0.0,0.0,0.0
9707,PayPal,2783.76,45.57,2829.33
9708,Debit Card,2470.3,111.28,2581.58
9709,Cash,41.5,96.45,137.95
9710,"Credit Card, PayPal",4854.42,122.47,4976.89
9711,Cash,5538.33,0.0,5538.33
9712,Нет завершённых покупок,0.0,0.0,0.0
9713,Debit Card,7120.71,0.0,7120.71
9715,PayPal,2223.27,31.03,2254.3
9720,Нет завершённых покупок,0.0,0.0,0.0
9723,Credit Card,7603.47,43.72,7647.19
9728,PayPal,166.0,69.06,235.06
9731,Credit Card,7120.71,92.93,7213.64
9734,Debit Card,41.5,36.62,78.12
9735,Cash,463.96,106.55,570.51
9736,Debit Card,1391.88,0.0,1391.88
9739,"Cash, PayPal",514.81,86.2,601.01
9740,"Cash, Debit Card",7665.72,76.22,7741.94
9741,"Cash, Credit Card",5849.62,0.0,5849.62
9742,PayPal,494.06,41.37,535.43
9743,Cash,4224.15,33.5,4257.65
9744,Cash,6329.52,0.0,6329.52
9745,Credit Card,10529.35,259.34,10788.69
9747,Cash,1582.38,16.31,1598.69
9748,"Cash, PayPal",7423.36,22.49,7445.85
9749,Credit Card,103.75,7.26,111.01
9751,Cash,3955.95,15.21,3971.16
9752,"Cash, PayPal",5725.08,57.41,5782.49
9753,PayPal,103.75,38.19,141.94
9754,Cash,1482.18,90.28,1572.46
9755,Credit Card,10446.39,25.15,10471.54
9756,Debit Card,3955.95,0.0,3955.95
9757,Нет завершённых покупок,0.0,0.0,0.0
9759,Credit Card,4747.14,105.72,4852.86
9760,"Debit Card, PayPal",546.96,0.0,546.96
9761,Debit Card,3711.68,0.0,3711.68
9762,Нет завершённых покупок,0.0,0.0,0.0
9763,Debit Card,1235.15,58.61,1293.76
9764,Нет завершённых покупок,0.0,0.0,0.0
9765,PayPal,1729.21,77.79,1807.0
9767,Credit Card,2319.8,0.0,2319.8
9768,Нет завершённых покупок,0.0,0.0,0.0
9769,Нет завершённых покупок,0.0,0.0,0.0
9774,Нет завершённых покупок,0.0,0.0,0.0
9775,PayPal,62.25,0.0,62.25
9776,Credit Card,1729.21,0.0,1729.21
9777,Credit Card,62.25,38.52,100.77
9778,PayPal,4747.14,62.25,4809.39
9779,PayPal,2534.49,10.88,2545.37
9781,PayPal,2223.27,97.73,2321.0
9782,Credit Card,7120.71,0.0,7120.71
9783,PayPal,5913.81,76.05,5989.86
9784,Credit Card,1689.66,41.05,1730.71
9785,Debit Card,11076.66,24.07,11100.73
9787,"Credit Card, Debit Card",4367.44,48.81,4416.25
9788,Нет завершённых покупок,0.0,0.0,0.0
9789,Credit Card,8448.3,65.88,8514.18
9790,"Cash, Credit Card",9923.4,105.4,10028.8
9791,Нет завершённых покупок,0.0,0.0,0.0
9792,Нет завершённых покупок,0.0,0.0,0.0
9793,Credit Card,5068.98,0.0,5068.98
9795,Debit Card,8734.88,156.47,8891.35
9796,Debit Card,4639.6,63.57,4703.17
9798,Нет завершённых покупок,0.0,0.0,0.0
9800,PayPal,2783.76,6.44,2790.2
9801,PayPal,124.5,92.61,217.11
9802,Нет завершённых покупок,0.0,0.0,0.0
9803,Нет завершённых покупок,0.0,0.0,0.0
9804,Cash,1235.15,49.35,1284.5
9805,"Debit Card, PayPal",1010.92,85.13,1096.05
9806,PayPal,494.06,86.1,580.16
9808,Credit Card,463.96,11.12,475.08
9810,Credit Card,1855.84,5.5,1861.34
9811,Debit Card,7911.9,19.84,7931.74
9812,"Cash, Debit Card",13394.33,183.9,13578.23
9813,Нет завершённых покупок,0.0,0.0,0.0
9815,"Cash, PayPal",1772.66,42.85,1815.51
9817,PayPal,1391.88,66.99,1458.87
9818,PayPal,2470.3,79.54,2549.84
9819,Нет завершённых покупок,0.0,0.0,0.0
9820,Нет завершённых покупок,0.0,0.0,0.0
9821,Credit Card,145.25,17.83,163.08
9822,Cash,20.75,0.0,20.75
9823,Нет завершённых покупок,0.0,0.0,0.0
9826,Debit Card,20.75,0.0,20.75
9827,"Cash, PayPal",124.5,144.9,269.4
9828,Credit Card,2223.27,86.53,2309.8
9829,"Credit Card, Debit Card",6436.8,156.79,6593.59
9830,"Debit Card, PayPal",1380.4,141.43,1521.83
9831,PayPal,1391.88,42.36,1434.24
9832,Нет завершённых покупок,0.0,0.0,0.0
9833,Нет завершённых покупок,0.0,0.0,0.0
9834,PayPal,3711.68,96.35,3808.03
9835,Нет завершённых покупок,0.0,0.0,0.0
9838,Нет завершённых покупок,0.0,0.0,0.0
9839,Credit Card,927.92,131.24,1059.16
9841,PayPal,7603.47,0.0,7603.47
9845,Credit Card,1391.88,38.98,1430.86
9846,Debit Card,124.5,85.42,209.92
9849,PayPal,2534.49,28.85,2563.34
9850,Debit Card,791.19,0.0,791.19
9851,Нет завершённых покупок,0.0,0.0,0.0
9852,Credit Card,844.83,82.98,927.81
9853,Cash,3711.68,0.0,3711.68
9854,Cash,2539.57,56.71,2596.28
9857,Cash,166.0,0.0,166.0
9858,PayPal,186.75,35.17,221.92
9859,Credit Card,12825.0,161.07,12986.07
9860,PayPal,5103.56,41.3,5144.86
9861,Cash,3379.32,71.31,3450.63
9862,Debit Card,2223.27,0.0,2223.27
9863,Credit Card,5007.03,194.08,5201.11
9864,Нет завершённых покупок,0.0,0.0,0.0
9866,Cash,20.75,25.08,45.83
9867,"Credit Card, Debit Card, PayPal",6855.73,80.31,6936.04
9868,Нет завершённых покупок,0.0,0.0,0.0
9869,"Cash, PayPal",12659.04,41.79,12700.83
9870,Credit Card,5913.81,47.27,5961.08
9871,Нет завершённых покупок,0.0,0.0,0.0
9872,Нет завершённых покупок,0.0,0.0,0.0
9873,Cash,463.96,0.0,463.96
9874,"Cash, PayPal",5347.83,45.54,5393.37
9875,Нет завершённых покупок,0.0,0.0,0.0
9877,Нет завершённых покупок,0.0,0.0,0.0
9880,PayPal,166.0,42.67,208.67
9882,Нет завершённых покупок,0.0,0.0,0.0
9883,PayPal,124.5,11.78,136.28
9884,Нет завершённых покупок,0.0,0.0,0.0
9885,Cash,1976.24,0.0,1976.24
9886,Debit Card,247.03,90.51,337.54
9891,Credit Card,463.96,70.94,534.9
9892,"Cash, Credit Card",1769.13,117.77,1886.9
9894,Credit Card,2319.8,48.02,2367.82
9895,"Cash, Credit Card",2534.49,88.14,2622.63
9896,Debit Card,145.25,60.4,205.65
9898,Credit Card,5388.03,65.41,5453.44
9899,Debit Card,247.03,32.31,279.34
9900,"Credit Card, Debit Card",11315.15,40.48,11355.63
9901,PayPal,6454.02,54.05,6508.07
9902,Нет завершённых покупок,0.0,0.0,0.0
9903,"Debit Card, PayPal",3361.69,58.77,3420.46
9904,Credit Card,5068.98,85.67,5154.65
9906,Debit Card,186.75,45.0,231.75
9907,PayPal,4776.37,235.42,5011.79
9908,Нет завершённых покупок,0.0,0.0,0.0
9909,Нет завершённых покупок,0.0,0.0,0.0
9911,Credit Card,6329.52,84.49,6414.01
9912,"Credit Card, Debit Card",1915.96,117.6,2033.56
9914,"Cash, PayPal",3801.98,31.86,3833.84
9915,PayPal,741.09,76.71,817.8
9916,Credit Card,6329.52,49.01,6378.53
9917,Debit Card,4175.64,99.91,4275.55
9918,"Credit Card, Debit Card",2389.27,115.86,2505.13
9919,Debit Card,1391.88,34.9,1426.78
9920,Debit Card,186.75,54.75,241.5
9921,Debit Card,1391.88,5.57,1397.45
9922,Debit Card,5913.81,34.02,5947.83
9923,Debit Card,7911.9,107.29,8019.19
9925,Debit Card,10177.93,221.49,10399.42
9926,"Cash, Credit Card",8180.1,12.76,8192.86
9927,"Cash, Debit Card, PayPal",11223.49,45.17,11268.66
9930,Credit Card,1689.66,14.04,1703.7
9931,PayPal,6329.52,102.15,6431.67
9932,"Debit Card, PayPal",9762.48,130.53,9893.01
9933,Credit Card,124.5,28.18,152.68
9936,Нет завершённых покупок,0.0,0.0,0.0
9938,"Cash, PayPal",3090.99,48.68,3139.67
9942,"Cash, PayPal",9542.4,27.05,9569.45
9943,Нет завершённых покупок,0.0,0.0,0.0
9944,Credit Card,62.25,47.64,109.89
9945,Debit Card,1729.21,72.58,1801.79
9947,Debit Card,4747.14,0.0,4747.14
9948,Cash,2059.24,137.38,2196.62
9949,"Credit Card, PayPal",9459.31,58.12,9517.43
9950,Нет завершённых покупок,0.0,0.0,0.0
9951,Debit Card,741.09,14.75,755.84
9952,Нет завершённых покупок,0.0,0.0,0.0
9953,"Cash, PayPal",4052.68,14.9,4067.58
9954,Нет завершённых покупок,0.0,0.0,0.0
9955,Credit Card,1976.24,31.24,2007.48
9956,Credit Card,249.0,93.2,342.2
9957,Нет завершённых покупок,0.0,0.0,0.0
9959,Cash,844.83,36.57,881.4
9960,Cash,2783.76,0.0,2783.76
9961,Cash,1582.38,11.93,1594.31
9962,Credit Card,4678.97,213.86,4892.83
9963,Credit Card,2373.57,44.76,2418.33
9964,PayPal,1729.21,44.56,1773.77
9966,Нет завершённых покупок,0.0,0.0,0.0
9967,Debit Card,2223.27,64.68,2287.95
9968,Нет завершённых покупок,0.0,0.0,0.0
9969,"Cash, PayPal",3801.98,80.29,3882.27
9971,Debit Card,3247.72,53.49,3301.21
9972,Debit Card,103.75,20.06,123.81
9973,"Cash, Debit Card",948.67,100.59,1049.26
9975,Cash,4175.64,0.0,4175.64
9976,"Cash, PayPal",3805.65,42.33,3847.98
9978,Credit Card,4224.15,102.98,4327.13
9979,Нет завершённых покупок,0.0,0.0,0.0
9980,PayPal,844.83,20.24,865.07
9981,Credit Card,1729.21,0.0,1729.21
9982,Cash,2223.27,68.57,2291.84
9983,Debit Card,927.92,28.06,955.98
9984,Cash,7911.9,22.75,7934.65
9989,Cash,207.5,79.55,287.05
9991,"Cash, Debit Card, PayPal",4038.91,71.72,4110.63
9993,Debit Card,1976.24,69.98,2046.22
9994,"Debit Card, PayPal",782.59,72.34,854.93
9995,Cash,1976.24,0.0,1976.24
9997,PayPal,6758.64,47.17,6805.81
9998,Debit Card,3711.68,35.86,3747.54
9999,Нет завершённых покупок,0.0,0.0,0.0
11000,Нет завершённых покупок,0.0,0.0,0.0
11004,Нет завершённых покупок,0.0,0.0,0.0
11005,Credit Card,3419.04,0.0,3419.04
11006,Credit Card,3145.64,16.16,3161.8
11007,Credit Card,1083.54,115.0,1198.54
11009,Bank Transfer,6291.28,97.83,6389.11
11010,Нет завершённых покупок,0.0,0.0,0.0
11012,Bank Transfer,9048.28,144.79,9193.07
11015,Нет завершённых покупок,0.0,0.0,0.0
11016,Bank Transfer,8533.71,324.89,8858.6
11019,Нет завершённых покупок,0.0,0.0,0.0
11020,PayPal,2697.28,0.0,2697.28
11022,Нет завершённых покупок,0.0,0.0,0.0
11025,"Bank Transfer, PayPal",7315.72,0.0,7315.72
11026,Credit Card,6291.28,88.65,6379.93
11029,Bank Transfer,10257.12,0.0,10257.12
11030,PayPal,3184.4,67.28,3251.68
11031,"Bank Transfer, Credit Card",5394.56,218.09,5612.65
11032,Bank Transfer,3676.0,81.65,3757.65
11033,Нет завершённых покупок,0.0,0.0,0.0
11035,Bank Transfer,15248.98,176.63,15425.61
11036,Bank Transfer,6068.88,165.37,6234.25
11037,PayPal,786.41,36.29,822.7
11038,PayPal,4045.92,11.77,4057.69
11039,Нет завершённых покупок,0.0,0.0,0.0
11042,Bank Transfer,12728.46,24.42,12752.88
11043,Нет завершённых покупок,0.0,0.0,0.0
11045,"Bank Transfer, Credit Card",4750.1,154.25,4904.35
11046,"Bank Transfer, PayPal",11757.98,148.86,11906.84
11047,Bank Transfer,3932.05,18.06,3950.11
11048,PayPal,4558.72,111.77,4670.49
11049,Bank Transfer,2359.23,151.22,2510.45
11050,Нет завершённых покупок,0.0,0.0,0.0
11052,Нет завершённых покупок,0.0,0.0,0.0
11053,Bank Transfer,4595.0,0.0,4595.0
11054,Credit Card,4718.46,0.0,4718.46
11055,Credit Card,1444.72,123.64,1568.36
11059,Credit Card,3419.04,0.0,3419.04
11060,Bank Transfer,786.41,0.0,786.41
11061,Credit Card,3145.64,48.25,3193.89
11062,"Credit Card, PayPal",13581.28,373.7,13954.98
11063,PayPal,14303.04,251.03,14554.07
11064,"Credit Card, PayPal",9022.56,99.68,9122.24
11065,PayPal,5394.56,244.27,5638.83
11066,Credit Card,2359.23,89.65,2448.88
11067,"Bank Transfer, PayPal",9632.64,156.85,9789.49
11070,PayPal,9117.44,12.91,9130.35
11071,Credit Card,8676.08,31.64,8707.72
11072,PayPal,4720.24,0.0,4720.24
11074,"Bank Transfer, Credit Card",9595.08,62.05,9657.13
11075,PayPal,1838.0,130.43,1968.43
11076,Bank Transfer,2022.96,47.67,2070.63
11077,Bank Transfer,1083.54,68.8,1152.34
11078,"Bank Transfer, Credit Card",9197.31,0.0,9197.31
11079,Нет завершённых покупок,0.0,0.0,0.0
11081,Credit Card,919.0,132.94,1051.94
11082,PayPal,4135.5,29.9,4165.4
11083,PayPal,7977.76,171.1,8148.86
11084,Bank Transfer,4595.0,153.68,4748.68
11085,Bank Transfer,5698.4,0.0,5698.4
11086,"Bank Transfer, PayPal",7417.52,247.78,7665.3
11087,Bank Transfer,919.0,72.89,991.89
11088,Нет завершённых покупок,0.0,0.0,0.0
11090,Нет завершённых покупок,0.0,0.0,0.0
11092,Нет завершённых покупок,0.0,0.0,0.0
11095,Bank Transfer,4558.72,0.0,4558.72
11096,Credit Card,2297.5,0.0,2297.5
11100,Credit Card,3419.04,0.0,3419.04
11101,PayPal,17342.72,358.1,17700.82
11102,Credit Card,4558.72,201.45,4760.17
11104,Нет завершённых покупок,0.0,0.0,0.0
11105,Credit Card,2297.5,0.0,2297.5
11106,Credit Card,1083.54,46.8,1130.34
11107,Bank Transfer,9967.28,153.36,10120.64
11108,PayPal,9285.38,179.95,9465.33
11109,Bank Transfer,4720.24,177.95,4898.19
11110,"Credit Card, PayPal",7352.0,315.53,7667.53
11111,PayPal,6743.2,138.82,6882.02
11113,Credit Card,1805.9,65.77,1871.67
11114,Нет завершённых покупок,0.0,0.0,0.0
11115,Credit Card,2167.08,162.14,2329.22
11117,Bank Transfer,6838.08,143.94,6982.02
11118,"Bank Transfer, PayPal",15651.68,271.56,15923.24
11121,PayPal,2167.08,28.67,2195.75
11122,Bank Transfer,4005.08,214.37,4219.45
11123,Bank Transfer,2889.44,0.0,2889.44
11124,PayPal,919.0,179.31,1098.31
11127,"Bank Transfer, Credit Card",3676.0,228.18,3904.18
11128,"Bank Transfer, Credit Card, PayPal",15215.19,242.02,15457.21
11129,Bank Transfer,2757.0,132.13,2889.13
11131,Bank Transfer,6838.08,166.05,7004.13
11132,Credit Card,8271.0,333.3,8604.3
11133,Нет завершённых покупок,0.0,0.0,0.0
11134,PayPal,6068.88,84.41,6153.29
11137,Нет завершённых покупок,0.0,0.0,0.0
11138,Credit Card,1805.9,0.0,1805.9
11139,"Bank Transfer, Credit Card",11123.4,192.37,11315.77
11140,"Bank Transfer, Credit Card",3924.94,290.22,4215.16
11143,"Bank Transfer, PayPal",11283.14,14.9,11298.04
11144,Credit Card,23934.48,281.78,24216.26
11145,"Bank Transfer, Credit Card",4759.54,209.7,4969.24
11146,PayPal,16690.12,444.47,17134.59
11147,Нет завершённых покупок,0.0,0.0,0.0
11149,Нет завершённых покупок,0.0,0.0,0.0
11152,Нет завершённых покупок,0.0,0.0,0.0
11153,Credit Card,2757.0,169.84,2926.84
11155,Bank Transfer,6838.08,191.01,7029.09
11157,PayPal,4558.72,31.6,4590.32
11159,Credit Card,5394.56,161.17,5555.73
11162,Bank Transfer,5698.4,0.0,5698.4
11163,Credit Card,2757.0,49.43,2806.43
11165,Credit Card,3419.04,94.34,3513.38
11168,Bank Transfer,3145.64,0.0,3145.64
11169,"Credit Card, PayPal",9834.69,135.11,9969.8
11170,Нет завершённых покупок,0.0,0.0,0.0
11171,"Bank Transfer, PayPal",3924.94,105.31,4030.25
11174,Нет завершённых покупок,0.0,0.0,0.0
11175,Bank Transfer,5394.56,0.0,5394.56
11176,Bank Transfer,7077.69,94.21,7171.9
11177,Нет завершённых покупок,0.0,0.0,0.0
11180,Credit Card,2297.5,162.73,2460.23
11181,Bank Transfer,5394.56,154.05,5548.61
11182,"Bank Transfer, PayPal",8813.6,133.25,8946.85
11184,Bank Transfer,1572.82,248.68,1821.5
11185,Credit Card,2528.26,80.62,2608.88
11186,"Credit Card, PayPal",11009.74,98.72,11108.46
11187,Credit Card,1378.5,16.44,1394.94
11188,Bank Transfer,459.5,180.91,640.41
11189,Нет завершённых покупок,0.0,0.0,0.0
11190,"Credit Card, PayPal",4976.64,270.24,5246.88
11191,"Bank Transfer, PayPal",5716.54,153.89,5870.43
11192,"Credit Card, PayPal",10426.78,197.44,10624.22
11193,Credit Card,3216.5,223.0,3439.5
11195,Bank Transfer,9117.44,88.67,9206.11
11196,PayPal,1444.72,205.64,1650.36
11197,PayPal,3371.6,55.59,3427.19
11198,Credit Card,6652.46,155.94,6808.4
11200,Bank Transfer,7864.1,72.93,7937.03
11201,Bank Transfer,7417.52,16.86,7434.38
11202,PayPal,2889.44,0.0,2889.44
11203,Credit Card,3676.0,188.3,3864.3
11205,Нет завершённых покупок,0.0,0.0,0.0
11206,Credit Card,3676.0,0.0,3676.0
11207,Bank Transfer,4595.0,86.14,4681.14
11209,Bank Transfer,12095.12,74.62,12169.74
11210,Bank Transfer,22071.84,91.7,22163.54
11211,PayPal,1139.68,185.52,1325.2
11212,Нет завершённых покупок,0.0,0.0,0.0
11213,PayPal,3419.04,0.0,3419.04
11214,Credit Card,4135.5,150.45,4285.95
11215,Bank Transfer,6743.2,15.14,6758.34
11216,Credit Card,786.41,143.83,930.24
11217,Credit Card,6068.88,103.83,6172.71
11218,PayPal,8988.56,349.97,9338.53
11219,Нет завершённых покупок,0.0,0.0,0.0
11220,PayPal,3145.64,238.15,3383.79
11222,Bank Transfer,3371.6,140.24,3511.84
11224,Bank Transfer,3145.64,112.36,3258.0
11225,Нет завершённых покупок,0.0,0.0,0.0
11226,"Bank Transfer, PayPal",7752.01,90.96,7842.97
11228,Credit Card,2022.96,0.0,2022.96
11231,Bank Transfer,5504.87,114.95,5619.82
11232,Bank Transfer,5394.56,43.64,5438.2
11233,PayPal,1572.82,41.09,1613.91
11235,Bank Transfer,7977.76,0.0,7977.76
11236,PayPal,1572.82,63.77,1636.59
11237,Credit Card,361.18,82.35,443.53
11240,Credit Card,2359.23,39.61,2398.84
11241,PayPal,722.36,0.0,722.36
11242,Bank Transfer,3250.62,188.38,3439.0
11243,Нет завершённых покупок,0.0,0.0,0.0
11244,Нет завершённых покупок,0.0,0.0,0.0
11245,PayPal,2167.08,52.55,2219.63
11246,Credit Card,6068.88,151.3,6220.18
11247,PayPal,10487.72,281.7,10769.42
11249,"Bank Transfer, PayPal",8394.31,0.0,8394.31
11250,Bank Transfer,1083.54,179.89,1263.43
11251,Credit Card,5394.56,193.9,5588.46
11252,Нет завершённых покупок,0.0,0.0,0.0
11253,Нет завершённых покупок,0.0,0.0,0.0
11254,Нет завершённых покупок,0.0,0.0,0.0
11255,Bank Transfer,3371.6,65.28,3436.88
11257,Bank Transfer,4823.44,26.75,4850.19
11258,"Bank Transfer, Credit Card",3381.04,236.57,3617.61
11260,Credit Card,2528.26,19.55,2547.81
11261,PayPal,6838.08,118.51,6956.59
11263,PayPal,6838.08,237.39,7075.47
11265,Нет завершённых покупок,0.0,0.0,0.0
11266,Bank Transfer,2167.08,83.91,2250.99
11267,PayPal,722.36,0.0,722.36
11269,PayPal,10257.12,0.0,10257.12
11270,Credit Card,9781.98,580.85,10362.83
11271,"Credit Card, PayPal",3081.59,332.45,3414.04
11272,Credit Card,6743.2,168.7,6911.9
11274,PayPal,361.18,126.0,487.18
11275,Нет завершённых покупок,0.0,0.0,0.0
11276,PayPal,4045.92,87.4,4133.32
11278,"Bank Transfer, PayPal",7292.28,202.69,7494.97
11279,Нет завершённых покупок,0.0,0.0,0.0
11280,"Bank Transfer, Credit Card",4464.58,157.96,4622.54
11281,Credit Card,11396.8,177.8,11574.6
11282,Bank Transfer,1139.68,203.7,1343.38
11283,Нет завершённых покупок,0.0,0.0,0.0
11284,Нет завершённых покупок,0.0,0.0,0.0
11285,PayPal,2697.28,133.37,2830.65
11286,Credit Card,361.18,0.0,361.18
11287,Нет завершённых покупок,0.0,0.0,0.0
11288,Bank Transfer,4595.0,63.07,4658.07
11289,PayPal,5698.4,81.34,5779.74
11290,Credit Card,6743.2,34.69,6777.89
11291,Bank Transfer,1805.9,95.79,1901.69
11293,Credit Card,10336.99,79.92,10416.91
11294,Bank Transfer,919.0,0.0,919.0
11295,Bank Transfer,10451.07,230.67,10681.74
11300,PayPal,722.36,71.13,793.49
11301,"Credit Card, PayPal",5219.04,79.42,5298.46
11303,PayPal,5054.5,227.17,5281.67
11305,Credit Card,3419.04,123.76,3542.8
11306,Bank Transfer,4135.5,233.11,4368.61
11307,Нет завершённых покупок,0.0,0.0,0.0
11308,Нет завершённых покупок,0.0,0.0,0.0
11309,PayPal,17301.02,363.96,17664.98
11310,Credit Card,16653.84,275.68,16929.52
11311,PayPal,2297.5,60.32,2357.82
11312,Credit Card,5490.64,109.11,5599.75
11313,Нет завершённых покупок,0.0,0.0,0.0
11317,Нет завершённых покупок,0.0,0.0,0.0
11318,Нет завершённых покупок,0.0,0.0,0.0
11319,Нет завершённых покупок,0.0,0.0,0.0
11322,Credit Card,10257.12,66.32,10323.44
11323,Credit Card,5504.87,56.74,5561.61
11324,Bank Transfer,7740.64,306.16,8046.8
11325,Bank Transfer,1838.0,0.0,1838.0
11326,Нет завершённых покупок,0.0,0.0,0.0
11327,Credit Card,3611.8,69.57,3681.37
11328,PayPal,2697.28,0.0,2697.28
11331,Credit Card,1348.64,35.07,1383.71
11332,PayPal,26725.65,240.24,26965.89
11333,Bank Transfer,3145.64,129.19,3274.83
11334,PayPal,6291.28,17.39,6308.67
11335,Нет завершённых покупок,0.0,0.0,0.0
11336,PayPal,4720.24,0.0,4720.24
11337,Нет завершённых покупок,0.0,0.0,0.0
11338,Credit Card,3216.5,0.0,3216.5
11339,Bank Transfer,1805.9,25.36,1831.26
11340,PayPal,786.41,17.3,803.71
11342,"Bank Transfer, PayPal",7995.9,266.33,8262.23
11343,Bank Transfer,459.5,0.0,459.5
11344,Нет завершённых покупок,0.0,0.0,0.0
11346,PayPal,1378.5,52.06,1430.56
11347,PayPal,2528.26,11.82,2540.08
11349,Нет завершённых покупок,0.0,0.0,0.0
11350,Credit Card,2889.44,181.13,3070.57
11351,"Credit Card, PayPal",6414.86,142.45,6557.31
11354,Credit Card,1805.9,127.86,1933.76
11355,Credit Card,3611.8,196.15,3807.95
11357,Bank Transfer,9834.69,0.0,9834.69
11359,"Bank Transfer, Credit Card",5843.08,88.15,5931.23
11360,Credit Card,1805.9,91.06,1896.96
11361,Credit Card,5394.56,111.32,5505.88
11362,Bank Transfer,13666.1,302.32,13968.42
11363,Bank Transfer,6068.88,58.82,6127.7
11364,Credit Card,4398.36,392.56,4790.92
11365,Bank Transfer,2889.44,41.83,2931.27
11366,Нет завершённых покупок,0.0,0.0,0.0
11367,PayPal,1139.68,129.24,1268.92
11368,Нет завершённых покупок,0.0,0.0,0.0
11369,PayPal,2697.28,100.76,2798.04
11370,Bank Transfer,3371.6,73.74,3445.34
11372,Bank Transfer,2889.44,126.88,3016.32
11373,PayPal,5698.4,97.85,5796.25
11374,Нет завершённых покупок,0.0,0.0,0.0
11375,Нет завершённых покупок,0.0,0.0,0.0
11377,Нет завершённых покупок,0.0,0.0,0.0
11378,Нет завершённых покупок,0.0,0.0,0.0
11379,Bank Transfer,2022.96,20.33,2043.29
11380,Bank Transfer,4720.24,0.0,4720.24
11382,PayPal,7864.1,0.0,7864.1
11383,Bank Transfer,4595.0,120.62,4715.62
11384,"Credit Card, PayPal",9500.2,174.01,9674.21
11385,Нет завершённых покупок,0.0,0.0,0.0
11386,Bank Transfer,2757.0,0.0,2757.0
11387,"Bank Transfer, PayPal",11140.4,78.29,11218.69
11388,PayPal,6068.88,0.0,6068.88
11389,Credit Card,13146.57,81.99,13228.56
11390,PayPal,2022.96,238.62,2261.58
11392,"Bank Transfer, PayPal",4695.34,282.71,4978.05
11393,PayPal,5548.12,93.42,5641.54
11394,Нет завершённых покупок,0.0,0.0,0.0
11395,Нет завершённых покупок,0.0,0.0,0.0
11396,PayPal,722.36,0.0,722.36
11397,Credit Card,4135.5,88.56,4224.06
11398,PayPal,3676.0,0.0,3676.0
11399,Нет завершённых покупок,0.0,0.0,0.0
11402,Credit Card,2279.36,24.89,2304.25
11403,Нет завершённых покупок,0.0,0.0,0.0
11404,Credit Card,1572.82,38.6,1611.42
11405,Bank Transfer,6291.28,169.1,6460.38
11406,PayPal,9117.44,158.8,9276.24
11409,PayPal,786.41,213.08,999.49
11411,PayPal,2889.44,0.0,2889.44
11412,Bank Transfer,3250.62,14.75,3265.37
11415,Bank Transfer,7922.82,60.08,7982.9
11416,PayPal,10114.8,265.06,10379.86
11417,Bank Transfer,1139.68,89.21,1228.89
11418,"Bank Transfer, Credit Card",7977.97,65.42,8043.39
11420,PayPal,1572.82,161.9,1734.72
11421,"Bank Transfer, PayPal",7775.22,61.84,7837.06
11422,Bank Transfer,459.5,156.68,616.18
11423,Credit Card,9595.08,108.26,9703.34
11426,Bank Transfer,7864.1,142.35,8006.45
11427,"Bank Transfer, PayPal",4398.21,232.06,4630.27
11429,Credit Card,9117.44,103.37,9220.81
11430,Credit Card,6068.88,0.0,6068.88
11431,PayPal,13175.64,44.49,13220.13
11432,PayPal,1838.0,0.0,1838.0
11433,"Credit Card, PayPal",7537.19,153.23,7690.42
11435,PayPal,3676.0,10.69,3686.69
11436,PayPal,1572.82,150.83,1723.65
11438,PayPal,2757.0,0.0,2757.0
11439,Bank Transfer,8234.72,24.43,8259.15
11440,"Bank Transfer, Credit Card",10275.26,141.02,10416.28
11442,Credit Card,5698.4,114.03,5812.43
11444,"Bank Transfer, PayPal",3447.26,35.27,3482.53
11445,Нет завершённых покупок,0.0,0.0,0.0
11446,"Bank Transfer, PayPal",12232.64,114.17,12346.81
11447,Нет завершённых покупок,0.0,0.0,0.0
11448,Нет завершённых покупок,0.0,0.0,0.0
11449,Credit Card,8385.1,390.64,8775.74
11452,Bank Transfer,3611.8,76.02,3687.82
11453,Credit Card,919.0,33.29,952.29
11455,Нет завершённых покупок,0.0,0.0,0.0
11456,Bank Transfer,1444.72,71.66,1516.38
11458,Bank Transfer,7977.76,219.66,8197.42
11459,PayPal,8131.18,323.74,8454.92
11461,Credit Card,6291.28,47.1,6338.38
11462,PayPal,1444.72,76.58,1521.3
11463,"Bank Transfer, Credit Card, PayPal",14398.52,291.09,14689.61
11464,PayPal,7417.52,154.26,7571.78
11465,Credit Card,1805.9,73.51,1879.41
11466,PayPal,4045.92,135.74,4181.66
11469,Нет завершённых покупок,0.0,0.0,0.0
11470,PayPal,4117.36,93.79,4211.15
11471,Нет завершённых покупок,0.0,0.0,0.0
11473,"Credit Card, PayPal",2363.72,85.53,2449.25
11475,Credit Card,9203.0,299.12,9502.12
11476,PayPal,29937.93,198.42,30136.35
11477,Нет завершённых покупок,0.0,0.0,0.0
11478,PayPal,6068.88,115.87,6184.75
11481,Нет завершённых покупок,0.0,0.0,0.0
11482,Credit Card,7077.69,0.0,7077.69
11483,Credit Card,11573.75,0.0,11573.75
11485,PayPal,1083.54,0.0,1083.54
11487,Нет завершённых покупок,0.0,0.0,0.0
11488,Bank Transfer,4718.46,0.0,4718.46
11489,"Bank Transfer, PayPal",9117.44,0.0,9117.44
11492,Нет завершённых покупок,0.0,0.0,0.0
11493,Нет завершённых покупок,0.0,0.0,0.0
11495,Credit Card,1805.9,73.4,1879.3
11496,Bank Transfer,4558.72,56.6,4615.32
11497,Нет завершённых покупок,0.0,0.0,0.0
11498,Нет завершённых покупок,0.0,0.0,0.0
11500,PayPal,919.0,0.0,919.0
11502,"Bank Transfer, Credit Card",6158.46,260.44,6418.9
11503,Credit Card,3216.5,78.21,3294.71
11505,Credit Card,459.5,0.0,459.5
11506,Нет завершённых покупок,0.0,0.0,0.0
11507,Bank Transfer,10234.47,40.64,10275.11
11508,Credit Card,361.18,60.02,421.2
11509,"Bank Transfer, Credit Card",20514.24,83.89,20598.13
11511,Нет завершённых покупок,0.0,0.0,0.0
11513,Credit Card,1444.72,83.08,1527.8
11514,Нет завершённых покупок,0.0,0.0,0.0
11516,Credit Card,9117.44,182.49,9299.93
11518,Нет завершённых покупок,0.0,0.0,0.0
11519,PayPal,1572.82,190.28,1763.1
11525,Bank Transfer,3371.6,0.0,3371.6
11526,Credit Card,1572.82,82.84,1655.66
11527,PayPal,3216.5,0.0,3216.5
11529,Credit Card,1572.82,22.49,1595.31
11530,Bank Transfer,1572.82,133.81,1706.63
11531,"Bank Transfer, Credit Card",10770.13,0.0,10770.13
11536,Нет завершённых покупок,0.0,0.0,0.0
11538,Нет завершённых покупок,0.0,0.0,0.0
11541,"Bank Transfer, PayPal",6460.31,99.6,6559.91
11543,Credit Card,1378.5,75.27,1453.77
11544,Bank Transfer,2297.5,125.13,2422.63
11545,Bank Transfer,6949.59,120.8,7070.39
11547,PayPal,5504.87,25.82,5530.69
11552,PayPal,7079.47,179.69,7259.16
11553,Bank Transfer,1805.9,220.84,2026.74
11555,"Bank Transfer, Credit Card",2363.72,198.34,2562.06
11557,Credit Card,11340.66,71.65,11412.31
11558,Bank Transfer,6564.68,187.59,6752.27
11559,PayPal,3250.62,134.87,3385.49
11560,"Credit Card, PayPal",7536.4,0.0,7536.4
11561,"Bank Transfer, Credit Card",2480.22,150.19,2630.41
11562,Нет завершённых покупок,0.0,0.0,0.0
11563,Credit Card,21124.32,344.14,21468.46
11564,Нет завершённых покупок,0.0,0.0,0.0
11565,Нет завершённых покупок,0.0,0.0,0.0
11566,Credit Card,7864.1,47.44,7911.54
11567,"Bank Transfer, Credit Card, PayPal",8444.13,341.45,8785.58
11568,"Bank Transfer, Credit Card",6067.1,318.03,6385.13
11569,Нет завершённых покупок,0.0,0.0,0.0
11570,Нет завершённых покупок,0.0,0.0,0.0
11571,Нет завершённых покупок,0.0,0.0,0.0
11572,Нет завершённых покупок,0.0,0.0,0.0
11575,"Bank Transfer, Credit Card",3732.78,189.29,3922.07
11577,Нет завершённых покупок,0.0,0.0,0.0
11578,"Credit Card, PayPal",16326.0,0.0,16326.0
11580,Credit Card,8465.32,230.42,8695.74
11581,PayPal,9271.46,33.76,9305.22
11582,Нет завершённых покупок,0.0,0.0,0.0
11587,Нет завершённых покупок,0.0,0.0,0.0
11593,Credit Card,1838.0,26.1,1864.1
11597,Bank Transfer,4595.0,135.42,4730.42
11599,PayPal,9744.32,0.0,9744.32
11600,PayPal,7529.61,110.68,7640.29
11601,"Bank Transfer, PayPal",11856.3,183.67,12039.97
11602,PayPal,4558.72,85.09,4643.81
11604,PayPal,2359.23,53.47,2412.7
11606,Bank Transfer,2167.08,92.44,2259.52
11607,PayPal,2022.96,31.49,2054.45
11608,PayPal,1348.64,73.47,1422.11
11610,Credit Card,1378.5,0.0,1378.5
11611,Bank Transfer,2022.96,0.0,2022.96
11612,Нет завершённых покупок,0.0,0.0,0.0
11613,Bank Transfer,2359.23,24.7,2383.93
11614,Bank Transfer,1378.5,65.54,1444.04
11616,Bank Transfer,459.5,31.53,491.03
11617,PayPal,722.36,0.0,722.36
11618,Bank Transfer,12745.44,216.02,12961.46
11619,Нет завершённых покупок,0.0,0.0,0.0
11620,Нет завершённых покупок,0.0,0.0,0.0
11621,PayPal,6838.08,79.25,6917.33
11624,PayPal,7077.69,152.99,7230.68
11625,PayPal,722.36,0.0,722.36
11626,Bank Transfer,7077.69,0.0,7077.69
11627,PayPal,4201.72,283.1,4484.82
11629,Bank Transfer,4595.0,41.4,4636.4
11630,Bank Transfer,3371.6,164.22,3535.82
11631,"Bank Transfer, Credit Card",2164.91,199.28,2364.19
11632,"Credit Card, PayPal",5224.94,111.35,5336.29
11634,Нет завершённых покупок,0.0,0.0,0.0
11635,Credit Card,10144.84,181.41,10326.25
11636,Нет завершённых покупок,0.0,0.0,0.0
11638,Credit Card,6059.58,99.68,6159.26
11639,PayPal,3145.64,93.82,3239.46
11640,Нет завершённых покупок,0.0,0.0,0.0
11642,Credit Card,5504.87,74.49,5579.36
11646,PayPal,3892.91,166.52,4059.43
11647,Credit Card,1444.72,198.13,1642.85
11648,Credit Card,6068.88,215.34,6284.22
11649,Credit Card,1378.5,57.08,1435.58
11650,PayPal,3972.98,139.34,4112.32
11651,Bank Transfer,3932.05,64.81,3996.86
11653,PayPal,919.0,149.1,1068.1
11656,Bank Transfer,2022.96,86.21,2109.17
11657,Нет завершённых покупок,0.0,0.0,0.0
11658,PayPal,7077.69,69.04,7146.73
11659,Bank Transfer,2528.26,0.0,2528.26
11660,"Bank Transfer, PayPal",6420.76,208.92,6629.68
11661,"Bank Transfer, Credit Card",3675.85,98.0,3773.85
11662,Нет завершённых покупок,0.0,0.0,0.0
11663,Credit Card,4720.24,119.46,4839.7
11665,Нет завершённых покупок,0.0,0.0,0.0
11666,PayPal,5698.4,0.0,5698.4
11668,PayPal,10257.12,21.08,10278.2
11669,PayPal,10113.02,613.83,10726.85
11670,"Bank Transfer, PayPal",4919.9,204.82,5124.72
11671,"Bank Transfer, PayPal",8428.11,353.86,8781.97
11673,Credit Card,4135.5,219.72,4355.22
11674,"Bank Transfer, PayPal",8338.94,273.23,8612.17
11677,PayPal,6433.0,313.42,6746.42
11678,Bank Transfer,6229.55,13.83,6243.38
11679,"Credit Card, PayPal",6773.06,424.14,7197.2
11680,Нет завершённых покупок,0.0,0.0,0.0
11681,Нет завершённых покупок,0.0,0.0,0.0
11682,Bank Transfer,1348.64,125.56,1474.2
11683,PayPal,722.36,66.47,788.83
11684,PayPal,2279.36,167.98,2447.34
11685,Нет завершённых покупок,0.0,0.0,0.0
11686,Bank Transfer,3216.5,152.16,3368.66
11687,Bank Transfer,6556.46,140.97,6697.43
11688,PayPal,1139.68,211.46,1351.14
11689,Credit Card,1838.0,80.25,1918.25
11690,"Bank Transfer, PayPal",8650.51,291.95,8942.46
11691,Нет завершённых покупок,0.0,0.0,0.0
11692,Нет завершённых покупок,0.0,0.0,0.0
11693,PayPal,3371.6,0.0,3371.6
11694,PayPal,361.18,0.0,361.18
11695,Нет завершённых покупок,0.0,0.0,0.0
11696,PayPal,14607.3,118.07,14725.37
11697,Нет завершённых покупок,0.0,0.0,0.0
11698,Bank Transfer,4135.5,16.23,4151.73
11699,Credit Card,3932.05,130.0,4062.05
11701,PayPal,6068.88,0.0,6068.88
11702,PayPal,4045.92,0.0,4045.92
11704,Credit Card,1139.68,138.89,1278.57
11705,Bank Transfer,3932.05,144.22,4076.27
11706,Bank Transfer,6820.5,162.25,6982.75
11708,Нет завершённых покупок,0.0,0.0,0.0
11709,Bank Transfer,2528.26,0.0,2528.26
11710,Credit Card,11276.24,545.7,11821.94
11712,Credit Card,4045.92,33.61,4079.53
11714,PayPal,16115.26,144.87,16260.13
11715,"Bank Transfer, PayPal",6261.04,243.43,6504.47
11716,PayPal,2757.0,0.0,2757.0
11717,Нет завершённых покупок,0.0,0.0,0.0
11718,Bank Transfer,3611.8,0.0,3611.8
11719,"Credit Card, PayPal",5778.88,270.58,6049.46
11721,Bank Transfer,10113.02,226.08,10339.1
11723,Credit Card,2528.26,92.79,2621.05
11724,Bank Transfer,2528.26,50.21,2578.47
11727,Bank Transfer,2889.44,82.68,2972.12
11730,PayPal,14913.33,493.83,15407.16
11731,Credit Card,4558.72,199.72,4758.44
11732,Bank Transfer,5698.4,53.02,5751.42
11733,Credit Card,10416.86,153.23,10570.09
11734,PayPal,2757.0,74.98,2831.98
11735,Credit Card,2697.28,253.37,2950.65
11736,"Credit Card, PayPal",4075.78,187.74,4263.52
11738,PayPal,2359.23,53.27,2412.5
11739,Credit Card,5698.4,95.84,5794.24
11740,Нет завершённых покупок,0.0,0.0,0.0
11741,Нет завершённых покупок,0.0,0.0,0.0
11742,Credit Card,4558.72,125.84,4684.56
11743,PayPal,3371.6,87.61,3459.21
11744,"Bank Transfer, Credit Card",5484.14,250.9,5735.04
11745,"Bank Transfer, PayPal",8650.51,40.45,8690.96
11746,Bank Transfer,5018.22,0.0,5018.22
11747,Credit Card,12137.76,93.77,12231.53
11749,Bank Transfer,5394.56,128.62,5523.18
11750,PayPal,5269.32,43.67,5312.99
11751,Bank Transfer,6291.28,84.96,6376.24
11755,Bank Transfer,5698.4,140.94,5839.34
11757,Нет завершённых покупок,0.0,0.0,0.0
11758,Credit Card,1083.54,0.0,1083.54
11759,Нет завершённых покупок,0.0,0.0,0.0
11761,Credit Card,16195.13,249.52,16444.65
11762,Credit Card,10200.98,89.94,10290.92
11764,Bank Transfer,3145.64,53.72,3199.36
11765,PayPal,2279.36,26.77,2306.13
11766,Credit Card,2022.96,18.91,2041.87
11767,PayPal,1348.64,192.27,1540.91
11768,PayPal,1139.68,44.72,1184.4
11770,Bank Transfer,7864.1,0.0,7864.1
11776,Credit Card,1139.68,62.15,1201.83
11777,Нет завершённых покупок,0.0,0.0,0.0
11778,Credit Card,3145.64,176.56,3322.2
11779,Bank Transfer,1572.82,0.0,1572.82
11781,PayPal,6068.88,200.66,6269.54
11782,Bank Transfer,1572.82,51.12,1623.94
11783,PayPal,361.18,100.96,462.14
11785,Credit Card,5955.01,175.86,6130.87
11786,PayPal,919.0,139.25,1058.25
11788,PayPal,1572.82,143.39,1716.21
11789,Credit Card,9117.44,0.0,9117.44
11790,PayPal,10054.58,187.32,10241.9
11791,Credit Card,1083.54,131.49,1215.03
11793,Нет завершённых покупок,0.0,0.0,0.0
11794,PayPal,6838.08,99.87,6937.95
11798,Bank Transfer,3371.6,29.09,3400.69
11800,Bank Transfer,1572.82,0.0,1572.82
11801,Нет завершённых покупок,0.0,0.0,0.0
11803,Bank Transfer,2297.5,214.68,2512.18
11804,Credit Card,3676.0,40.23,3716.23
11805,Нет завершённых покупок,0.0,0.0,0.0
11806,Нет завершённых покупок,0.0,0.0,0.0
11807,PayPal,919.0,0.0,919.0
11808,"Bank Transfer, Credit Card, PayPal",9440.48,267.96,9708.44
11809,Нет завершённых покупок,0.0,0.0,0.0
11810,Bank Transfer,5394.56,135.04,5529.6
11811,PayPal,10257.12,63.59,10320.71
11812,Bank Transfer,2359.23,136.4,2495.63
11813,Credit Card,9117.44,34.66,9152.1
11814,Нет завершённых покупок,0.0,0.0,0.0
11815,"Credit Card, PayPal",16195.13,228.31,16423.44
11816,Credit Card,5394.56,12.01,5406.57
11820,Credit Card,4045.92,18.23,4064.15
11821,Credit Card,4135.5,60.95,4196.45
11827,PayPal,14647.42,329.41,14976.83
11828,PayPal,9710.32,240.01,9950.33
11829,Credit Card,919.0,0.0,919.0
11830,Credit Card,8410.9,289.37,8700.27
11831,Bank Transfer,674.32,0.0,674.32
11833,Bank Transfer,3250.62,62.79,3313.41
11837,Bank Transfer,10257.12,0.0,10257.12
11840,PayPal,3676.0,0.0,3676.0
11841,Bank Transfer,6291.28,155.74,6447.02
11842,Bank Transfer,10257.12,0.0,10257.12
11843,"Credit Card, PayPal",7030.84,39.14,7069.98
11844,Нет завершённых покупок,0.0,0.0,0.0
11845,"Bank Transfer, Credit Card",7104.38,88.75,7193.13
11847,Нет завершённых покупок,0.0,0.0,0.0
11848,PayPal,3419.04,0.0,3419.04
11849,Bank Transfer,1139.68,144.26,1283.94
11852,Credit Card,9117.44,119.3,9236.74
11853,"Bank Transfer, PayPal",7922.82,128.65,8051.47
11855,"Bank Transfer, PayPal",14303.04,27.56,14330.6
11856,"Bank Transfer, Credit Card",9436.92,189.55,9626.47
11857,Нет завершённых покупок,0.0,0.0,0.0
11860,Credit Card,1805.9,186.11,1992.01
11861,PayPal,919.0,0.0,919.0
11862,"Credit Card, PayPal",9438.7,115.27,9553.97
11864,Нет завершённых покупок,0.0,0.0,0.0
11865,PayPal,1083.54,0.0,1083.54
11866,"Credit Card, PayPal",4390.3,315.21,4705.51
11867,Нет завершённых покупок,0.0,0.0,0.0
11868,PayPal,6291.28,0.0,6291.28
11869,Credit Card,3932.05,0.0,3932.05
11870,Bank Transfer,11185.58,153.9,11339.48
11873,Credit Card,4720.24,0.0,4720.24
11874,PayPal,674.32,132.02,806.34
11875,Credit Card,3676.0,47.26,3723.26
11876,Нет завершённых покупок,0.0,0.0,0.0
11877,PayPal,2697.28,90.35,2787.63
11878,"Bank Transfer, PayPal",3657.86,94.15,3752.01
11879,Bank Transfer,2697.28,151.21,2848.49
11880,Bank Transfer,3611.8,28.16,3639.96
11881,Нет завершённых покупок,0.0,0.0,0.0
11882,"Bank Transfer, PayPal",5891.16,297.06,6188.22
11883,Нет завершённых покупок,0.0,0.0,0.0
11885,Bank Transfer,6291.28,11.59,6302.87
11889,Credit Card,1378.5,55.3,1433.8
11890,Credit Card,11796.15,85.55,11881.7
11891,Нет завершённых покупок,0.0,0.0,0.0
11892,Credit Card,2167.08,188.21,2355.29
11893,Bank Transfer,3371.6,165.02,3536.62
11894,Bank Transfer,6291.28,197.53,6488.81
11895,Credit Card,6838.08,0.0,6838.08
11896,PayPal,2167.08,13.32,2180.4
11897,Credit Card,3145.64,188.92,3334.56
11898,PayPal,3676.0,119.96,3795.96
11899,Нет завершённых покупок,0.0,0.0,0.0
11900,Bank Transfer,3371.6,0.0,3371.6
11901,"Bank Transfer, Credit Card",22793.6,26.27,22819.87
11903,Credit Card,4960.44,136.13,5096.57
11904,PayPal,10257.12,130.32,10387.44
11905,PayPal,7077.69,120.68,7198.37
11909,PayPal,2528.26,155.84,2684.1
11910,Bank Transfer,4558.72,0.0,4558.72
11911,Credit Card,3611.8,0.0,3611.8
11912,Credit Card,21451.38,543.2,21994.58
11913,Нет завершённых покупок,0.0,0.0,0.0
11914,Credit Card,1378.5,0.0,1378.5
11917,PayPal,9117.44,139.0,9256.44
11921,Нет завершённых покупок,0.0,0.0,0.0
11922,"Bank Transfer, Credit Card",9135.58,0.0,9135.58
11923,PayPal,2279.36,91.4,2370.76
11925,Нет завершённых покупок,0.0,0.0,0.0
11926,"Bank Transfer, Credit Card",5081.42,187.55,5268.97
11927,PayPal,3676.0,0.0,3676.0
11928,Нет завершённых покупок,0.0,0.0,0.0
11931,Credit Card,5698.4,0.0,5698.4
11932,"Credit Card, PayPal",11092.96,59.91,11152.87
11933,Credit Card,5698.4,27.59,5725.99
11935,Bank Transfer,1083.54,209.77,1293.31
11936,PayPal,6291.28,185.83,6477.11
11937,Bank Transfer,7077.69,31.31,7109.0
11938,Нет завершённых покупок,0.0,0.0,0.0
11940,Credit Card,4720.24,86.85,4807.09
11941,Bank Transfer,5394.56,0.0,5394.56
11942,Credit Card,6743.2,57.1,6800.3
11943,Bank Transfer,10054.58,267.87,10322.45
11944,Bank Transfer,5394.56,205.34,5599.9
11945,Нет завершённых покупок,0.0,0.0,0.0
11946,Credit Card,2279.36,128.5,2407.86
11947,"Bank Transfer, PayPal",4524.14,30.75,4554.89
11949,Нет завершённых покупок,0.0,0.0,0.0
11950,PayPal,4595.0,0.0,4595.0
11951,"Bank Transfer, Credit Card, PayPal",4857.71,160.64,5018.35
11953,Bank Transfer,4135.5,0.0,4135.5
11954,PayPal,5678.54,205.55,5884.09
11955,"Bank Transfer, Credit Card",7024.94,35.73,7060.67
11957,Credit Card,361.18,169.34,530.52
11958,PayPal,1348.64,0.0,1348.64
11959,Bank Transfer,674.32,30.2,704.52
11960,"Bank Transfer, PayPal",6564.68,76.11,6640.79
11961,"Bank Transfer, Credit Card",7447.38,164.89,7612.27
11962,Credit Card,4135.5,142.01,4277.51
11963,Bank Transfer,4720.24,99.56,4819.8
11964,Bank Transfer,3419.04,53.33,3472.37
11966,Credit Card,2757.0,0.0,2757.0
11967,PayPal,6291.28,190.76,6482.04
11969,PayPal,7077.69,64.23,7141.92
11970,Credit Card,3371.6,207.73,3579.33
11971,Нет завершённых покупок,0.0,0.0,0.0
11972,Credit Card,722.36,0.0,722.36
11973,Credit Card,4720.24,156.51,4876.75
11974,Bank Transfer,722.36,0.0,722.36
11975,Credit Card,2592.31,256.89,2849.2
11977,PayPal,2297.5,185.32,2482.82
11978,PayPal,10495.94,14.64,10510.58
11979,Credit Card,1805.9,0.0,1805.9
11983,"Bank Transfer, Credit Card",8755.49,151.97,8907.46
11985,Нет завершённых покупок,0.0,0.0,0.0
11986,Нет завершённых покупок,0.0,0.0,0.0
11987,PayPal,12071.12,369.03,12440.15
11988,"Bank Transfer, PayPal",3643.9,203.52,3847.42
11989,Нет завершённых покупок,0.0,0.0,0.0
11990,PayPal,11878.0,319.47,12197.47
11992,Нет завершённых покупок,0.0,0.0,0.0
11994,Нет завершённых покупок,0.0,0.0,0.0
11996,Credit Card,7977.76,86.49,8064.25
11999,Bank Transfer,1378.5,32.77,1411.27
12000,Bank Transfer,2889.44,166.11,3055.55
12002,Bank Transfer,3145.64,29.98,3175.62
12003,"Bank Transfer, Credit Card",9662.88,220.91,9883.79
12004,"Bank Transfer, PayPal",3198.36,233.69,3432.05
12005,Credit Card,7977.76,0.0,7977.76
12007,Bank Transfer,7077.69,174.73,7252.42
12009,Нет завершённых покупок,0.0,0.0,0.0
12010,Bank Transfer,3611.8,155.38,3767.18
12011,PayPal,5955.01,206.12,6161.13
12012,Нет завершённых покупок,0.0,0.0,0.0
12015,Credit Card,9117.44,137.68,9255.12
12016,"Bank Transfer, PayPal",14303.04,109.27,14412.31
12017,PayPal,3419.04,0.0,3419.04
12018,Credit Card,3145.64,0.0,3145.64
12020,Credit Card,1348.64,98.89,1447.53
12022,PayPal,459.5,100.09,559.59
12023,Credit Card,2757.0,149.58,2906.58
12025,Credit Card,5504.87,10.47,5515.34
12026,Credit Card,459.5,71.48,530.98
12027,PayPal,11396.8,172.89,11569.69
12028,Нет завершённых покупок,0.0,0.0,0.0
12029,Нет завершённых покупок,0.0,0.0,0.0
12030,PayPal,4135.5,0.0,4135.5
12031,"Bank Transfer, Credit Card",7809.34,0.0,7809.34
12032,Нет завершённых покупок,0.0,0.0,0.0
12034,Bank Transfer,3932.05,44.07,3976.12
12035,PayPal,6743.2,100.84,6844.04
12036,"Credit Card, PayPal",2071.0,174.89,2245.89
12038,Credit Card,2757.0,0.0,2757.0
12039,Credit Card,11396.8,28.83,11425.63
12041,PayPal,2167.08,174.34,2341.42
12043,Нет завершённых покупок,0.0,0.0,0.0
12044,Credit Card,9117.44,190.96,9308.4
12045,Нет завершённых покупок,0.0,0.0,0.0
12048,Нет завершённых покупок,0.0,0.0,0.0
12049,"Bank Transfer, Credit Card",10161.6,171.96,10333.56
12051,Нет завершённых покупок,0.0,0.0,0.0
12052,"Bank Transfer, PayPal",8947.64,62.89,9010.53
12054,PayPal,8394.31,97.78,8492.09
12055,Bank Transfer,3216.5,0.0,3216.5
12056,Нет завершённых покупок,0.0,0.0,0.0
12057,Bank Transfer,1139.68,51.13,1190.81
12058,"Credit Card, PayPal",11909.81,168.33,12078.14
12059,Bank Transfer,6068.88,185.17,6254.05
12061,Bank Transfer,459.5,10.73,470.23
12062,PayPal,722.36,11.4,733.76
12063,"Bank Transfer, PayPal",4141.4,269.66,4411.06
12064,"Bank Transfer, Credit Card",4629.12,74.55,4703.67
12065,Bank Transfer,674.32,0.0,674.32
12066,Нет завершённых покупок,0.0,0.0,0.0
12069,PayPal,9117.44,31.21,9148.65
12070,PayPal,7977.76,0.0,7977.76
12071,Нет завершённых покупок,0.0,0.0,0.0
12073,PayPal,4045.92,173.52,4219.44
12074,Bank Transfer,6291.28,171.25,6462.53
12076,Bank Transfer,2528.26,19.73,2547.99
12079,"Credit Card, PayPal",3515.72,204.15,3719.87
12081,"Bank Transfer, Credit Card",7504.3,186.95,7691.25
12082,"Bank Transfer, Credit Card, PayPal",8271.0,126.88,8397.88
12083,Нет завершённых покупок,0.0,0.0,0.0
12084,Bank Transfer,5394.56,0.0,5394.56
12086,Bank Transfer,5504.87,0.0,5504.87
12087,"Bank Transfer, PayPal",11556.54,197.36,11753.9
12088,Credit Card,3932.05,204.08,4136.13
12091,"Bank Transfer, Credit Card",9374.4,268.31,9642.71
12092,Bank Transfer,3676.0,83.51,3759.51
12093,Credit Card,11123.61,156.56,11280.17
12094,"Bank Transfer, PayPal",6935.36,323.72,7259.08
12095,Нет завершённых покупок,0.0,0.0,0.0
12097,Bank Transfer,1444.72,62.06,1506.78
12098,"Bank Transfer, PayPal",13868.92,0.0,13868.92
12101,Нет завершённых покупок,0.0,0.0,0.0
12102,Credit Card,2757.0,0.0,2757.0
12103,Нет завершённых покупок,0.0,0.0,0.0
12104,Нет завершённых покупок,0.0,0.0,0.0
12105,Bank Transfer,2757.0,0.0,2757.0
12107,Credit Card,2697.28,49.74,2747.02
12108,"Credit Card, PayPal",2560.36,223.18,2783.54
12109,"Bank Transfer, PayPal",5184.62,100.13,5284.75
12110,PayPal,2697.28,102.93,2800.21
12111,Нет завершённых покупок,0.0,0.0,0.0
12115,Bank Transfer,674.32,52.6,726.92
12116,Credit Card,3676.0,0.0,3676.0
12118,"Bank Transfer, Credit Card",4037.18,130.56,4167.74
12124,PayPal,13836.91,339.28,14176.19
12127,"Credit Card, PayPal",6802.92,136.09,6939.01
12128,Bank Transfer,1572.82,60.35,1633.17
12130,Credit Card,10257.12,84.47,10341.59
12131,Нет завершённых покупок,0.0,0.0,0.0
12132,"Credit Card, PayPal",13676.16,259.05,13935.21
12134,PayPal,2022.96,138.91,2161.87
12135,Bank Transfer,3611.8,46.4,3658.2
12136,"Credit Card, PayPal",9640.37,345.81,9986.18
12137,PayPal,3371.6,0.0,3371.6
12138,PayPal,22617.28,439.85,23057.13
12140,Bank Transfer,11396.8,343.17,11739.97
12141,PayPal,2757.0,27.08,2784.08
12142,Bank Transfer,10257.12,111.36,10368.48
12143,Bank Transfer,4595.0,45.99,4640.99
12144,Нет завершённых покупок,0.0,0.0,0.0
12146,Bank Transfer,13221.3,403.34,13624.64
12147,Нет завершённых покупок,0.0,0.0,0.0
12148,"Bank Transfer, PayPal",7077.69,204.54,7282.23
12149,PayPal,1348.64,10.88,1359.52
12150,Нет завершённых покупок,0.0,0.0,0.0
12151,Нет завершённых покупок,0.0,0.0,0.0
12152,Credit Card,919.0,237.68,1156.68
12153,Credit Card,5698.4,127.49,5825.89
12154,Bank Transfer,2889.44,213.82,3103.26
12155,PayPal,1348.64,0.0,1348.64
12156,Нет завершённых покупок,0.0,0.0,0.0
12157,PayPal,2297.5,184.03,2481.53
12158,PayPal,11910.02,81.75,11991.77
12159,"Credit Card, PayPal",6400.9,26.05,6426.95
12161,Bank Transfer,3676.0,185.03,3861.03
12162,PayPal,1444.72,87.29,1532.01
12163,Credit Card,1838.0,82.64,1920.64
12164,Нет завершённых покупок,0.0,0.0,0.0
12165,PayPal,4595.0,210.42,4805.42
12169,"Bank Transfer, Credit Card",3605.14,202.71,3807.85
12171,"Credit Card, PayPal",6853.51,0.0,6853.51
12172,PayPal,3216.5,0.0,3216.5
12174,PayPal,1378.5,117.52,1496.02
12175,"Bank Transfer, PayPal",13129.36,174.45,13303.81
12176,Credit Card,459.5,0.0,459.5
12177,Нет завершённых покупок,0.0,0.0,0.0
12179,Credit Card,6291.28,114.88,6406.16
12181,PayPal,4924.08,239.36,5163.44
12182,Credit Card,2697.28,157.91,2855.19
12183,Нет завершённых покупок,0.0,0.0,0.0
12186,"Bank Transfer, Credit Card, PayPal",15860.64,145.6,16006.24
12187,Нет завершённых покупок,0.0,0.0,0.0
12188,Credit Card,4990.3,202.52,5192.82
12190,Bank Transfer,3611.8,135.2,3747.0
12191,Нет завершённых покупок,0.0,0.0,0.0
12194,Нет завершённых покупок,0.0,0.0,0.0
12195,Bank Transfer,5504.87,0.0,5504.87
12197,Нет завершённых покупок,0.0,0.0,0.0
12199,Bank Transfer,5737.95,214.61,5952.56
12200,Bank Transfer,4595.0,210.33,4805.33
12201,Нет завершённых покупок,0.0,0.0,0.0
12202,Credit Card,6743.2,163.07,6906.27
12203,"Credit Card, PayPal",2697.28,313.95,3011.23
12204,Нет завершённых покупок,0.0,0.0,0.0
12205,Нет завершённых покупок,0.0,0.0,0.0
12207,PayPal,1139.68,179.44,1319.12
12209,Bank Transfer,2167.08,163.18,2330.26
12211,Credit Card,13628.72,178.85,13807.57
12213,"Bank Transfer, Credit Card",6669.66,148.58,6818.24
12216,Нет завершённых покупок,0.0,0.0,0.0
12217,"Credit Card, PayPal",2941.96,253.57,3195.53
12218,Credit Card,10257.12,31.07,10288.19
12219,Credit Card,5394.56,25.21,5419.77
12220,"Credit Card, PayPal",4135.5,30.26,4165.76
12222,"Credit Card, PayPal",14269.04,233.4,14502.44
12224,Bank Transfer,674.32,62.8,737.12
12225,Нет завершённых покупок,0.0,0.0,0.0
12227,PayPal,6743.2,21.06,6764.26
12228,Нет завершённых покупок,0.0,0.0,0.0
12229,Нет завершённых покупок,0.0,0.0,0.0
12230,Нет завершённых покупок,0.0,0.0,0.0
12232,Нет завершённых покупок,0.0,0.0,0.0
12233,"Bank Transfer, PayPal",7996.69,69.22,8065.91
12235,"Bank Transfer, Credit Card",6414.86,26.9,6441.76
12236,Bank Transfer,2022.96,0.0,2022.96
12238,Нет завершённых покупок,0.0,0.0,0.0
12239,PayPal,1083.54,41.76,1125.3
12240,PayPal,4558.72,71.35,4630.07
12243,"Bank Transfer, Credit Card",5186.94,178.32,5365.26
12244,"Credit Card, PayPal",8813.6,294.33,9107.93
12247,Нет завершённых покупок,0.0,0.0,0.0
12248,Bank Transfer,5168.6,164.01,5332.61
12249,Нет завершённых покупок,0.0,0.0,0.0
12253,Bank Transfer,6838.08,156.5,6994.58
12254,Нет завершённых покупок,0.0,0.0,0.0
12255,Credit Card,2279.36,92.16,2371.52
12257,Credit Card,11396.8,45.89,11442.69
12258,Нет завершённых покупок,0.0,0.0,0.0
12259,Bank Transfer,1378.5,85.54,1464.04
12261,Bank Transfer,459.5,21.31,480.81
12263,Нет завершённых покупок,0.0,0.0,0.0
12264,Bank Transfer,1572.82,244.75,1817.57
12265,Credit Card,4045.92,0.0,4045.92
12266,Нет завершённых покупок,0.0,0.0,0.0
12267,PayPal,3932.05,196.26,4128.31
12269,PayPal,9117.44,0.0,9117.44
12270,"Bank Transfer, Credit Card",3506.82,111.31,3618.13
12271,"Bank Transfer, Credit Card",3611.8,391.87,4003.67
12272,Credit Card,4595.0,88.56,4683.56
12273,PayPal,7077.69,233.28,7310.97
12274,PayPal,4718.46,0.0,4718.46
12275,PayPal,7864.1,188.95,8053.05
12276,Credit Card,20465.24,109.63,20574.87
12278,Credit Card,7977.76,127.15,8104.91
12279,PayPal,361.18,40.63,401.81
12280,Credit Card,7977.76,21.62,7999.38
12281,Нет завершённых покупок,0.0,0.0,0.0
12284,Bank Transfer,1572.82,12.92,1585.74
12285,Credit Card,4595.0,79.33,4674.33
12286,Bank Transfer,3831.1,412.58,4243.68
12288,Bank Transfer,919.0,168.96,1087.96
12289,PayPal,10257.12,99.27,10356.39
12290,Нет завершённых покупок,0.0,0.0,0.0
12291,"Bank Transfer, Credit Card",8764.17,371.99,9136.16
12294,Bank Transfer,26575.02,477.68,27052.7
12295,Credit Card,6838.08,81.01,6919.09
12297,"Credit Card, PayPal",5734.68,143.15,5877.83
12298,PayPal,4045.92,100.71,4146.63
12301,Credit Card,9125.35,232.38,9357.73
12302,"Bank Transfer, PayPal",5285.26,173.1,5458.36
12303,PayPal,2697.28,0.0,2697.28
12306,Credit Card,6743.2,159.49,6902.69
12307,Credit Card,674.32,42.07,716.39
12308,PayPal,3250.62,154.57,3405.19
12310,PayPal,722.36,151.2,873.56
12312,PayPal,1572.82,81.99,1654.81
12315,Credit Card,786.41,28.51,814.92
12317,PayPal,674.32,76.52,750.84
12319,Bank Transfer,6838.08,0.0,6838.08
12320,PayPal,6068.88,95.27,6164.15
12321,Bank Transfer,722.36,0.0,722.36
12322,"Bank Transfer, PayPal",4863.76,187.6,5051.36
12323,"Bank Transfer, PayPal",4857.86,238.2,5096.06
12324,Credit Card,1083.54,73.31,1156.85
12325,Credit Card,5504.87,137.19,5642.06
12326,Credit Card,1805.9,0.0,1805.9
12327,Нет завершённых покупок,0.0,0.0,0.0
12328,Нет завершённых покупок,0.0,0.0,0.0
12329,"Bank Transfer, Credit Card, PayPal",15210.32,122.55,15332.87
12332,Нет завершённых покупок,0.0,0.0,0.0
12333,Credit Card,10257.12,46.62,10303.74
12334,PayPal,3611.8,187.83,3799.63
12335,Credit Card,7864.1,142.68,8006.78
12339,Credit Card,2297.5,107.99,2405.49
12341,"Credit Card, PayPal",7352.0,93.57,7445.57
12342,Нет завершённых покупок,0.0,0.0,0.0
12343,Credit Card,11396.8,20.5,11417.3
12344,"Bank Transfer, PayPal",6430.06,89.75,6519.81
12345,Bank Transfer,1572.82,0.0,1572.82
12348,Credit Card,919.0,103.3,1022.3
12351,"Bank Transfer, Credit Card",7554.54,260.42,7814.96
12352,Нет завершённых покупок,0.0,0.0,0.0
12353,Нет завершённых покупок,0.0,0.0,0.0
12354,PayPal,1378.5,118.55,1497.05
12357,Нет завершённых покупок,0.0,0.0,0.0
12360,Credit Card,11396.8,101.99,11498.79
12362,Bank Transfer,7864.1,182.57,8046.67
12363,Нет завершённых покупок,0.0,0.0,0.0
12365,Нет завершённых покупок,0.0,0.0,0.0
12366,PayPal,3611.8,174.8,3786.6
12367,PayPal,2757.0,97.9,2854.9
12368,Bank Transfer,722.36,83.03,805.39
12370,Bank Transfer,919.0,219.12,1138.12
12371,PayPal,6743.2,132.12,6875.32
12375,"Bank Transfer, PayPal",5219.04,379.39,5598.43
12376,Credit Card,4718.46,25.91,4744.37
12378,PayPal,12390.41,476.32,12866.73
12379,Credit Card,674.32,217.84,892.16
12380,Credit Card,3611.8,109.69,3721.49
12383,"Credit Card, PayPal",3676.0,280.26,3956.26
12384,Bank Transfer,2359.23,101.64,2460.87
12385,PayPal,7077.69,166.19,7243.88
12386,Нет завершённых покупок,0.0,0.0,0.0
12389,Нет завершённых покупок,0.0,0.0,0.0
12390,PayPal,5913.78,151.09,6064.87
12391,PayPal,6068.88,81.07,6149.95
12394,Credit Card,3250.62,0.0,3250.62
12397,PayPal,7864.1,40.05,7904.15
12398,Нет завершённых покупок,0.0,0.0,0.0
12400,Credit Card,6364.62,303.85,6668.47
12402,Bank Transfer,1444.72,16.6,1461.32
12403,Credit Card,5504.87,50.89,5555.76
12404,Credit Card,2757.0,0.0,2757.0
12405,PayPal,4558.72,133.24,4691.96
12406,Credit Card,15841.86,161.16,16003.02
12407,Нет завершённых покупок,0.0,0.0,0.0
12408,PayPal,8643.98,222.55,8866.53
12410,PayPal,9117.44,96.22,9213.66
12411,Нет завершённых покупок,0.0,0.0,0.0
12412,Нет завершённых покупок,0.0,0.0,0.0
12417,PayPal,3250.62,36.52,3287.14
12419,"Bank Transfer, Credit Card",8090.06,204.59,8294.65
12421,PayPal,2697.28,119.74,2817.02
12422,Bank Transfer,5383.58,0.0,5383.58
12424,Нет завершённых покупок,0.0,0.0,0.0
12425,Credit Card,2512.32,153.21,2665.53
12427,Bank Transfer,1378.5,117.23,1495.73
12428,PayPal,9603.78,364.77,9968.55
12429,Bank Transfer,919.0,95.84,1014.84
12431,Bank Transfer,6743.2,30.15,6773.35
12432,Bank Transfer,6838.08,49.33,6887.41
12433,Credit Card,2757.0,210.19,2967.19
12436,PayPal,2528.26,140.42,2668.68
12437,Нет завершённых покупок,0.0,0.0,0.0
12441,PayPal,7977.76,101.45,8079.21
12442,Credit Card,1139.68,90.2,1229.88
12443,Bank Transfer,5504.87,149.09,5653.96
12445,Credit Card,1444.72,198.67,1643.39
12446,"Bank Transfer, Credit Card",3001.72,132.47,3134.19
12447,Bank Transfer,4135.5,92.41,4227.91
12448,Нет завершённых покупок,0.0,0.0,0.0
12449,Нет завершённых покупок,0.0,0.0,0.0
12451,Нет завершённых покупок,0.0,0.0,0.0
12452,PayPal,2757.0,138.38,2895.38
12454,Bank Transfer,6396.72,121.62,6518.34
12457,PayPal,4595.0,83.55,4678.55
12458,"Bank Transfer, PayPal",9959.7,162.86,10122.56
12459,"Credit Card, PayPal",11235.7,206.97,11442.67
12460,Нет завершённых покупок,0.0,0.0,0.0
12463,Credit Card,3371.6,94.65,3466.25
12464,Bank Transfer,5698.4,71.64,5770.04
12465,Credit Card,7977.76,138.74,8116.5
12466,"Bank Transfer, Credit Card",5698.4,0.0,5698.4
12468,PayPal,6068.88,99.55,6168.43
12469,Нет завершённых покупок,0.0,0.0,0.0
12471,Credit Card,361.18,135.25,496.43
12473,Bank Transfer,2167.08,167.76,2334.84
12474,Нет завершённых покупок,0.0,0.0,0.0
12475,Bank Transfer,11213.19,244.11,11457.3
12476,Bank Transfer,3145.64,115.25,3260.89
12477,Bank Transfer,7864.1,0.0,7864.1
12478,Bank Transfer,9310.2,78.53,9388.73
12479,Credit Card,1348.64,163.54,1512.18
12482,Нет завершённых покупок,0.0,0.0,0.0
12484,Bank Transfer,2889.44,48.52,2937.96
12485,"Bank Transfer, Credit Card",9983.72,192.5,10176.22
12486,Нет завершённых покупок,0.0,0.0,0.0
12487,Bank Transfer,6838.08,46.57,6884.65
12489,Credit Card,674.32,92.12,766.44
12491,Credit Card,4964.92,20.32,4985.24
12492,Нет завершённых покупок,0.0,0.0,0.0
12493,Bank Transfer,2697.28,74.17,2771.45
12494,Нет завершённых покупок,0.0,0.0,0.0
12495,Bank Transfer,9117.44,77.32,9194.76
12496,PayPal,1139.68,0.0,1139.68
12497,Credit Card,2022.96,0.0,2022.96
12498,"Bank Transfer, PayPal",7123.26,348.26,7471.52
12499,PayPal,20568.66,499.23,21067.89
12500,Нет завершённых покупок,0.0,0.0,0.0
12501,Bank Transfer,3611.8,73.38,3685.18
12502,PayPal,5394.56,127.32,5521.88
12504,PayPal,2757.0,0.0,2757.0
12505,PayPal,5504.87,0.0,5504.87
12507,Bank Transfer,1139.68,93.6,1233.28
12508,Bank Transfer,3611.8,93.14,3704.94
12509,Bank Transfer,2889.44,89.45,2978.89
12511,Bank Transfer,7977.76,0.0,7977.76
12513,"Credit Card, PayPal",4075.78,186.79,4262.57
12516,Bank Transfer,1348.64,91.42,1440.06
12519,"Bank Transfer, Credit Card",5273.58,253.05,5526.63
12521,"Bank Transfer, Credit Card, PayPal",22087.06,352.93,22439.99
12522,Нет завершённых покупок,0.0,0.0,0.0
12526,Bank Transfer,3611.8,68.82,3680.62
12528,Bank Transfer,3371.6,185.27,3556.87
12530,PayPal,3216.5,76.43,3292.93
12531,PayPal,10257.12,181.92,10439.04
12532,Credit Card,3145.64,99.58,3245.22
12533,Bank Transfer,11433.08,171.05,11604.13
12534,"Credit Card, PayPal",8650.51,41.83,8692.34
12535,Bank Transfer,5802.0,170.92,5972.92
12536,Credit Card,3932.05,88.7,4020.75
12542,Нет завершённых покупок,0.0,0.0,0.0
12544,"Bank Transfer, PayPal",9744.88,242.38,9987.26
12545,"Bank Transfer, PayPal",15442.72,80.18,15522.9
12547,Bank Transfer,7015.96,197.01,7212.97
12548,PayPal,4595.0,0.0,4595.0
12550,"Bank Transfer, Credit Card",3001.72,186.87,3188.59
12556,Нет завершённых покупок,0.0,0.0,0.0
12557,Нет завершённых покупок,0.0,0.0,0.0
12558,PayPal,919.0,96.6,1015.6
12559,Bank Transfer,361.18,0.0,361.18
12564,PayPal,2757.0,57.71,2814.71
12565,PayPal,1378.5,136.28,1514.78
12566,Нет завершённых покупок,0.0,0.0,0.0
12567,Credit Card,9632.64,301.7,9934.34
12568,Credit Card,4718.46,143.39,4861.85
12569,PayPal,13323.1,325.57,13648.67
12570,PayPal,3932.05,79.52,4011.57
12571,PayPal,2022.96,0.0,2022.96
12572,Credit Card,2279.36,93.4,2372.76
12573,Нет завершённых покупок,0.0,0.0,0.0
12574,Нет завершённых покупок,0.0,0.0,0.0
12575,Credit Card,3676.0,0.0,3676.0
12576,PayPal,786.41,148.4,934.81
12578,Bank Transfer,4718.46,81.99,4800.45
12581,PayPal,7864.1,181.57,8045.67
12582,Bank Transfer,1083.54,89.16,1172.7
12584,PayPal,7351.09,145.19,7496.28
12585,PayPal,5394.56,171.72,5566.28
12586,Credit Card,6068.88,107.82,6176.7
12587,Credit Card,3611.8,27.15,3638.95
12588,PayPal,9117.44,151.53,9268.97
12589,Bank Transfer,1348.64,92.45,1441.09
12590,"Credit Card, PayPal",4718.46,161.46,4879.92
12591,Нет завершённых покупок,0.0,0.0,0.0
12592,Credit Card,3419.04,37.46,3456.5
12594,Bank Transfer,2022.96,0.0,2022.96
12595,Bank Transfer,3216.5,0.0,3216.5
12597,PayPal,2279.36,122.74,2402.1
12598,PayPal,1378.5,0.0,1378.5
12599,Bank Transfer,4135.5,0.0,4135.5
12600,"Bank Transfer, Credit Card",4912.4,0.0,4912.4
12601,Нет завершённых покупок,0.0,0.0,0.0
12603,PayPal,1444.72,106.55,1551.27
12605,Bank Transfer,7077.69,81.86,7159.55
12606,Credit Card,7864.1,149.39,8013.49
12607,Bank Transfer,5280.69,296.45,5577.14
12608,PayPal,4045.92,22.35,4068.27
12609,Bank Transfer,6838.08,174.44,7012.52
12610,"Bank Transfer, Credit Card",8700.12,80.87,8780.99
12611,Credit Card,11396.8,258.32,11655.12
12612,Нет завершённых покупок,0.0,0.0,0.0
12613,Credit Card,6999.41,307.2,7306.61
12614,Нет завершённых покупок,0.0,0.0,0.0
12615,Credit Card,17463.9,130.77,17594.67
12616,"Bank Transfer, PayPal",21225.26,282.85,21508.11
12617,Нет завершённых покупок,0.0,0.0,0.0
12618,Нет завершённых покупок,0.0,0.0,0.0
12619,Credit Card,919.0,132.82,1051.82
12620,Нет завершённых покупок,0.0,0.0,0.0
12621,PayPal,2167.08,61.82,2228.9
12622,Credit Card,1348.64,0.0,1348.64
12623,"Credit Card, PayPal",5529.98,235.72,5765.7
12624,Credit Card,1805.9,0.0,1805.9
12625,Нет завершённых покупок,0.0,0.0,0.0
12626,Credit Card,5698.4,233.74,5932.14
12627,Credit Card,15955.52,13.42,15968.94
12628,Credit Card,3371.6,0.0,3371.6
12629,Нет завершённых покупок,0.0,0.0,0.0
12630,"Credit Card, PayPal",7256.0,62.61,7318.61
12632,Нет завершённых покупок,0.0,0.0,0.0
12633,Credit Card,6743.2,149.36,6892.56
12634,Bank Transfer,1348.64,48.8,1397.44
12635,Credit Card,4595.0,0.0,4595.0
12636,Credit Card,6838.08,50.62,6888.7
12637,Credit Card,11396.8,51.94,11448.74
12638,PayPal,6068.88,44.38,6113.26
12641,Bank Transfer,4718.46,144.25,4862.71
12643,PayPal,4718.46,30.28,4748.74
12645,Bank Transfer,1572.82,83.56,1656.38
12646,Credit Card,13258.66,115.77,13374.43
12647,"Bank Transfer, PayPal",3184.4,129.15,3313.55
12648,Credit Card,4720.24,70.76,4791.0
12650,Нет завершённых покупок,0.0,0.0,0.0
12651,Нет завершённых покупок,0.0,0.0,0.0
12653,"Bank Transfer, Credit Card",3506.82,288.06,3794.88
12655,PayPal,1139.68,168.12,1307.8
12656,PayPal,4595.0,220.4,4815.4
12657,Bank Transfer,4951.54,170.71,5122.25
12659,Credit Card,5504.87,90.13,5595.0
12660,PayPal,4045.92,62.19,4108.11
12661,Нет завершённых покупок,0.0,0.0,0.0
12663,PayPal,2889.44,196.56,3086.0
12666,"Credit Card, PayPal",13146.56,98.72,13245.28
12667,Bank Transfer,10257.12,55.15,10312.27
12668,Нет завершённых покупок,0.0,0.0,0.0
12669,PayPal,3371.6,99.0,3470.6
12670,Credit Card,1348.64,159.2,1507.84
12671,Нет завершённых покупок,0.0,0.0,0.0
12673,Credit Card,4045.92,232.8,4278.72
12674,Нет завершённых покупок,0.0,0.0,0.0
12675,Credit Card,7864.1,74.57,7938.67
12677,PayPal,4045.92,86.6,4132.52
12680,PayPal,11194.26,192.11,11386.37
12681,Credit Card,5943.64,176.36,6120.0
12682,Credit Card,3145.64,51.73,3197.37
12683,Нет завершённых покупок,0.0,0.0,0.0
12685,Credit Card,2279.36,196.21,2475.57
12686,PayPal,10257.12,0.0,10257.12
12687,Credit Card,3676.0,0.0,3676.0
12688,Credit Card,6743.2,135.39,6878.59
12690,Bank Transfer,1348.64,97.15,1445.79
12691,Credit Card,3419.04,151.55,3570.59
12692,Нет завершённых покупок,0.0,0.0,0.0
12693,Credit Card,16230.62,332.6,16563.22
12695,Нет завершённых покупок,0.0,0.0,0.0
12696,Bank Transfer,722.36,130.45,852.81
12697,PayPal,3145.64,0.0,3145.64
12699,Нет завершённых покупок,0.0,0.0,0.0
12700,Credit Card,7077.69,83.24,7160.93
12702,Нет завершённых покупок,0.0,0.0,0.0
12703,Bank Transfer,3250.62,190.14,3440.76
12704,Нет завершённых покупок,0.0,0.0,0.0
12705,PayPal,8181.42,280.74,8462.16
12706,"Bank Transfer, PayPal",7561.64,246.35,7807.99
12708,"Bank Transfer, PayPal",9959.7,319.94,10279.64
12709,PayPal,3371.6,66.54,3438.14
12710,"Bank Transfer, Credit Card",5443.14,15.16,5458.3
12712,Bank Transfer,5698.4,114.85,5813.25
12713,Bank Transfer,3932.05,120.77,4052.82
12714,Нет завершённых покупок,0.0,0.0,0.0
12716,Нет завершённых покупок,0.0,0.0,0.0
12717,Credit Card,6291.28,0.0,6291.28
12718,Нет завершённых покупок,0.0,0.0,0.0
12719,"Bank Transfer, Credit Card",4956.18,98.0,5054.18
12720,Bank Transfer,10257.12,110.1,10367.22
12721,Credit Card,6743.2,115.97,6859.17
12724,Credit Card,2297.5,0.0,2297.5
12725,Bank Transfer,1805.9,30.95,1836.85
12726,Credit Card,7297.58,98.28,7395.86
12727,Нет завершённых покупок,0.0,0.0,0.0
12729,PayPal,1348.64,145.91,1494.55
12730,Нет завершённых покупок,0.0,0.0,0.0
12732,Credit Card,2889.44,32.56,2922.0
12733,PayPal,10355.0,329.29,10684.29
12734,Нет завершённых покупок,0.0,0.0,0.0
12735,"Bank Transfer, Credit Card",7864.1,190.02,8054.12
12736,"Bank Transfer, PayPal",7669.78,0.0,7669.78
12738,Credit Card,919.0,0.0,919.0
12740,Нет завершённых покупок,0.0,0.0,0.0
12741,PayPal,3932.05,91.19,4023.24
12742,Нет завершённых покупок,0.0,0.0,0.0
12743,Bank Transfer,4718.46,190.04,4908.5
12744,Нет завершённых покупок,0.0,0.0,0.0
12746,"Credit Card, PayPal",9440.48,173.25,9613.73
12748,Credit Card,13812.0,378.59,14190.59
12749,Credit Card,20277.12,411.07,20688.19
12751,Нет завершённых покупок,0.0,0.0,0.0
12753,"Bank Transfer, PayPal",2727.14,139.55,2866.69
12754,Credit Card,1838.0,111.48,1949.48
12755,"Bank Transfer, PayPal",10257.12,111.38,10368.5
12756,Bank Transfer,5504.87,0.0,5504.87
12757,Нет завершённых покупок,0.0,0.0,0.0
12759,Нет завершённых покупок,0.0,0.0,0.0
12761,Bank Transfer,10433.28,256.36,10689.64
12763,Нет завершённых покупок,0.0,0.0,0.0
12765,Bank Transfer,1378.5,0.0,1378.5
12766,Нет завершённых покупок,0.0,0.0,0.0
12768,PayPal,2528.26,0.0,2528.26
12770,PayPal,18319.74,127.97,18447.71
12771,Нет завершённых покупок,0.0,0.0,0.0
12772,"Credit Card, PayPal",3628.0,143.05,3771.05
12773,PayPal,1838.0,0.0,1838.0
12774,Credit Card,2757.0,0.0,2757.0
12775,Нет завершённых покупок,0.0,0.0,0.0
12777,Нет завершённых покупок,0.0,0.0,0.0
12778,PayPal,3145.64,16.68,3162.32
12779,PayPal,11396.8,88.07,11484.87
12780,"Bank Transfer, Credit Card, PayPal",6982.8,595.63,7578.43
12781,Bank Transfer,1838.0,0.0,1838.0
12784,"Bank Transfer, PayPal",7256.0,102.03,7358.03
12785,Нет завершённых покупок,0.0,0.0,0.0
12787,"Bank Transfer, PayPal",6396.26,337.66,6733.92
12793,Credit Card,5184.62,79.9,5264.52
12794,PayPal,3611.8,0.0,3611.8
12796,"Bank Transfer, Credit Card",4976.64,15.16,4991.8
12798,Bank Transfer,3216.5,0.0,3216.5
12799,"Bank Transfer, Credit Card, PayPal",9383.55,0.0,9383.55
12800,Credit Card,5698.4,0.0,5698.4
12802,PayPal,8908.69,0.0,8908.69
12805,Нет завершённых покупок,0.0,0.0,0.0
12807,"Bank Transfer, PayPal",9833.9,26.83,9860.73
12808,Нет завершённых покупок,0.0,0.0,0.0
12810,PayPal,7077.69,0.0,7077.69
12813,Bank Transfer,786.41,103.8,890.21
12814,PayPal,7977.76,182.56,8160.32
12815,PayPal,2889.44,146.68,3036.12
12816,Bank Transfer,4045.92,202.2,4248.12
12817,Bank Transfer,7736.0,259.25,7995.25
12819,Нет завершённых покупок,0.0,0.0,0.0
12820,Нет завершённых покупок,0.0,0.0,0.0
12821,Нет завершённых покупок,0.0,0.0,0.0
12822,"Bank Transfer, PayPal",8766.16,46.03,8812.19
12824,Bank Transfer,361.18,76.58,437.76
12825,"Bank Transfer, PayPal",12825.52,233.78,13059.3
12829,Credit Card,5504.87,133.1,5637.97
12830,Нет завершённых покупок,0.0,0.0,0.0
12831,Нет завершённых покупок,0.0,0.0,0.0
12834,Нет завершённых покупок,0.0,0.0,0.0
12835,PayPal,2889.44,0.0,2889.44
12837,PayPal,3371.6,115.65,3487.25
12840,Нет завершённых покупок,0.0,0.0,0.0
12841,PayPal,2697.28,98.88,2796.16
12843,Bank Transfer,7077.69,76.21,7153.9
12844,Credit Card,10770.13,106.79,10876.92
12845,PayPal,7977.76,99.24,8077.0
12846,Credit Card,8645.18,184.77,8829.95
12851,Credit Card,3932.05,17.04,3949.09
12852,Нет завершённых покупок,0.0,0.0,0.0
12853,Bank Transfer,5504.87,85.13,5590.0
12855,Bank Transfer,1139.68,46.59,1186.27
12856,"Bank Transfer, PayPal",5514.0,197.19,5711.19
12858,Credit Card,2528.26,99.83,2628.09
12859,"Bank Transfer, Credit Card",4590.36,82.52,4672.88
12862,"Bank Transfer, PayPal",10627.6,265.29,10892.89
12865,Credit Card,2167.08,214.49,2381.57
12869,Нет завершённых покупок,0.0,0.0,0.0
12872,Нет завершённых покупок,0.0,0.0,0.0
12873,Нет завершённых покупок,0.0,0.0,0.0
12874,Credit Card,2297.5,173.43,2470.93
12875,Bank Transfer,2889.44,0.0,2889.44
12876,Нет завершённых покупок,0.0,0.0,0.0
12877,Нет завершённых покупок,0.0,0.0,0.0
12878,PayPal,6838.08,21.42,6859.5
12881,Bank Transfer,5698.4,0.0,5698.4
12882,PayPal,7977.76,93.47,8071.23
12883,PayPal,15008.6,78.92,15087.52
12884,"Bank Transfer, PayPal",6433.0,293.44,6726.44
12885,PayPal,4720.24,199.25,4919.49
12888,Bank Transfer,4135.5,183.72,4319.22
12889,"Bank Transfer, Credit Card",8915.69,428.38,9344.07
12890,"Credit Card, PayPal",6874.36,248.61,7122.97
12891,Credit Card,2297.5,0.0,2297.5
12892,Credit Card,7864.1,27.31,7891.41
12893,Credit Card,10257.12,191.48,10448.6
12895,Bank Transfer,11396.8,75.82,11472.62
12897,PayPal,1139.68,37.43,1177.11
12898,"Credit Card, PayPal",7507.1,268.37,7775.47
12899,Нет завершённых покупок,0.0,0.0,0.0
12900,Bank Transfer,1378.5,0.0,1378.5
12901,Нет завершённых покупок,0.0,0.0,0.0
12902,"Bank Transfer, Credit Card",4944.42,171.99,5116.41
12905,PayPal,5698.4,57.86,5756.26
12907,PayPal,4718.46,203.29,4921.75
12908,Bank Transfer,1348.64,78.25,1426.89
12911,"Bank Transfer, Credit Card, PayPal",5417.7,276.03,5693.73
12912,Нет завершённых покупок,0.0,0.0,0.0
12914,Нет завершённых покупок,0.0,0.0,0.0
12915,Credit Card,3419.04,130.93,3549.97
12917,PayPal,2297.5,32.34,2329.84
12918,Нет завершённых покупок,0.0,0.0,0.0
12919,Bank Transfer,6291.28,230.9,6522.18
12920,PayPal,1083.54,115.28,1198.82
12921,Нет завершённых покупок,0.0,0.0,0.0
12922,Credit Card,1805.9,0.0,1805.9
12924,Credit Card,5669.1,231.11,5900.21
12925,"Bank Transfer, Credit Card",6565.44,74.87,6640.31
12927,Нет завершённых покупок,0.0,0.0,0.0
12928,Нет завершённых покупок,0.0,0.0,0.0
12929,PayPal,7077.69,0.0,7077.69
12932,Bank Transfer,12801.41,79.79,12881.2
12933,"Bank Transfer, Credit Card",10328.31,156.59,10484.9
12934,Bank Transfer,4382.19,179.91,4562.1
12935,Нет завершённых покупок,0.0,0.0,0.0
12936,Нет завершённых покупок,0.0,0.0,0.0
12937,Нет завершённых покупок,0.0,0.0,0.0
12938,Bank Transfer,2167.08,62.0,2229.08
12939,Bank Transfer,3250.62,52.02,3302.64
12941,PayPal,2359.23,15.37,2374.6
12942,"Bank Transfer, Credit Card",3278.23,234.32,3512.55
12943,Нет завершённых покупок,0.0,0.0,0.0
12944,"Bank Transfer, PayPal",7030.84,69.36,7100.2
12945,Bank Transfer,11396.8,173.17,11569.97
12946,Нет завершённых покупок,0.0,0.0,0.0
12949,Credit Card,3250.62,0.0,3250.62
12952,"Bank Transfer, PayPal",9061.3,178.38,9239.68
12953,Credit Card,4558.72,87.7,4646.42
12956,Bank Transfer,7977.76,133.92,8111.68
12957,Bank Transfer,6068.88,103.72,6172.6
12959,PayPal,3932.05,0.0,3932.05
12960,Нет завершённых покупок,0.0,0.0,0.0
12961,Bank Transfer,2167.08,62.06,2229.14
12962,Credit Card,2359.23,0.0,2359.23
12964,Нет завершённых покупок,0.0,0.0,0.0
12967,"Bank Transfer, PayPal",3932.05,196.79,4128.84
12972,Credit Card,4718.46,181.23,4899.69
12974,Нет завершённых покупок,0.0,0.0,0.0
12977,Нет завершённых покупок,0.0,0.0,0.0
12978,"Bank Transfer, Credit Card, PayPal",13450.74,407.38,13858.12
12979,PayPal,9550.58,207.7,9758.28
12980,Нет завершённых покупок,0.0,0.0,0.0
12981,"Bank Transfer, PayPal",15186.32,281.45,15467.77
12982,Credit Card,7977.76,227.43,8205.19
12984,Credit Card,3611.8,0.0,3611.8
12985,"Bank Transfer, Credit Card",12785.38,311.85,13097.23
12986,PayPal,11396.8,38.98,11435.78
12987,PayPal,3932.05,147.08,4079.13
12988,Нет завершённых покупок,0.0,0.0,0.0
12990,Нет завершённых покупок,0.0,0.0,0.0
12991,Нет завершённых покупок,0.0,0.0,0.0
12992,Bank Transfer,1572.82,0.0,1572.82
12993,PayPal,3145.64,80.9,3226.54
12994,"Credit Card, PayPal",6059.58,83.8,6143.38
12995,Credit Card,14702.18,242.31,14944.49
12999,PayPal,2889.44,160.27,3049.71
13000,Нет завершённых покупок,0.0,0.0,0.0
13001,PayPal,919.0,76.14,995.14
13002,"Bank Transfer, Credit Card, PayPal",9212.74,361.01,9573.75
13003,Нет завершённых покупок,0.0,0.0,0.0
13004,PayPal,1838.0,186.02,2024.02
13005,"Credit Card, PayPal",10088.7,298.6,10387.3
13007,PayPal,3611.8,17.08,3628.88
13008,Нет завершённых покупок,0.0,0.0,0.0
13009,PayPal,3371.6,97.2,3468.8
13011,PayPal,9117.44,65.07,9182.51
13012,Bank Transfer,361.18,169.45,530.63
13013,Bank Transfer,6838.08,0.0,6838.08
13014,"Credit Card, PayPal",6176.04,318.58,6494.62
13015,"Bank Transfer, Credit Card",6211.41,346.95,6558.36
13016,PayPal,3371.6,123.74,3495.34
13017,"Bank Transfer, Credit Card",14155.38,189.39,14344.77
13020,Нет завершённых покупок,0.0,0.0,0.0
13022,Credit Card,1083.54,48.6,1132.14
13023,"Credit Card, PayPal",14392.62,289.39,14682.01
13024,"Credit Card, PayPal",7232.56,194.53,7427.09
13025,PayPal,1139.68,121.86,1261.54
13026,Нет завершённых покупок,0.0,0.0,0.0
13027,PayPal,11396.8,80.53,11477.33
13028,Нет завершённых покупок,0.0,0.0,0.0
13030,Credit Card,5504.87,0.0,5504.87
13031,Bank Transfer,2889.44,136.55,3025.99
13033,PayPal,1838.0,131.29,1969.29
13034,Bank Transfer,722.36,14.87,737.23
13035,Credit Card,3611.8,120.54,3732.34
13036,PayPal,7864.1,147.67,8011.77
13037,Bank Transfer,2167.08,0.0,2167.08
13038,Нет завершённых покупок,0.0,0.0,0.0
13039,PayPal,2167.08,0.0,2167.08
13040,PayPal,919.0,152.5,1071.5
13041,Credit Card,4718.46,110.74,4829.2
13042,Credit Card,4135.5,207.6,4343.1
13046,PayPal,5394.56,97.63,5492.19
13047,PayPal,11228.38,227.75,11456.13
13048,PayPal,6743.2,0.0,6743.2
13049,"Credit Card, PayPal",11092.96,333.84,11426.8
13050,PayPal,3419.04,0.0,3419.04
13051,Bank Transfer,3676.0,73.02,3749.02
13053,PayPal,2279.36,88.18,2367.54
13055,Credit Card,3216.5,139.45,3355.95
13056,PayPal,6291.28,147.46,6438.74
13058,Credit Card,4045.92,0.0,4045.92
13059,Bank Transfer,1805.9,83.74,1889.64
13061,Credit Card,7077.69,0.0,7077.69
13064,Нет завершённых покупок,0.0,0.0,0.0
13065,Нет завершённых покупок,0.0,0.0,0.0
13068,Credit Card,1805.9,186.79,1992.69
13069,"Bank Transfer, PayPal",9630.45,115.58,9746.03
13070,"Credit Card, PayPal",4807.62,177.67,4985.29
13071,Нет завершённых покупок,0.0,0.0,0.0
13072,Bank Transfer,4135.5,148.94,4284.44
13074,"Bank Transfer, Credit Card",16115.26,0.0,16115.26
13075,Credit Card,11396.8,24.66,11421.46
13076,Bank Transfer,3932.05,86.32,4018.37
13077,Нет завершённых покупок,0.0,0.0,0.0
13078,PayPal,2697.28,116.18,2813.46
13081,Нет завершённых покупок,0.0,0.0,0.0
13082,Bank Transfer,4718.46,112.33,4830.79
13083,Credit Card,4135.5,141.19,4276.69
13084,Credit Card,2697.28,51.05,2748.33
13085,"Bank Transfer, Credit Card",3870.32,53.45,3923.77
13086,Bank Transfer,6743.2,113.6,6856.8
13089,Credit Card,2528.26,42.84,2571.1
13090,PayPal,1378.5,86.96,1465.46
13091,Bank Transfer,10257.12,113.74,10370.86
13092,Нет завершённых покупок,0.0,0.0,0.0
13093,Нет завершённых покупок,0.0,0.0,0.0
13094,Credit Card,459.5,0.0,459.5
13096,"Bank Transfer, Credit Card",14155.38,188.27,14343.65
13097,PayPal,3932.05,0.0,3932.05
13099,Нет завершённых покупок,0.0,0.0,0.0
13100,Credit Card,13726.6,297.3,14023.9
13101,"Bank Transfer, Credit Card",10621.1,36.11,10657.21
13103,Bank Transfer,4045.92,0.0,4045.92
13106,PayPal,2279.36,142.2,2421.56
13107,Нет завершённых покупок,0.0,0.0,0.0
13108,"Credit Card, PayPal",9833.9,114.98,9948.88
13110,PayPal,2167.08,83.16,2250.24
13111,Bank Transfer,4718.46,0.0,4718.46
13112,"Bank Transfer, Credit Card",7256.0,155.31,7411.31
13116,Bank Transfer,2528.26,169.03,2697.29
13119,Bank Transfer,2297.5,146.86,2444.36
13120,PayPal,6291.28,78.7,6369.98
13122,"Bank Transfer, Credit Card, PayPal",9692.36,410.94,10103.3
13124,Credit Card,2757.0,80.59,2837.59
13125,Нет завершённых покупок,0.0,0.0,0.0
13126,Credit Card,3216.5,59.13,3275.63
13127,Bank Transfer,4205.45,177.85,4383.3
13128,PayPal,3371.6,78.18,3449.78
13129,Bank Transfer,10542.9,255.53,10798.43
13130,Нет завершённых покупок,0.0,0.0,0.0
13134,Нет завершённых покупок,0.0,0.0,0.0
13136,Bank Transfer,1572.82,189.0,1761.82
13137,Credit Card,1444.72,68.75,1513.47
13140,Credit Card,4135.5,129.78,4265.28
13141,PayPal,674.32,0.0,674.32
13143,Credit Card,786.41,0.0,786.41
13145,Нет завершённых покупок,0.0,0.0,0.0
13147,Credit Card,4595.0,68.74,4663.74
13150,Credit Card,2528.26,0.0,2528.26
13151,PayPal,4558.72,128.12,4686.84
13154,Credit Card,3676.0,130.94,3806.94
13155,Credit Card,4718.46,88.49,4806.95
13157,Bank Transfer,7977.76,35.22,8012.98
13158,Нет завершённых покупок,0.0,0.0,0.0
13159,Bank Transfer,12342.95,0.0,12342.95
13161,Credit Card,674.32,131.34,805.66
13162,Credit Card,19937.8,315.29,20253.09
13163,"Bank Transfer, Credit Card",18234.88,236.19,18471.07
13164,Bank Transfer,2697.28,0.0,2697.28
13165,Нет завершённых покупок,0.0,0.0,0.0
13169,Нет завершённых покупок,0.0,0.0,0.0
13173,Нет завершённых покупок,0.0,0.0,0.0
13174,PayPal,6838.08,198.78,7036.86
13177,PayPal,459.5,232.41,691.91
13178,PayPal,674.32,0.0,674.32
13179,"Credit Card, PayPal",8428.11,110.03,8538.14
13180,Bank Transfer,7977.76,0.0,7977.76
13181,"Bank Transfer, Credit Card",12333.94,20.32,12354.26
13182,Bank Transfer,3371.6,0.0,3371.6
13183,"Credit Card, PayPal",15761.99,293.33,16055.32
13184,"Bank Transfer, PayPal",4302.32,219.69,4522.01
13185,"Credit Card, PayPal",4558.72,193.4,4752.12
13186,Bank Transfer,1378.5,67.24,1445.74
13189,"Bank Transfer, Credit Card, PayPal",8174.7,108.56,8283.26
13190,Credit Card,7864.1,114.98,7979.08
13191,"Bank Transfer, Credit Card",12360.16,471.87,12832.03
13192,Bank Transfer,7977.76,170.38,8148.14
13193,PayPal,3932.05,81.19,4013.24
13195,Нет завершённых покупок,0.0,0.0,0.0
13196,PayPal,2359.23,59.12,2418.35
13199,PayPal,4558.72,0.0,4558.72
13200,Нет завершённых покупок,0.0,0.0,0.0
13201,"Credit Card, PayPal",4595.0,127.17,4722.17
13202,Credit Card,7864.1,169.86,8033.96
13203,Bank Transfer,5394.56,95.2,5489.76
13204,Bank Transfer,2528.26,151.17,2679.43
13207,PayPal,1838.0,0.0,1838.0
13209,PayPal,1444.72,0.0,1444.72
13210,Нет завершённых покупок,0.0,0.0,0.0
13211,Нет завершённых покупок,0.0,0.0,0.0
13212,Bank Transfer,12776.5,315.79,13092.29
13213,PayPal,4135.5,102.87,4238.37
13214,Credit Card,11396.8,30.88,11427.68
13215,Bank Transfer,4558.72,0.0,4558.72
13216,Bank Transfer,2279.36,112.91,2392.27
13217,Нет завершённых покупок,0.0,0.0,0.0
13218,PayPal,3611.8,41.04,3652.84
13219,Нет завершённых покупок,0.0,0.0,0.0
13221,PayPal,1838.0,65.83,1903.83
13222,Bank Transfer,674.32,75.68,750.0
13224,Нет завершённых покупок,0.0,0.0,0.0
13225,Credit Card,5504.87,150.37,5655.24
13226,PayPal,4718.46,108.09,4826.55
13227,Credit Card,361.18,170.14,531.32
13228,PayPal,919.0,38.86,957.86
13229,Нет завершённых покупок,0.0,0.0,0.0
13230,Bank Transfer,1444.72,94.84,1539.56
13231,Bank Transfer,3611.8,199.35,3811.15
13233,PayPal,1378.5,167.97,1546.47
13238,PayPal,786.41,0.0,786.41
13240,Bank Transfer,10257.12,107.46,10364.58
13244,Bank Transfer,7977.76,154.49,8132.25
13245,Bank Transfer,4558.72,61.53,4620.25
13250,Credit Card,2697.28,51.98,2749.26
13252,Нет завершённых покупок,0.0,0.0,0.0
13253,Credit Card,1805.9,0.0,1805.9
13254,PayPal,2757.0,107.3,2864.3
13255,Bank Transfer,2022.96,60.62,2083.58
13256,PayPal,722.36,80.65,803.01
13257,PayPal,3676.0,0.0,3676.0
13258,"Bank Transfer, Credit Card, PayPal",12273.14,276.93,12550.07
13261,Credit Card,7077.69,79.01,7156.7
13262,Нет завершённых покупок,0.0,0.0,0.0
13263,Bank Transfer,786.41,36.72,823.13
13265,Нет завершённых покупок,0.0,0.0,0.0
13267,Нет завершённых покупок,0.0,0.0,0.0
13270,Bank Transfer,361.18,118.38,479.56
13273,"Bank Transfer, PayPal",10931.44,163.92,11095.36
13275,Bank Transfer,3371.6,136.3,3507.9
13276,Bank Transfer,3676.0,0.0,3676.0
13280,Credit Card,12135.98,92.42,12228.4
13282,PayPal,4558.72,134.32,4693.04
13283,PayPal,12309.94,290.37,12600.31
13284,Credit Card,3145.64,64.43,3210.07
13285,"Credit Card, PayPal",4135.5,96.7,4232.2
13287,"Bank Transfer, PayPal",1709.82,243.97,1953.79
13288,"Bank Transfer, PayPal",8271.0,74.39,8345.39
13289,Нет завершённых покупок,0.0,0.0,0.0
13290,PayPal,4720.24,37.08,4757.32
13292,Bank Transfer,5394.56,67.51,5462.07
13294,PayPal,1805.9,106.19,1912.09
13295,Bank Transfer,2359.23,58.54,2417.77
13296,PayPal,6743.2,79.84,6823.04
13297,Credit Card,4720.24,181.91,4902.15
13299,PayPal,4789.32,173.62,4962.94
13300,Bank Transfer,4718.46,72.76,4791.22
13301,Нет завершённых покупок,0.0,0.0,0.0
13302,Bank Transfer,1572.82,104.83,1677.65
13303,Нет завершённых покупок,0.0,0.0,0.0
13305,PayPal,5394.56,0.0,5394.56
13306,Нет завершённых покупок,0.0,0.0,0.0
13307,Credit Card,1083.54,29.47,1113.01
13309,Credit Card,5698.4,0.0,5698.4
13311,"Bank Transfer, PayPal",5481.9,0.0,5481.9
13312,PayPal,5394.56,171.45,5566.01
13313,PayPal,7977.76,60.48,8038.24
13314,Credit Card,3216.5,64.89,3281.39
13315,Credit Card,1083.54,165.91,1249.45
13316,"Bank Transfer, PayPal",2921.46,35.59,2957.05
13318,"Credit Card, PayPal",6164.96,0.0,6164.96
13319,Bank Transfer,5514.0,184.27,5698.27
13324,Нет завершённых покупок,0.0,0.0,0.0
13325,PayPal,2889.44,94.78,2984.22
13326,Bank Transfer,786.41,125.94,912.35
13327,PayPal,2359.23,158.81,2518.04
13328,PayPal,8853.96,232.22,9086.18
13329,Нет завершённых покупок,0.0,0.0,0.0
13330,PayPal,15513.7,412.36,15926.06
13331,Credit Card,4135.5,0.0,4135.5
13332,Нет завершённых покупок,0.0,0.0,0.0
13334,Bank Transfer,7864.1,0.0,7864.1
13336,PayPal,1348.64,215.5,1564.14
13337,Нет завершённых покупок,0.0,0.0,0.0
13338,Bank Transfer,674.32,0.0,674.32
13339,Bank Transfer,2889.44,131.32,3020.76
13340,Credit Card,2889.44,140.6,3030.04
13342,PayPal,14153.8,103.08,14256.88
13343,Нет завершённых покупок,0.0,0.0,0.0
13345,Credit Card,5698.4,99.18,5797.58
13347,Bank Transfer,786.41,108.34,894.75
13348,Credit Card,1444.72,0.0,1444.72
13349,PayPal,2297.5,78.79,2376.29
13351,"Bank Transfer, Credit Card, PayPal",6597.54,167.32,6764.86
13353,"Credit Card, PayPal",4851.05,46.66,4897.71
13355,PayPal,1572.82,61.51,1634.33
13356,Credit Card,2528.26,14.42,2542.68
13357,Credit Card,6291.28,0.0,6291.28
13358,"Bank Transfer, PayPal",5054.5,210.19,5264.69
13360,PayPal,2279.36,57.1,2336.46
13363,Bank Transfer,3250.62,90.58,3341.2
13364,Нет завершённых покупок,0.0,0.0,0.0
13367,Bank Transfer,1139.68,82.96,1222.64
13368,Credit Card,3932.05,0.0,3932.05
13369,Bank Transfer,2359.23,0.0,2359.23
13370,Credit Card,459.5,12.69,472.19
13371,Credit Card,21653.92,196.22,21850.14
13372,"Bank Transfer, Credit Card",3184.4,98.64,3283.04
13374,PayPal,6574.18,317.88,6892.06
13377,Credit Card,3250.62,64.77,3315.39
13378,Нет завершённых покупок,0.0,0.0,0.0
13380,"Credit Card, PayPal",10663.88,143.03,10806.91
13382,Bank Transfer,6838.08,57.37,6895.45
13384,Нет завершённых покупок,0.0,0.0,0.0
13386,Нет завершённых покупок,0.0,0.0,0.0
13388,Credit Card,3145.64,158.82,3304.46
13390,Credit Card,3419.04,60.04,3479.08
13391,PayPal,6291.28,0.0,6291.28
13392,PayPal,1348.64,99.58,1448.22
13393,PayPal,1348.64,0.0,1348.64
13394,Нет завершённых покупок,0.0,0.0,0.0
13395,PayPal,11237.48,243.67,11481.15
13396,Нет завершённых покупок,0.0,0.0,0.0
13397,Нет завершённых покупок,0.0,0.0,0.0
13398,Credit Card,7077.69,0.0,7077.69
13399,Credit Card,2297.5,0.0,2297.5
13402,Credit Card,5698.4,17.59,5715.99
13403,Bank Transfer,7077.69,49.08,7126.77
13404,Credit Card,6291.28,39.81,6331.09
13407,"Bank Transfer, Credit Card",9277.18,202.75,9479.93
13408,Credit Card,2279.36,118.92,2398.28
13409,Нет завершённых покупок,0.0,0.0,0.0
13410,Credit Card,3216.5,199.11,3415.61
13411,Bank Transfer,7077.69,52.54,7130.23
13412,Credit Card,7864.1,94.57,7958.67
13413,Bank Transfer,10815.42,160.57,10975.99
13414,"Bank Transfer, Credit Card",7386.12,341.39,7727.51
13416,Нет завершённых покупок,0.0,0.0,0.0
13417,Bank Transfer,1572.82,0.0,1572.82
13421,PayPal,4142.0,70.8,4212.8
13423,Bank Transfer,2167.08,115.86,2282.94
13426,PayPal,2167.08,85.25,2252.33
13430,Нет завершённых покупок,0.0,0.0,0.0
13431,Нет завершённых покупок,0.0,0.0,0.0
13432,PayPal,3250.62,0.0,3250.62
13435,Bank Transfer,4290.6,0.0,4290.6
13439,Bank Transfer,5698.4,0.0,5698.4
13441,PayPal,3145.64,0.0,3145.64
13442,Нет завершённых покупок,0.0,0.0,0.0
13444,Bank Transfer,5394.56,120.71,5515.27
13445,"Bank Transfer, PayPal",13258.66,140.68,13399.34
13446,PayPal,5394.56,146.76,5541.32
13447,Credit Card,10257.12,99.53,10356.65
13448,Credit Card,5698.4,106.86,5805.26
13449,Нет завершённых покупок,0.0,0.0,0.0
13451,Нет завершённых покупок,0.0,0.0,0.0
13452,Нет завершённых покупок,0.0,0.0,0.0
13453,Нет завершённых покупок,0.0,0.0,0.0
13454,Нет завершённых покупок,0.0,0.0,0.0
13455,Нет завершённых покупок,0.0,0.0,0.0
13456,Bank Transfer,5504.87,136.86,5641.73
13458,Нет завершённых покупок,0.0,0.0,0.0
13461,Credit Card,919.0,157.43,1076.43
13462,Нет завершённых покупок,0.0,0.0,0.0
13463,Bank Transfer,2297.5,211.64,2509.14
13464,"Bank Transfer, Credit Card",11235.7,271.75,11507.45
13465,"Credit Card, PayPal",7047.6,201.55,7249.15
13466,Credit Card,3932.05,100.82,4032.87
13467,Нет завершённых покупок,0.0,0.0,0.0
13468,Нет завершённых покупок,0.0,0.0,0.0
13469,Нет завершённых покупок,0.0,0.0,0.0
13470,Credit Card,919.0,87.46,1006.46
13471,"Bank Transfer, Credit Card",11814.72,306.78,12121.5
13473,"Credit Card, PayPal",7076.9,145.03,7221.93
13474,PayPal,5504.87,80.48,5585.35
13475,Credit Card,4720.24,52.43,4772.67
13477,Bank Transfer,2167.08,52.12,2219.2
13482,Нет завершённых покупок,0.0,0.0,0.0
13484,"Credit Card, PayPal",10063.59,108.68,10172.27
13486,PayPal,2022.96,109.45,2132.41
13487,Нет завершённых покупок,0.0,0.0,0.0
13488,Нет завершённых покупок,0.0,0.0,0.0
13489,Нет завершённых покупок,0.0,0.0,0.0
13490,Credit Card,9117.44,130.73,9248.17
13491,Bank Transfer,1444.72,193.6,1638.32
13492,Нет завершённых покупок,0.0,0.0,0.0
13493,PayPal,1378.5,94.25,1472.75
13494,PayPal,4558.72,58.31,4617.03
13498,Нет завершённых покупок,0.0,0.0,0.0
13499,Bank Transfer,2889.44,0.0,2889.44
13500,PayPal,3419.04,54.9,3473.94
13504,Нет завершённых покупок,0.0,0.0,0.0
13505,PayPal,3611.8,0.0,3611.8
13507,Нет завершённых покупок,0.0,0.0,0.0
13511,Credit Card,3932.05,70.34,4002.39
13514,Credit Card,4720.24,79.88,4800.12
13515,Нет завершённых покупок,0.0,0.0,0.0
13517,PayPal,1572.82,52.19,1625.01
13518,"Bank Transfer, PayPal",1705.41,46.01,1751.42
13519,PayPal,3676.0,191.94,3867.94
13520,PayPal,3216.5,284.01,3500.51
13521,Credit Card,2757.0,87.85,2844.85
13522,PayPal,7864.1,93.78,7957.88
13523,Нет завершённых покупок,0.0,0.0,0.0
13524,PayPal,6838.08,159.68,6997.76
13525,Нет завершённых покупок,0.0,0.0,0.0
13526,Credit Card,7864.1,166.51,8030.61
13527,PayPal,361.18,98.23,459.41
13529,Bank Transfer,3145.64,217.46,3363.1
13530,Нет завершённых покупок,0.0,0.0,0.0
13532,Нет завершённых покупок,0.0,0.0,0.0
13533,PayPal,3419.04,110.55,3529.59
13534,"Bank Transfer, PayPal",25893.6,367.61,26261.21
13535,"Credit Card, PayPal",19278.6,222.77,19501.37
13537,Credit Card,1838.0,148.45,1986.45
13539,PayPal,5504.87,0.0,5504.87
13541,Bank Transfer,2528.26,133.12,2661.38
13542,Нет завершённых покупок,0.0,0.0,0.0
13543,Нет завершённых покупок,0.0,0.0,0.0
13545,PayPal,7776.92,466.29,8243.21
13546,Bank Transfer,1083.54,22.0,1105.54
13547,Credit Card,4135.5,26.88,4162.38
13549,Нет завершённых покупок,0.0,0.0,0.0
13552,Credit Card,7537.19,84.22,7621.41
13553,Нет завершённых покупок,0.0,0.0,0.0
13554,Bank Transfer,3611.8,48.04,3659.84
13555,"Bank Transfer, Credit Card, PayPal",15147.02,146.28,15293.3
13556,Credit Card,2167.08,86.78,2253.86
13557,PayPal,786.41,114.16,900.57
13558,Credit Card,4718.46,0.0,4718.46
13562,"Bank Transfer, Credit Card, PayPal",11396.8,390.71,11787.51
13563,Credit Card,10495.94,190.05,10685.99
13564,Bank Transfer,9117.44,0.0,9117.44
13565,Credit Card,2889.44,160.62,3050.06
13567,PayPal,786.41,123.57,909.98
13568,Credit Card,5698.4,32.01,5730.41
13569,"Credit Card, PayPal",4141.4,115.45,4256.85
13572,"Bank Transfer, PayPal",10690.26,261.36,10951.62
13573,Credit Card,2167.08,80.62,2247.7
13576,Нет завершённых покупок,0.0,0.0,0.0
13577,PayPal,4595.0,116.55,4711.55
13578,Credit Card,4720.24,45.07,4765.31
13579,"Bank Transfer, Credit Card",10063.59,260.64,10324.23
13580,PayPal,3676.0,45.88,3721.88
13582,Нет завершённых покупок,0.0,0.0,0.0
13584,Bank Transfer,4045.92,90.3,4136.22
13585,Нет завершённых покупок,0.0,0.0,0.0
13589,Bank Transfer,1378.5,43.46,1421.96
13590,PayPal,4718.46,52.15,4770.61
13592,Bank Transfer,11396.8,92.03,11488.83
13593,Credit Card,6743.2,114.63,6857.83
13595,PayPal,10801.77,330.14,11131.91
13597,Credit Card,4718.46,50.97,4769.43
13598,"Bank Transfer, PayPal",4045.92,194.52,4240.44
13599,Нет завершённых покупок,0.0,0.0,0.0
13600,Credit Card,5394.56,123.19,5517.75
13601,"Bank Transfer, Credit Card",19374.56,207.31,19581.87
13602,Нет завершённых покупок,0.0,0.0,0.0
13603,Credit Card,3145.64,31.28,3176.92
13604,PayPal,1348.64,35.2,1383.84
13606,Bank Transfer,5394.56,178.31,5572.87
13607,Нет завершённых покупок,0.0,0.0,0.0
13608,Bank Transfer,5185.6,216.65,5402.25
13609,Нет завершённых покупок,0.0,0.0,0.0
13611,Нет завершённых покупок,0.0,0.0,0.0
13612,Нет завершённых покупок,0.0,0.0,0.0
13615,Bank Transfer,2167.08,65.36,2232.44
13616,PayPal,1139.68,124.4,1264.08
13617,PayPal,722.36,233.09,955.45
13618,Bank Transfer,3676.0,76.61,3752.61
13622,PayPal,1083.54,106.28,1189.82
13624,"Bank Transfer, Credit Card",7639.92,150.12,7790.04
13625,Bank Transfer,1838.0,58.56,1896.56
13626,PayPal,1572.82,0.0,1572.82
13628,Нет завершённых покупок,0.0,0.0,0.0
13629,PayPal,4558.72,0.0,4558.72
13630,Bank Transfer,15253.16,285.61,15538.77
13631,Bank Transfer,2022.96,58.91,2081.87
13632,Нет завершённых покупок,0.0,0.0,0.0
13634,PayPal,7977.76,20.56,7998.32
13635,Credit Card,28093.28,388.11,28481.39
13636,PayPal,3932.05,143.54,4075.59
13637,Credit Card,4135.5,160.63,4296.13
13639,PayPal,3676.0,212.48,3888.48
13640,Нет завершённых покупок,0.0,0.0,0.0
13643,Credit Card,5504.87,0.0,5504.87
13644,PayPal,4720.24,93.77,4814.01
13648,Нет завершённых покупок,0.0,0.0,0.0
13650,Bank Transfer,3419.04,0.0,3419.04
13651,Нет завершённых покупок,0.0,0.0,0.0
13652,Нет завершённых покупок,0.0,0.0,0.0
13654,Credit Card,919.0,0.0,919.0
13655,PayPal,2297.5,11.44,2308.94
13657,Credit Card,6291.28,0.0,6291.28
13658,Bank Transfer,11412.23,185.79,11598.02
13660,Нет завершённых покупок,0.0,0.0,0.0
13661,PayPal,3250.62,35.16,3285.78
13662,Нет завершённых покупок,0.0,0.0,0.0
13664,Credit Card,16115.26,293.79,16409.05
13665,"Bank Transfer, Credit Card",8057.63,134.49,8192.12
13666,Bank Transfer,6291.28,99.85,6391.13
13667,Credit Card,2279.36,111.15,2390.51
13668,Нет завершённых покупок,0.0,0.0,0.0
13669,PayPal,2167.08,0.0,2167.08
13670,"Credit Card, PayPal",4983.64,252.74,5236.38
13672,Bank Transfer,6838.08,0.0,6838.08
13673,Нет завершённых покупок,0.0,0.0,0.0
13674,Нет завершённых покупок,0.0,0.0,0.0
13675,PayPal,19309.75,371.74,19681.49
13676,"Bank Transfer, Credit Card",10223.33,235.18,10458.51
13678,PayPal,4045.92,85.2,4131.12
13679,"Bank Transfer, PayPal",6828.3,0.0,6828.3
13680,Bank Transfer,4718.46,0.0,4718.46
13681,Bank Transfer,6068.88,150.63,6219.51
13682,Bank Transfer,459.5,26.46,485.96
13683,Credit Card,3162.64,61.76,3224.4
13684,Нет завершённых покупок,0.0,0.0,0.0
13685,PayPal,1348.64,111.09,1459.73
13686,"Bank Transfer, Credit Card",5669.1,144.92,5814.02
13687,Нет завершённых покупок,0.0,0.0,0.0
13689,Credit Card,4595.0,0.0,4595.0
13691,PayPal,361.18,93.83,455.01
13692,PayPal,2022.96,71.96,2094.92
13693,Bank Transfer,4718.46,58.99,4777.45
13694,PayPal,919.0,14.1,933.1
13696,Bank Transfer,7077.69,0.0,7077.69
13697,PayPal,4045.92,98.96,4144.88
13699,Bank Transfer,2359.23,213.65,2572.88
13701,Bank Transfer,361.18,81.75,442.93
13703,Bank Transfer,7882.88,112.17,7995.05
13709,Bank Transfer,7864.1,66.71,7930.81
13710,Credit Card,361.18,74.79,435.97
13711,Credit Card,6965.6,293.3,7258.9
13712,Нет завершённых покупок,0.0,0.0,0.0
13713,Bank Transfer,1444.72,174.09,1618.81
13715,Нет завершённых покупок,0.0,0.0,0.0
13718,PayPal,11632.94,577.75,12210.69
13719,Bank Transfer,722.36,33.44,755.8
13720,Bank Transfer,2279.36,169.5,2448.86
13721,"Bank Transfer, PayPal",6524.36,322.0,6846.36
13723,Bank Transfer,3154.54,189.24,3343.78
13725,PayPal,4558.72,75.48,4634.2
13726,Bank Transfer,5040.5,211.37,5251.87
13727,"Bank Transfer, PayPal",3611.8,134.49,3746.29
13728,PayPal,2889.44,0.0,2889.44
13729,"Credit Card, PayPal",2841.4,214.34,3055.74
13731,Credit Card,1378.5,175.3,1553.8
13732,Bank Transfer,7977.76,0.0,7977.76
13734,PayPal,1838.0,0.0,1838.0
13735,PayPal,786.41,0.0,786.41
13736,"Bank Transfer, Credit Card",5943.64,113.21,6056.85
13737,PayPal,3250.62,0.0,3250.62
13738,Нет завершённых покупок,0.0,0.0,0.0
13739,"Bank Transfer, PayPal",5054.5,265.42,5319.92
13740,Bank Transfer,5504.87,0.0,5504.87
13742,Credit Card,5504.87,0.0,5504.87
13743,Credit Card,2279.36,0.0,2279.36
13744,Bank Transfer,3058.46,248.83,3307.29
13746,Bank Transfer,1805.9,69.39,1875.29
13747,PayPal,5698.4,203.23,5901.63
13748,Нет завершённых покупок,0.0,0.0,0.0
13752,PayPal,13163.36,132.96,13296.32
13754,Bank Transfer,2297.5,0.0,2297.5
13755,Bank Transfer,1083.54,66.09,1149.63
13756,Credit Card,6743.2,0.0,6743.2
13759,PayPal,1838.0,164.28,2002.28
13760,Нет завершённых покупок,0.0,0.0,0.0
13761,"Bank Transfer, PayPal",4823.44,138.15,4961.59
13762,Bank Transfer,9117.44,0.0,9117.44
13763,Нет завершённых покупок,0.0,0.0,0.0
13766,"Bank Transfer, PayPal",5269.32,0.0,5269.32
13767,"Bank Transfer, Credit Card",17334.81,252.4,17587.21
13768,PayPal,1139.68,0.0,1139.68
13771,Credit Card,6588.41,187.41,6775.82
13772,PayPal,3216.5,80.46,3296.96
13773,PayPal,7977.76,124.14,8101.9
13775,Credit Card,361.18,79.56,440.74
13776,PayPal,5394.56,40.83,5435.39
13777,Credit Card,1805.9,106.05,1911.95
13778,"Bank Transfer, Credit Card",5778.88,162.25,5941.13
13779,Нет завершённых покупок,0.0,0.0,0.0
13780,Bank Transfer,2279.36,85.87,2365.23
13782,Нет завершённых покупок,0.0,0.0,0.0
13783,Credit Card,2022.96,80.89,2103.85
13784,PayPal,1838.0,12.96,1850.96
13785,Credit Card,722.36,89.17,811.53
13786,Нет завершённых покупок,0.0,0.0,0.0
13787,Bank Transfer,6743.2,28.61,6771.81
13789,PayPal,4045.92,138.16,4184.08
13792,Нет завершённых покупок,0.0,0.0,0.0
13793,Нет завершённых покупок,0.0,0.0,0.0
13794,Нет завершённых покупок,0.0,0.0,0.0
13797,Bank Transfer,24870.42,78.83,24949.25
13798,Bank Transfer,12572.76,251.46,12824.22
13800,Bank Transfer,2528.26,69.4,2597.66
13801,Credit Card,4045.92,104.64,4150.56
13802,Credit Card,10714.98,320.46,11035.44
13803,Bank Transfer,7182.67,74.62,7257.29
13804,"Bank Transfer, PayPal",7024.94,100.25,7125.19
13805,Bank Transfer,4558.72,58.08,4616.8
13806,Bank Transfer,4558.72,0.0,4558.72
13809,Нет завершённых покупок,0.0,0.0,0.0
13810,Нет завершённых покупок,0.0,0.0,0.0
13811,Credit Card,10463.22,357.8,10821.02
13812,PayPal,2697.28,0.0,2697.28
13813,PayPal,20514.24,13.61,20527.85
13815,"Bank Transfer, Credit Card",12616.35,236.31,12852.66
13818,Credit Card,6838.08,93.66,6931.74
13819,Bank Transfer,3145.64,0.0,3145.64
13820,Credit Card,7077.69,71.31,7149.0
13821,Нет завершённых покупок,0.0,0.0,0.0
13823,Bank Transfer,22617.28,230.73,22848.01
13824,Credit Card,2167.08,160.32,2327.4
13825,Credit Card,3419.04,101.94,3520.98
13826,Bank Transfer,361.18,106.49,467.67
13827,"Bank Transfer, Credit Card",13868.92,148.87,14017.79
13828,Bank Transfer,1838.0,93.67,1931.67
13829,PayPal,10257.12,154.59,10411.71
13830,Credit Card,3019.86,150.64,3170.5
13831,PayPal,1348.64,155.1,1503.74
13834,Bank Transfer,3419.04,189.11,3608.15
13836,Нет завершённых покупок,0.0,0.0,0.0
13838,Credit Card,6838.08,39.96,6878.04
13839,Нет завершённых покупок,0.0,0.0,0.0
13840,PayPal,2528.26,90.16,2618.42
13842,PayPal,786.41,132.3,918.71
13843,Bank Transfer,3932.05,55.76,3987.81
13845,Bank Transfer,3932.05,25.65,3957.7
13846,Credit Card,7864.1,97.54,7961.64
13847,Нет завершённых покупок,0.0,0.0,0.0
13848,Нет завершённых покупок,0.0,0.0,0.0
13849,Bank Transfer,3419.04,0.0,3419.04
13851,Нет завершённых покупок,0.0,0.0,0.0
13854,Bank Transfer,3932.05,0.0,3932.05
13856,PayPal,6068.88,180.33,6249.21
13857,Credit Card,5698.4,14.95,5713.35
13858,Нет завершённых покупок,0.0,0.0,0.0
13860,PayPal,2279.36,91.74,2371.1
13861,"Bank Transfer, PayPal",4503.18,313.17,4816.35
13863,Нет завершённых покупок,0.0,0.0,0.0
13865,PayPal,1348.64,0.0,1348.64
13866,Нет завершённых покупок,0.0,0.0,0.0
13868,PayPal,4135.5,0.0,4135.5
13870,Credit Card,7077.69,142.74,7220.43
13872,PayPal,459.5,39.53,499.03
13873,Credit Card,17866.6,477.96,18344.56
13876,PayPal,3145.64,123.63,3269.27
13877,PayPal,3419.04,183.59,3602.63
13878,Bank Transfer,3250.62,188.98,3439.6
13879,Credit Card,7077.69,19.42,7097.11
13880,Bank Transfer,5504.87,109.94,5614.81
13881,Bank Transfer,5477.72,219.0,5696.72
13883,Нет завершённых покупок,0.0,0.0,0.0
13885,"Bank Transfer, PayPal",2953.49,215.41,3168.9
13886,Bank Transfer,4718.46,16.3,4734.76
13887,"Credit Card, PayPal",9197.31,250.23,9447.54
13888,Credit Card,11119.36,312.61,11431.97
13889,"Bank Transfer, PayPal",2727.14,143.76,2870.9
13891,Credit Card,4720.24,130.1,4850.34
13892,Credit Card,1444.72,87.77,1532.49
13893,Credit Card,5504.87,100.79,5605.66
13894,Нет завершённых покупок,0.0,0.0,0.0
13895,Нет завершённых покупок,0.0,0.0,0.0
13897,"Bank Transfer, Credit Card",6291.28,260.9,6552.18
13898,Bank Transfer,3250.62,62.67,3313.29
13900,PayPal,4718.46,105.1,4823.56
13901,"Credit Card, PayPal",7977.76,274.26,8252.02
13904,Нет завершённых покупок,0.0,0.0,0.0
13905,Credit Card,9357.05,188.37,9545.42
13906,Credit Card,6068.88,133.35,6202.23
13907,PayPal,4595.0,98.47,4693.47
13909,PayPal,1572.82,0.0,1572.82
13914,PayPal,674.32,175.25,849.57
13917,Bank Transfer,919.0,118.42,1037.42
13918,Credit Card,3250.62,155.26,3405.88
13920,PayPal,4558.72,26.16,4584.88
13922,Credit Card,5504.87,0.0,5504.87
13923,Credit Card,13915.77,153.14,14068.91
13925,PayPal,7977.76,0.0,7977.76
13926,Credit Card,3676.0,99.44,3775.44
13928,Нет завершённых покупок,0.0,0.0,0.0
13929,PayPal,3145.64,28.49,3174.13
13930,Credit Card,10257.12,157.0,10414.12
13932,PayPal,6743.2,76.14,6819.34
13933,Bank Transfer,1572.82,0.0,1572.82
13934,"Credit Card, PayPal",1444.72,192.22,1636.94
13935,Bank Transfer,3611.8,18.35,3630.15
13937,Credit Card,2359.23,0.0,2359.23
13938,Credit Card,2889.44,0.0,2889.44
13939,PayPal,3676.0,248.2,3924.2
13940,Нет завершённых покупок,0.0,0.0,0.0
13941,"Bank Transfer, Credit Card",6229.55,64.25,6293.8
13942,PayPal,4045.92,0.0,4045.92
13943,Bank Transfer,4595.0,165.68,4760.68
13945,PayPal,3250.62,0.0,3250.62
13947,Bank Transfer,5698.4,211.92,5910.32
13948,Нет завершённых покупок,0.0,0.0,0.0
13949,Credit Card,5394.56,117.92,5512.48
13952,Credit Card,1348.64,0.0,1348.64
13953,PayPal,15072.8,61.76,15134.56
13954,Bank Transfer,3145.64,10.91,3156.55
13957,Нет завершённых покупок,0.0,0.0,0.0
13959,Нет завершённых покупок,0.0,0.0,0.0
13960,PayPal,1444.72,230.67,1675.39
13962,PayPal,459.5,159.53,619.03
13964,Credit Card,3419.04,92.8,3511.84
13965,PayPal,3419.04,63.06,3482.1
13966,PayPal,2757.0,80.25,2837.25
13968,"Bank Transfer, PayPal",10716.62,100.37,10816.99
13970,"Bank Transfer, PayPal",6478.1,140.06,6618.16
13971,Credit Card,1378.5,125.69,1504.19
13973,PayPal,4718.46,115.41,4833.87
13976,Нет завершённых покупок,0.0,0.0,0.0
13977,Нет завершённых покупок,0.0,0.0,0.0
13978,Нет завершённых покупок,0.0,0.0,0.0
13979,PayPal,4558.72,34.89,4593.61
13980,Bank Transfer,5394.56,95.47,5490.03
13981,PayPal,4558.72,71.33,4630.05
13982,Нет завершённых покупок,0.0,0.0,0.0
13983,PayPal,10225.11,242.09,10467.2
13985,Нет завершённых покупок,0.0,0.0,0.0
13989,PayPal,3250.62,149.49,3400.11
13991,"Bank Transfer, PayPal",16548.4,0.0,16548.4
13992,Credit Card,4595.0,0.0,4595.0
13994,Bank Transfer,722.36,142.76,865.12
13997,Bank Transfer,2279.36,0.0,2279.36
13998,Нет завершённых покупок,0.0,0.0,0.0
13999,PayPal,3250.62,109.63,3360.25
14000,"Bank Transfer, PayPal",9791.76,28.86,9820.62
14001,Credit Card,3932.05,90.15,4022.2
14005,PayPal,919.0,134.24,1053.24
14006,Credit Card,7977.76,0.0,7977.76
14007,PayPal,2528.26,52.87,2581.13
14009,"Bank Transfer, Credit Card",2297.5,127.84,2425.34
14010,Нет завершённых покупок,0.0,0.0,0.0
14011,PayPal,2022.96,122.77,2145.73
14012,"Bank Transfer, Credit Card",6362.14,137.91,6500.05
14013,Bank Transfer,1444.72,0.0,1444.72
14015,PayPal,786.41,86.25,872.66
14017,Нет завершённых покупок,0.0,0.0,0.0
14018,"Credit Card, PayPal",12459.1,94.05,12553.15
14019,PayPal,919.0,232.67,1151.67
14020,Credit Card,15186.32,85.97,15272.29
14021,Credit Card,5504.87,90.8,5595.67
14022,Credit Card,9117.44,0.0,9117.44
14023,PayPal,2697.28,0.0,2697.28
14025,PayPal,919.0,51.96,970.96
14026,Bank Transfer,9117.44,0.0,9117.44
14027,PayPal,3932.05,134.32,4066.37
14028,"Bank Transfer, PayPal",12422.82,178.23,12601.05
14029,"Credit Card, PayPal",5504.87,212.61,5717.48
14030,Credit Card,12728.46,164.84,12893.3
14031,Bank Transfer,12119.16,141.77,12260.93
14035,Bank Transfer,361.18,169.71,530.89
14036,PayPal,13041.6,363.08,13404.68
14038,Нет завершённых покупок,0.0,0.0,0.0
14041,Bank Transfer,10449.88,264.5,10714.38
14043,Bank Transfer,4718.46,207.65,4926.11
14045,Credit Card,12909.24,469.72,13378.96
14046,Нет завершённых покупок,0.0,0.0,0.0
14048,"Credit Card, PayPal",4502.58,0.0,4502.58
14050,Credit Card,19181.03,144.89,19325.92
14051,Credit Card,1444.72,61.74,1506.46
14052,Bank Transfer,7077.69,0.0,7077.69
14054,PayPal,17175.07,338.8,17513.87
14056,Bank Transfer,722.36,89.01,811.37
14057,Bank Transfer,3145.64,80.87,3226.51
14058,Bank Transfer,8463.0,363.72,8826.72
14059,"Bank Transfer, PayPal",11796.15,145.93,11942.08
14060,Credit Card,3419.04,0.0,3419.04
14064,Нет завершённых покупок,0.0,0.0,0.0
14065,Credit Card,9271.46,171.06,9442.52
14066,Bank Transfer,2167.08,0.0,2167.08
14067,PayPal,12075.26,459.08,12534.34
14068,PayPal,3932.05,0.0,3932.05
14069,Credit Card,2022.96,33.52,2056.48
14070,Credit Card,919.0,13.64,932.64
14073,Credit Card,3250.62,136.19,3386.81
14074,Bank Transfer,2889.44,0.0,2889.44
14078,PayPal,2889.44,47.71,2937.15
14079,Bank Transfer,9702.1,133.52,9835.62
14080,Credit Card,1139.68,83.4,1223.08
14081,Нет завершённых покупок,0.0,0.0,0.0
14084,"Bank Transfer, Credit Card, PayPal",19614.17,235.35,19849.52
14088,Bank Transfer,7934.96,329.46,8264.42
14091,PayPal,1083.54,0.0,1083.54
14095,Credit Card,1444.72,0.0,1444.72
14096,Credit Card,3145.64,143.22,3288.86
14097,Нет завершённых покупок,0.0,0.0,0.0
14099,Нет завершённых покупок,0.0,0.0,0.0
14100,Нет завершённых покупок,0.0,0.0,0.0
14102,Нет завершённых покупок,0.0,0.0,0.0
14104,Bank Transfer,4595.0,69.74,4664.74
14105,Нет завершённых покупок,0.0,0.0,0.0
14106,"Credit Card, PayPal",7864.1,0.0,7864.1
14107,Нет завершённых покупок,0.0,0.0,0.0
14108,"Bank Transfer, PayPal",13562.5,228.48,13790.98
14109,Bank Transfer,7077.69,88.36,7166.05
14110,Credit Card,722.36,154.5,876.86
14111,PayPal,1444.72,0.0,1444.72
14112,Нет завершённых покупок,0.0,0.0,0.0
14114,PayPal,2359.23,55.2,2414.43
14117,Нет завершённых покупок,0.0,0.0,0.0
14119,Credit Card,4558.72,184.19,4742.91
14121,Bank Transfer,2297.5,0.0,2297.5
14124,PayPal,7077.69,65.52,7143.21
14125,Bank Transfer,361.18,168.72,529.9
14126,"Bank Transfer, PayPal",2022.96,222.03,2244.99
14127,Credit Card,2022.96,166.16,2189.12
14128,"Bank Transfer, Credit Card",3724.08,52.25,3776.33
14131,Нет завершённых покупок,0.0,0.0,0.0
14133,Credit Card,5504.87,175.32,5680.19
14134,PayPal,3676.0,31.93,3707.93
14135,Нет завершённых покупок,0.0,0.0,0.0
14137,Нет завершённых покупок,0.0,0.0,0.0
14139,PayPal,1838.0,65.1,1903.1
14140,"Bank Transfer, PayPal",4037.03,281.06,4318.09
14141,Bank Transfer,7077.69,292.77,7370.46
14143,PayPal,722.36,82.26,804.62
14144,"Bank Transfer, Credit Card, PayPal",12939.84,176.0,13115.84
14145,Credit Card,3932.05,0.0,3932.05
14148,Credit Card,12584.34,63.5,12647.84
14149,Нет завершённых покупок,0.0,0.0,0.0
14150,Нет завершённых покупок,0.0,0.0,0.0
14151,"Bank Transfer, Credit Card",7374.82,56.46,7431.28
14152,PayPal,4718.46,64.24,4782.7
14153,PayPal,22256.72,304.5,22561.22
14154,"Bank Transfer, PayPal",10257.12,303.06,10560.18
14155,Credit Card,1838.0,0.0,1838.0
14157,PayPal,6068.88,47.16,6116.04
14158,Bank Transfer,4558.72,103.85,4662.57
14164,Credit Card,4718.46,30.3,4748.76
14166,Credit Card,674.32,145.11,819.43
14167,Нет завершённых покупок,0.0,0.0,0.0
14172,Нет завершённых покупок,0.0,0.0,0.0
14174,Credit Card,7673.92,148.7,7822.62
14175,PayPal,4595.0,10.12,4605.12
14178,Нет завершённых покупок,0.0,0.0,0.0
14179,"Bank Transfer, Credit Card",5708.32,277.09,5985.41
14181,Нет завершённых покупок,0.0,0.0,0.0
14182,Credit Card,3216.5,65.19,3281.69
14183,"Credit Card, PayPal",4656.73,187.89,4844.62
14185,PayPal,361.18,129.12,490.3
14187,Credit Card,3676.0,56.65,3732.65
14188,Нет завершённых покупок,0.0,0.0,0.0
14190,PayPal,361.18,0.0,361.18
14192,Bank Transfer,674.32,59.97,734.29
14193,PayPal,3932.05,157.73,4089.78
14194,"Bank Transfer, Credit Card",5054.5,198.44,5252.94
14195,Credit Card,3932.05,0.0,3932.05
14197,Credit Card,361.18,48.72,409.9
14199,Нет завершённых покупок,0.0,0.0,0.0
14200,Bank Transfer,13034.28,226.44,13260.72
14201,Bank Transfer,6838.08,0.0,6838.08
14202,"Credit Card, PayPal",13676.16,185.8,13861.96
14204,Нет завершённых покупок,0.0,0.0,0.0
14205,Нет завершённых покупок,0.0,0.0,0.0
14206,PayPal,2297.5,146.26,2443.76
14207,PayPal,6743.2,0.0,6743.2
14208,"Bank Transfer, PayPal",3780.82,310.88,4091.7
14209,Нет завершённых покупок,0.0,0.0,0.0
14210,"Bank Transfer, Credit Card",8652.08,205.34,8857.42
14211,Bank Transfer,5504.87,207.7,5712.57
14213,Bank Transfer,16685.42,39.87,16725.29
14214,Bank Transfer,2279.36,0.0,2279.36
14215,PayPal,7977.76,246.65,8224.41
14218,Credit Card,3932.05,0.0,3932.05
14222,Bank Transfer,12584.34,295.71,12880.05
14223,"Credit Card, PayPal",6204.26,0.0,6204.26
14224,PayPal,459.5,107.61,567.11
14225,Credit Card,722.36,43.1,765.46
14226,Нет завершённых покупок,0.0,0.0,0.0
14228,PayPal,3250.62,127.68,3378.3
14231,PayPal,7977.76,0.0,7977.76
14232,Bank Transfer,3676.0,42.32,3718.32
14233,PayPal,6291.28,0.0,6291.28
14234,Bank Transfer,3419.04,0.0,3419.04
14235,Bank Transfer,1083.54,28.92,1112.46
14236,Bank Transfer,12287.06,41.99,12329.05
14237,PayPal,1572.82,33.52,1606.34
14241,PayPal,2528.26,104.41,2632.67
14242,"Bank Transfer, PayPal",6750.78,126.48,6877.26
14244,PayPal,4045.92,0.0,4045.92
14245,PayPal,1348.64,163.32,1511.96
14247,Нет завершённых покупок,0.0,0.0,0.0
14248,Нет завершённых покупок,0.0,0.0,0.0
14249,Нет завершённых покупок,0.0,0.0,0.0
14250,Bank Transfer,3371.6,76.16,3447.76
14251,Credit Card,4045.92,78.56,4124.48
14252,Нет завершённых покупок,0.0,0.0,0.0
14253,Нет завершённых покупок,0.0,0.0,0.0
14256,PayPal,3676.0,0.0,3676.0
14259,"Credit Card, PayPal",4599.26,253.64,4852.9
14260,Нет завершённых покупок,0.0,0.0,0.0
14261,Bank Transfer,3732.78,124.44,3857.22
14264,Credit Card,12480.34,247.23,12727.57
14266,PayPal,7874.78,226.61,8101.39
14267,"Credit Card, PayPal",4366.26,195.33,4561.59
14268,Нет завершённых покупок,0.0,0.0,0.0
14269,Нет завершённых покупок,0.0,0.0,0.0
14270,Нет завершённых покупок,0.0,0.0,0.0
14271,Bank Transfer,3611.8,113.55,3725.35
14272,Нет завершённых покупок,0.0,0.0,0.0
14273,Bank Transfer,4558.72,143.34,4702.06
14274,Credit Card,4558.72,132.75,4691.47
14277,Bank Transfer,14086.58,169.15,14255.73
14278,Credit Card,1805.9,90.02,1895.92
14280,PayPal,7751.82,322.93,8074.75
14282,Нет завершённых покупок,0.0,0.0,0.0
14285,Credit Card,1572.82,44.25,1617.07
14286,"Bank Transfer, PayPal",12280.08,266.72,12546.8
14288,Нет завершённых покупок,0.0,0.0,0.0
14289,Нет завершённых покупок,0.0,0.0,0.0
14292,PayPal,1444.72,0.0,1444.72
14293,Нет завершённых покупок,0.0,0.0,0.0
14296,PayPal,2889.44,0.0,2889.44
14297,Credit Card,2279.36,68.09,2347.45
14298,Нет завершённых покупок,0.0,0.0,0.0
14301,Нет завершённых покупок,0.0,0.0,0.0
14303,PayPal,2697.28,77.63,2774.91
14304,"Bank Transfer, Credit Card",3437.18,82.65,3519.83
14305,Bank Transfer,2167.08,0.0,2167.08
14307,Нет завершённых покупок,0.0,0.0,0.0
14308,"Bank Transfer, Credit Card",5269.32,168.17,5437.49
14309,Credit Card,7977.76,106.78,8084.54
14310,Credit Card,1083.54,0.0,1083.54
14311,"Bank Transfer, Credit Card, PayPal",6362.14,0.0,6362.14
14315,Bank Transfer,11779.56,320.28,12099.84
14316,Credit Card,2359.23,131.9,2491.13
14317,Credit Card,459.5,0.0,459.5
14318,PayPal,3250.62,0.0,3250.62
14319,Bank Transfer,919.0,0.0,919.0
14320,Нет завершённых покупок,0.0,0.0,0.0
14322,"Credit Card, PayPal",6131.54,231.96,6363.5
14323,"Bank Transfer, Credit Card",5778.88,232.16,6011.04
14324,PayPal,7977.76,143.16,8120.92
14326,"Credit Card, PayPal",6396.26,69.19,6465.45
14327,Bank Transfer,6743.2,0.0,6743.2
14330,PayPal,2528.26,17.86,2546.12
14331,Bank Transfer,11228.38,119.02,11347.4
14332,Credit Card,10257.12,109.96,10367.08
14334,Нет завершённых покупок,0.0,0.0,0.0
14336,Bank Transfer,1083.54,93.1,1176.64
14338,Нет завершённых покупок,0.0,0.0,0.0
14339,PayPal,361.18,57.84,419.02
14341,"Bank Transfer, Credit Card",12536.48,306.59,12843.07
14342,Нет завершённых покупок,0.0,0.0,0.0
14343,Нет завершённых покупок,0.0,0.0,0.0
14344,Нет завершённых покупок,0.0,0.0,0.0
14345,Нет завершённых покупок,0.0,0.0,0.0
14346,Нет завершённых покупок,0.0,0.0,0.0
14347,Нет завершённых покупок,0.0,0.0,0.0
14348,"Bank Transfer, PayPal",8597.14,45.39,8642.53
14350,PayPal,1444.72,160.52,1605.24
14351,Нет завершённых покупок,0.0,0.0,0.0
14352,Bank Transfer,9117.44,23.74,9141.18
14354,PayPal,6838.08,177.28,7015.36
14356,PayPal,4595.0,80.6,4675.6
14359,Credit Card,16397.18,336.39,16733.57
14360,Bank Transfer,1805.9,124.84,1930.74
14361,Нет завершённых покупок,0.0,0.0,0.0
14364,"Credit Card, PayPal",8825.88,223.6,9049.48
14365,Нет завершённых покупок,0.0,0.0,0.0
14366,Нет завершённых покупок,0.0,0.0,0.0
14368,Bank Transfer,5477.72,198.04,5675.76
14369,Нет завершённых покупок,0.0,0.0,0.0
14370,Credit Card,2297.5,0.0,2297.5
14373,PayPal,3371.6,160.21,3531.81
14374,PayPal,10223.33,98.89,10322.22
14375,Credit Card,1805.9,55.73,1861.63
14376,"Credit Card, PayPal",7079.47,11.4,7090.87
14377,Bank Transfer,674.32,31.81,706.13
14378,Bank Transfer,722.36,78.78,801.14
14379,Нет завершённых покупок,0.0,0.0,0.0
14380,PayPal,4045.92,231.31,4277.23
14381,Credit Card,7864.1,0.0,7864.1
14383,Bank Transfer,5698.4,0.0,5698.4
14387,Нет завершённых покупок,0.0,0.0,0.0
14388,PayPal,2528.26,85.73,2613.99
14389,Credit Card,15248.98,322.42,15571.4
14390,"Bank Transfer, Credit Card",3058.46,216.37,3274.83
14391,"Credit Card, PayPal",5449.8,91.88,5541.68
14392,Credit Card,2022.96,106.93,2129.89
14399,Credit Card,4595.0,176.81,4771.81
14401,Нет завершённых покупок,0.0,0.0,0.0
14402,Bank Transfer,6757.44,133.98,6891.42
14405,PayPal,2297.5,81.3,2378.8
14406,Bank Transfer,1444.72,137.15,1581.87
14409,Bank Transfer,1139.68,145.79,1285.47
14410,Credit Card,1378.5,0.0,1378.5
14412,"Bank Transfer, Credit Card, PayPal",4085.26,283.62,4368.88
14413,Нет завершённых покупок,0.0,0.0,0.0
14414,PayPal,2528.26,128.68,2656.94
14415,Bank Transfer,3371.6,150.28,3521.88
14416,Bank Transfer,2889.44,186.12,3075.56
14417,PayPal,7864.1,0.0,7864.1
14420,Credit Card,2100.86,130.35,2231.21
14421,Credit Card,6838.08,165.06,7003.14
14422,Credit Card,21390.62,316.69,21707.31
14424,PayPal,13486.4,221.64,13708.04
14425,Нет завершённых покупок,0.0,0.0,0.0
14427,PayPal,3419.04,190.53,3609.57
14428,PayPal,3932.05,105.28,4037.33
14429,Credit Card,3145.64,53.7,3199.34
14431,"Credit Card, PayPal",13835.9,287.66,14123.56
14432,Нет завершённых покупок,0.0,0.0,0.0
14435,Credit Card,3216.5,42.51,3259.01
14436,Credit Card,24912.42,102.31,25014.73
14437,Нет завершённых покупок,0.0,0.0,0.0
14438,PayPal,2757.0,74.27,2831.27
14439,Bank Transfer,2022.96,136.37,2159.33
14440,Credit Card,4718.46,106.95,4825.41
14445,Credit Card,10257.12,90.84,10347.96
14447,PayPal,2889.44,177.2,3066.64
14448,PayPal,2279.36,146.19,2425.55
14449,Нет завершённых покупок,0.0,0.0,0.0
14450,PayPal,3145.64,0.0,3145.64
14452,Credit Card,1508.77,129.58,1638.35
14455,PayPal,361.18,0.0,361.18
14457,PayPal,919.0,66.59,985.59
14460,Нет завершённых покупок,0.0,0.0,0.0
14462,Нет завершённых покупок,0.0,0.0,0.0
14463,PayPal,10850.0,255.09,11105.09
14464,Bank Transfer,919.0,142.65,1061.65
14465,"Credit Card, PayPal",12095.12,0.0,12095.12
14466,Нет завершённых покупок,0.0,0.0,0.0
14469,Bank Transfer,6838.08,127.5,6965.58
14470,Нет завершённых покупок,0.0,0.0,0.0
14472,PayPal,4718.46,175.7,4894.16
14474,Credit Card,5698.4,84.47,5782.87
14475,Credit Card,6291.28,0.0,6291.28
14476,Bank Transfer,3145.64,130.21,3275.85
14479,Нет завершённых покупок,0.0,0.0,0.0
14481,Bank Transfer,4558.72,68.51,4627.23
14482,Credit Card,1838.0,0.0,1838.0
14483,Нет завершённых покупок,0.0,0.0,0.0
14484,Нет завершённых покупок,0.0,0.0,0.0
14485,Bank Transfer,2297.5,0.0,2297.5
14487,Credit Card,1348.64,0.0,1348.64
14489,Credit Card,1805.9,66.39,1872.29
14490,Credit Card,5956.0,186.07,6142.07
14491,PayPal,2697.28,0.0,2697.28
14492,Credit Card,3216.5,183.77,3400.27
14493,Bank Transfer,2359.23,155.29,2514.52
14495,Нет завершённых покупок,0.0,0.0,0.0
14496,PayPal,10257.12,0.0,10257.12
14497,Bank Transfer,16444.03,187.61,16631.64
14500,PayPal,1083.54,0.0,1083.54
14502,Credit Card,2528.26,119.38,2647.64
14503,"Bank Transfer, Credit Card",7123.26,0.0,7123.26
14506,Bank Transfer,1083.54,11.56,1095.1
14507,"Bank Transfer, Credit Card",7930.32,311.68,8242.0
14508,PayPal,1083.54,0.0,1083.54
14509,Нет завершённых покупок,0.0,0.0,0.0
14510,PayPal,2167.08,191.69,2358.77
14512,Нет завершённых покупок,0.0,0.0,0.0
14513,PayPal,1444.72,90.65,1535.37
14515,PayPal,2528.26,31.85,2560.11
14517,Нет завершённых покупок,0.0,0.0,0.0
14519,"Bank Transfer, PayPal",9242.6,212.35,9454.95
14520,"Bank Transfer, Credit Card",8755.49,268.78,9024.27
14521,PayPal,6743.2,212.55,6955.75
14522,Bank Transfer,2528.26,77.84,2606.1
14523,Нет завершённых покупок,0.0,0.0,0.0
14524,"Bank Transfer, Credit Card",4789.32,188.91,4978.23
14527,Credit Card,1378.5,51.9,1430.4
14529,Credit Card,786.41,174.37,960.78
14530,Bank Transfer,2528.26,0.0,2528.26
14532,Credit Card,786.41,0.0,786.41
14534,Нет завершённых покупок,0.0,0.0,0.0
14535,PayPal,2889.44,79.04,2968.48
14539,"Bank Transfer, PayPal",12582.56,293.68,12876.24
14541,Нет завершённых покупок,0.0,0.0,0.0
14542,PayPal,3676.0,200.09,3876.09
14544,Credit Card,786.41,146.11,932.52
14545,Bank Transfer,2279.36,151.64,2431.0
14547,"Bank Transfer, PayPal",9003.78,0.0,9003.78
14549,PayPal,1348.64,243.29,1591.93
14550,Credit Card,2297.5,0.0,2297.5
14552,"Credit Card, PayPal",8650.51,38.15,8688.66
14553,PayPal,3145.64,127.73,3273.37
14556,Credit Card,4720.24,0.0,4720.24
14557,Нет завершённых покупок,0.0,0.0,0.0
14558,Credit Card,4045.92,58.33,4104.25
14559,Bank Transfer,2022.96,244.58,2267.54
14560,PayPal,5698.4,96.54,5794.94
14563,"Credit Card, PayPal",5495.86,105.21,5601.07
14567,Bank Transfer,3676.0,80.04,3756.04
14569,Нет завершённых покупок,0.0,0.0,0.0
14570,PayPal,6743.2,88.5,6831.7
14572,Нет завершённых покупок,0.0,0.0,0.0
14573,Credit Card,3216.5,0.0,3216.5
14574,PayPal,3676.0,65.42,3741.42
14576,PayPal,5843.08,133.08,5976.16
14577,Bank Transfer,2697.28,77.49,2774.77
14579,Bank Transfer,12698.0,242.49,12940.49
14580,Нет завершённых покупок,0.0,0.0,0.0
14582,Credit Card,21509.82,71.99,21581.81
14583,Credit Card,15125.06,296.79,15421.85
14586,PayPal,1838.0,56.47,1894.47
14587,Credit Card,3216.5,27.31,3243.81
14588,Bank Transfer,3419.04,148.11,3567.15
14593,Нет завершённых покупок,0.0,0.0,0.0
14594,Bank Transfer,3216.5,128.58,3345.08
14595,PayPal,459.5,0.0,459.5
14596,Нет завершённых покупок,0.0,0.0,0.0
14597,Нет завершённых покупок,0.0,0.0,0.0
14598,"Bank Transfer, Credit Card",4158.01,91.82,4249.83
14599,"Bank Transfer, Credit Card",5851.82,174.22,6026.04
14606,"Bank Transfer, PayPal",11414.94,252.13,11667.07
14607,PayPal,4558.72,99.3,4658.02
14608,Bank Transfer,1805.9,0.0,1805.9
14609,Нет завершённых покупок,0.0,0.0,0.0
14610,Bank Transfer,2889.44,0.0,2889.44
14611,Нет завершённых покупок,0.0,0.0,0.0
14612,Credit Card,4334.16,87.07,4421.23
14614,Credit Card,2297.5,43.66,2341.16
14618,Credit Card,361.18,84.74,445.92
14619,Credit Card,11396.8,0.0,11396.8
14620,Credit Card,12969.62,383.6,13353.22
14622,Нет завершённых покупок,0.0,0.0,0.0
14623,Bank Transfer,3676.0,265.09,3941.09
14627,PayPal,5504.87,0.0,5504.87
14628,Credit Card,4135.5,0.0,4135.5
14629,Bank Transfer,2279.36,28.76,2308.12
14630,"Bank Transfer, PayPal",6167.82,168.92,6336.74
14632,PayPal,6585.86,320.0,6905.86
14633,"Credit Card, PayPal",3198.36,153.55,3351.91
14634,Credit Card,10257.12,97.65,10354.77
14635,"Bank Transfer, Credit Card",17000.32,37.3,17037.62
14636,Bank Transfer,786.41,166.24,952.65
14637,Bank Transfer,2757.0,91.52,2848.52
14639,Нет завершённых покупок,0.0,0.0,0.0
14640,"Bank Transfer, Credit Card",4629.12,102.43,4731.55
14641,"Bank Transfer, PayPal",13146.57,268.8,13415.37
14642,Bank Transfer,8883.59,127.85,9011.44
14644,"Bank Transfer, Credit Card",3732.78,106.44,3839.22
14645,Bank Transfer,8263.58,350.21,8613.79
14646,PayPal,9436.92,382.19,9819.11
14647,Credit Card,10355.0,131.31,10486.31
14648,Credit Card,3145.64,123.23,3268.87
14649,PayPal,4595.0,0.0,4595.0
14651,Credit Card,786.41,72.36,858.77
14653,Credit Card,2167.08,0.0,2167.08
14654,Credit Card,361.18,112.73,473.91
14655,Credit Card,1805.9,63.32,1869.22
14656,Нет завершённых покупок,0.0,0.0,0.0
14657,Credit Card,1805.9,0.0,1805.9
14661,Bank Transfer,1139.68,113.58,1253.26
14662,Нет завершённых покупок,0.0,0.0,0.0
14664,Bank Transfer,3216.5,169.44,3385.94
14666,Нет завершённых покупок,0.0,0.0,0.0
14668,Bank Transfer,2528.26,0.0,2528.26
14669,Credit Card,4320.46,271.83,4592.29
14670,"Bank Transfer, Credit Card",7465.56,101.37,7566.93
14673,"Bank Transfer, Credit Card",5734.68,137.4,5872.08
14674,Credit Card,919.0,85.13,1004.13
14675,Credit Card,2757.0,154.72,2911.72
14676,Нет завершённых покупок,0.0,0.0,0.0
14677,Нет завершённых покупок,0.0,0.0,0.0
14678,Нет завершённых покупок,0.0,0.0,0.0
14681,Credit Card,11874.44,90.12,11964.56
14682,"Bank Transfer, PayPal",3216.5,0.0,3216.5
14683,Bank Transfer,2279.36,139.27,2418.63
14686,"Bank Transfer, Credit Card",11213.19,247.81,11461.0
14687,Credit Card,3216.5,27.38,3243.88
14688,"Credit Card, PayPal",7607.9,235.4,7843.3
14689,Bank Transfer,3932.05,145.07,4077.12
14690,Credit Card,3932.05,0.0,3932.05
14691,"Bank Transfer, Credit Card",7352.0,239.44,7591.44
14693,Credit Card,3932.05,82.81,4014.86
14695,PayPal,3932.05,0.0,3932.05
14696,Credit Card,4135.5,12.02,4147.52
14697,"Credit Card, PayPal",12422.82,85.48,12508.3
14702,Credit Card,2697.28,0.0,2697.28
14703,Credit Card,4135.5,163.3,4298.8
14704,"Bank Transfer, PayPal",7200.46,263.79,7464.25
14705,Credit Card,7864.1,0.0,7864.1
14706,PayPal,4595.0,0.0,4595.0
14710,PayPal,6035.08,171.97,6207.05
14711,"Bank Transfer, Credit Card, PayPal",9685.16,206.63,9891.79
14712,Bank Transfer,3611.8,0.0,3611.8
14714,Bank Transfer,9117.44,0.0,9117.44
14715,Bank Transfer,3250.62,84.1,3334.72
14716,Credit Card,361.18,212.91,574.09
14717,PayPal,12729.24,143.47,12872.71
14724,PayPal,3371.6,149.32,3520.92
14725,Bank Transfer,4595.0,40.21,4635.21
14726,PayPal,2697.28,106.49,2803.77
14727,Нет завершённых покупок,0.0,0.0,0.0
14729,Нет завершённых покупок,0.0,0.0,0.0
14731,Bank Transfer,6068.88,0.0,6068.88
14732,Нет завершённых покупок,0.0,0.0,0.0
14733,Credit Card,7529.61,220.71,7750.32
14737,Нет завершённых покупок,0.0,0.0,0.0
14738,Credit Card,2757.0,49.63,2806.63
14739,PayPal,1378.5,95.26,1473.76
14740,PayPal,14350.48,246.62,14597.1
14741,Нет завершённых покупок,0.0,0.0,0.0
14742,PayPal,7977.76,83.14,8060.9
14743,Bank Transfer,1378.5,55.61,1434.11
14744,Credit Card,674.32,207.89,882.21
14745,PayPal,919.0,0.0,919.0
14746,Credit Card,919.0,52.12,971.12
14747,Нет завершённых покупок,0.0,0.0,0.0
14749,Credit Card,2697.28,158.52,2855.8
14751,"Bank Transfer, PayPal",8151.56,241.5,8393.06
14753,Нет завершённых покупок,0.0,0.0,0.0
14757,PayPal,5698.4,178.55,5876.95
14760,"Bank Transfer, PayPal",5273.58,79.08,5352.66
14761,Credit Card,2359.23,98.32,2457.55
14763,PayPal,5394.56,0.0,5394.56
14765,Credit Card,2167.08,168.51,2335.59
14766,Credit Card,4135.5,76.14,4211.64
14767,Bank Transfer,1378.5,0.0,1378.5
14768,Credit Card,6405.15,0.0,6405.15
14770,PayPal,7977.76,0.0,7977.76
14771,Credit Card,1805.9,82.87,1888.77
14772,Нет завершённых покупок,0.0,0.0,0.0
14774,Нет завершённых покупок,0.0,0.0,0.0
14775,Credit Card,2889.44,0.0,2889.44
14777,Credit Card,1083.54,119.02,1202.56
14779,Bank Transfer,2757.0,0.0,2757.0
14780,Credit Card,14977.36,214.91,15192.27
14782,"Bank Transfer, Credit Card",13368.97,0.0,13368.97
14783,Нет завершённых покупок,0.0,0.0,0.0
14784,PayPal,3419.04,0.0,3419.04
14785,PayPal,1805.9,0.0,1805.9
14786,Нет завершённых покупок,0.0,0.0,0.0
14787,Bank Transfer,2359.23,76.3,2435.53
14788,Нет завершённых покупок,0.0,0.0,0.0
14789,Нет завершённых покупок,0.0,0.0,0.0
14790,Нет завершённых покупок,0.0,0.0,0.0
14791,Bank Transfer,2297.5,126.48,2423.98
14793,Нет завершённых покупок,0.0,0.0,0.0
14795,Нет завершённых покупок,0.0,0.0,0.0
14796,Bank Transfer,674.32,75.05,749.37
14797,"Bank Transfer, PayPal",2231.13,154.2,2385.33
14798,PayPal,1572.82,102.95,1675.77
14800,Credit Card,786.41,0.0,786.41
14803,Credit Card,3676.0,59.94,3735.94
14804,Bank Transfer,1348.64,0.0,1348.64
14805,PayPal,9514.9,138.58,9653.48
14808,Bank Transfer,3250.62,173.31,3423.93
14809,PayPal,674.32,185.16,859.48
14810,Bank Transfer,4558.72,156.4,4715.12
14812,PayPal,3419.04,57.73,3476.77
14814,Bank Transfer,6478.1,259.15,6737.25
14815,PayPal,8394.46,209.98,8604.44
14816,Bank Transfer,2757.0,77.59,2834.59
14818,Credit Card,7977.76,26.8,8004.56
14819,"Credit Card, PayPal",2528.26,257.59,2785.85
14820,Нет завершённых покупок,0.0,0.0,0.0
14821,Credit Card,5504.87,40.77,5545.64
14823,Credit Card,2528.26,151.44,2679.7
14824,Credit Card,3676.0,114.2,3790.2
14825,Bank Transfer,7864.1,70.99,7935.09
14826,Нет завершённых покупок,0.0,0.0,0.0
14827,Bank Transfer,2889.44,0.0,2889.44
14828,PayPal,361.18,53.9,415.08
14831,"Bank Transfer, Credit Card",9440.48,201.45,9641.93
14832,Credit Card,8835.82,303.42,9139.24
14833,Нет завершённых покупок,0.0,0.0,0.0
14834,Bank Transfer,674.32,162.64,836.96
14835,Credit Card,674.32,0.0,674.32
14836,Нет завершённых покупок,0.0,0.0,0.0
14837,Нет завершённых покупок,0.0,0.0,0.0
14838,Bank Transfer,3611.8,0.0,3611.8
14840,"Bank Transfer, PayPal",10787.34,257.56,11044.9
14843,Нет завершённых покупок,0.0,0.0,0.0
14844,Credit Card,2528.26,121.54,2649.8
14845,"Bank Transfer, Credit Card",7775.22,108.59,7883.81
14846,PayPal,3250.62,94.12,3344.74
14849,PayPal,4135.5,0.0,4135.5
14850,Нет завершённых покупок,0.0,0.0,0.0
14851,"Bank Transfer, Credit Card, PayPal",13693.37,233.21,13926.58
14853,PayPal,786.41,37.82,824.23
14855,Bank Transfer,3932.05,42.91,3974.96
14856,PayPal,7077.69,49.04,7126.73
14858,Нет завершённых покупок,0.0,0.0,0.0
14859,PayPal,5283.09,17.69,5300.78
14861,"Credit Card, PayPal",10449.88,198.63,10648.51
14862,Нет завершённых покупок,0.0,0.0,0.0
14863,Credit Card,1083.54,75.53,1159.07
14865,Credit Card,7202.7,156.83,7359.53
14866,Credit Card,2297.5,52.7,2350.2
14868,PayPal,3371.6,93.73,3465.33
14872,Bank Transfer,1444.72,109.86,1554.58
14874,Нет завершённых покупок,0.0,0.0,0.0
14877,Нет завершённых покупок,0.0,0.0,0.0
14878,Нет завершённых покупок,0.0,0.0,0.0
14879,Credit Card,5471.86,247.93,5719.79
14882,Нет завершённых покупок,0.0,0.0,0.0
14884,"Bank Transfer, Credit Card",7246.72,194.54,7441.26
14885,"Credit Card, PayPal",2697.28,260.24,2957.52
14886,"Bank Transfer, Credit Card",9834.69,194.4,10029.09
14887,PayPal,3676.0,0.0,3676.0
14888,Bank Transfer,2889.44,109.97,2999.41
14889,PayPal,6291.28,57.16,6348.44
14890,Нет завершённых покупок,0.0,0.0,0.0
14891,Credit Card,4595.0,125.1,4720.1
14892,Bank Transfer,4718.46,39.84,4758.3
14893,PayPal,459.5,73.77,533.27
14894,Bank Transfer,2818.73,288.71,3107.44
14895,PayPal,3419.04,96.89,3515.93
14899,Bank Transfer,5838.9,124.52,5963.42
14900,Нет завершённых покупок,0.0,0.0,0.0
14901,PayPal,919.0,98.55,1017.55
14902,PayPal,1805.9,0.0,1805.9
14904,PayPal,10257.12,49.97,10307.09
14906,"Bank Transfer, PayPal",7512.4,165.81,7678.21
14908,PayPal,6291.28,17.23,6308.51
14910,PayPal,7077.69,60.38,7138.07
14911,Нет завершённых покупок,0.0,0.0,0.0
14912,Credit Card,786.41,64.02,850.43
14913,PayPal,5698.4,120.77,5819.17
14914,PayPal,4045.92,0.0,4045.92
14916,PayPal,459.5,0.0,459.5
14919,Bank Transfer,4135.5,78.97,4214.47
14920,PayPal,4135.5,0.0,4135.5
14925,Bank Transfer,2697.28,14.46,2711.74
14926,Bank Transfer,5394.56,69.43,5463.99
14927,Нет завершённых покупок,0.0,0.0,0.0
14929,PayPal,674.32,0.0,674.32
14930,Нет завершённых покупок,0.0,0.0,0.0
14933,PayPal,7864.1,21.54,7885.64
14934,Bank Transfer,5504.87,110.79,5615.66
14935,Нет завершённых покупок,0.0,0.0,0.0
14937,PayPal,2297.5,0.0,2297.5
14938,Credit Card,6983.4,213.39,7196.79
14939,Нет завершённых покупок,0.0,0.0,0.0
14940,"Credit Card, PayPal",2265.4,261.07,2526.47
14942,PayPal,3419.04,65.93,3484.97
14944,Bank Transfer,3431.32,42.97,3474.29
14945,Нет завершённых покупок,0.0,0.0,0.0
14947,PayPal,1348.64,204.66,1553.3
14948,Credit Card,2889.44,0.0,2889.44
14950,PayPal,4720.24,0.0,4720.24
14952,Credit Card,9117.44,0.0,9117.44
14953,PayPal,3828.86,347.37,4176.23
14954,Credit Card,4595.0,73.05,4668.05
14955,PayPal,9117.44,14.99,9132.43
14956,Bank Transfer,2167.08,127.52,2294.6
14957,Bank Transfer,3611.8,32.69,3644.49
14959,Credit Card,4135.5,100.58,4236.08
14960,Bank Transfer,15731.55,38.24,15769.79
14961,Нет завершённых покупок,0.0,0.0,0.0
14967,PayPal,674.32,59.17,733.49
14968,Bank Transfer,1444.72,82.31,1527.03
14969,Bank Transfer,11396.8,0.0,11396.8
14971,PayPal,4595.0,145.64,4740.64
14973,PayPal,1572.82,0.0,1572.82
14975,PayPal,1083.54,168.42,1251.96
14976,Нет завершённых покупок,0.0,0.0,0.0
14977,"Bank Transfer, PayPal",13139.46,386.62,13526.08
14978,Нет завершённых покупок,0.0,0.0,0.0
14981,Bank Transfer,1139.68,75.29,1214.97
14983,"Bank Transfer, PayPal",11909.81,27.64,11937.45
14984,Bank Transfer,2167.08,259.73,2426.81
14988,Нет завершённых покупок,0.0,0.0,0.0
14989,PayPal,4595.0,169.92,4764.92
14990,Нет завершённых покупок,0.0,0.0,0.0
14991,Нет завершённых покупок,0.0,0.0,0.0
14992,"Bank Transfer, PayPal",10223.33,0.0,10223.33
14994,Credit Card,8067.55,231.61,8299.16
14996,Credit Card,4045.92,194.16,4240.08
14999,Нет завершённых покупок,0.0,0.0,0.0
15000,Bank Transfer,8151.56,341.15,8492.71
15001,Нет завершённых покупок,0.0,0.0,0.0
15002,Bank Transfer,361.18,0.0,361.18
15004,Bank Transfer,2167.08,235.78,2402.86
15006,Нет завершённых покупок,0.0,0.0,0.0
15007,Credit Card,3611.8,0.0,3611.8
15008,Нет завершённых покупок,0.0,0.0,0.0
15010,Credit Card,2889.44,167.37,3056.81
15012,Credit Card,7864.1,81.57,7945.67
15013,Bank Transfer,2528.26,13.05,2541.31
15015,PayPal,6838.08,86.19,6924.27
15017,PayPal,459.5,248.88,708.38
15018,PayPal,459.5,154.53,614.03
15019,Credit Card,3250.62,55.44,3306.06
15020,Credit Card,9102.43,194.88,9297.31
15022,PayPal,7865.88,204.54,8070.42
15024,PayPal,1838.0,159.38,1997.38
15025,Нет завершённых покупок,0.0,0.0,0.0
15027,Credit Card,1139.68,100.03,1239.71
15028,"Bank Transfer, Credit Card",5129.46,400.02,5529.48
15031,Credit Card,6581.68,111.79,6693.47
15032,PayPal,674.32,123.21,797.53
15033,Credit Card,12227.34,278.49,12505.83
15036,Credit Card,5394.56,33.86,5428.42
15037,"Bank Transfer, Credit Card",6302.58,114.38,6416.96
15038,PayPal,5678.54,0.0,5678.54
15039,Credit Card,2697.28,172.57,2869.85
15040,Credit Card,3932.05,0.0,3932.05
15041,Нет завершённых покупок,0.0,0.0,0.0
15042,Нет завершённых покупок,0.0,0.0,0.0
15043,Credit Card,674.32,56.5,730.82
15044,PayPal,4045.92,75.43,4121.35
15045,Bank Transfer,4558.72,0.0,4558.72
15046,Credit Card,3676.0,14.23,3690.23
15049,Bank Transfer,2697.28,114.38,2811.66
15051,Credit Card,2022.96,0.0,2022.96
15053,Credit Card,4135.5,0.0,4135.5
15054,PayPal,2002.54,222.59,2225.13
15055,Credit Card,2022.96,173.99,2196.95
15056,Нет завершённых покупок,0.0,0.0,0.0
15058,Bank Transfer,4944.42,198.07,5142.49
15059,Credit Card,1083.54,42.49,1126.03
15060,Нет завершённых покупок,0.0,0.0,0.0
15065,PayPal,7864.1,75.03,7939.13
15067,Bank Transfer,10257.12,74.69,10331.81
15068,Bank Transfer,1083.54,0.0,1083.54
15070,"Credit Card, PayPal",3447.26,132.53,3579.79
15071,Bank Transfer,2022.96,36.84,2059.8
15074,Bank Transfer,4135.5,0.0,4135.5
15075,Credit Card,2889.44,94.14,2983.58
15076,Bank Transfer,3145.64,141.94,3287.58
15078,Credit Card,786.41,98.01,884.42
15079,Bank Transfer,10257.12,72.24,10329.36
15080,Нет завершённых покупок,0.0,0.0,0.0
15083,PayPal,9680.68,199.47,9880.15
15087,Нет завершённых покупок,0.0,0.0,0.0
15088,Bank Transfer,5394.56,0.0,5394.56
15089,Нет завершённых покупок,0.0,0.0,0.0
15091,PayPal,9117.44,0.0,9117.44
15092,PayPal,1572.82,90.63,1663.45
15093,Нет завершённых покупок,0.0,0.0,0.0
15096,PayPal,2359.23,0.0,2359.23
15098,Credit Card,2167.08,0.0,2167.08
15100,PayPal,2697.28,129.08,2826.36
15103,Credit Card,3145.64,168.72,3314.36
15106,Credit Card,6838.08,62.06,6900.14
15107,Bank Transfer,2359.23,0.0,2359.23
15113,Bank Transfer,7864.1,211.74,8075.84
15114,"Bank Transfer, PayPal",8604.64,41.83,8646.47
15115,PayPal,4851.05,143.39,4994.44
15116,"Credit Card, PayPal",10449.88,159.37,10609.25
15117,"Bank Transfer, PayPal",9070.56,257.34,9327.9
15119,PayPal,2528.26,44.86,2573.12
15123,Bank Transfer,9117.44,0.0,9117.44
15125,"Bank Transfer, PayPal",6420.76,49.06,6469.82
15127,Bank Transfer,7977.76,0.0,7977.76
15128,Нет завершённых покупок,0.0,0.0,0.0
15131,Credit Card,4595.0,111.88,4706.88
15132,Нет завершённых покупок,0.0,0.0,0.0
15133,Credit Card,4595.0,0.0,4595.0
15137,Bank Transfer,4720.24,132.07,4852.31
15138,"Bank Transfer, Credit Card",10143.46,0.0,10143.46
15139,PayPal,2279.36,0.0,2279.36
15140,PayPal,13868.92,148.81,14017.73
15141,Credit Card,8216.58,65.97,8282.55
15142,PayPal,3250.62,19.84,3270.46
15143,Bank Transfer,7864.1,52.62,7916.72
15144,Нет завершённых покупок,0.0,0.0,0.0
15145,"Bank Transfer, PayPal",11757.98,56.86,11814.84
15146,PayPal,2359.23,74.73,2433.96
15147,Bank Transfer,1805.9,88.48,1894.38
15148,Нет завершённых покупок,0.0,0.0,0.0
15150,Bank Transfer,722.36,192.63,914.99
15151,Credit Card,7977.76,119.75,8097.51
15154,PayPal,2167.08,70.56,2237.64
15155,"Credit Card, PayPal",7465.56,254.92,7720.48
15156,Credit Card,4045.92,25.82,4071.74
15157,Credit Card,9727.52,0.0,9727.52
15159,Credit Card,4045.92,82.66,4128.58
15160,PayPal,2697.28,11.09,2708.37
15162,Bank Transfer,6743.2,140.05,6883.25
15164,PayPal,2297.5,0.0,2297.5
15166,PayPal,8650.51,243.91,8894.42
15167,Bank Transfer,1805.9,57.33,1863.23
15168,Bank Transfer,6068.88,99.35,6168.23
15169,"Bank Transfer, Credit Card, PayPal",12488.25,130.64,12618.89
15171,Bank Transfer,6838.08,118.49,6956.57
15172,Bank Transfer,722.36,74.18,796.54
15174,PayPal,1572.82,143.15,1715.97
15175,Credit Card,3250.62,17.22,3267.84
15176,Нет завершённых покупок,0.0,0.0,0.0
15177,Credit Card,1572.82,0.0,1572.82
15178,Credit Card,9117.44,103.23,9220.67
15180,Bank Transfer,5504.87,104.27,5609.14
15181,PayPal,3371.6,0.0,3371.6
15183,Credit Card,361.18,49.73,410.91
15184,Bank Transfer,2279.36,74.51,2353.87
15185,Credit Card,1139.68,128.6,1268.28
15187,"Credit Card, PayPal",7811.5,101.68,7913.18
15190,Bank Transfer,6838.08,138.37,6976.45
15192,Нет завершённых покупок,0.0,0.0,0.0
15193,PayPal,4720.24,0.0,4720.24
15194,Bank Transfer,674.32,99.77,774.09
15195,"Bank Transfer, Credit Card",8395.68,236.75,8632.43
15196,"Bank Transfer, Credit Card",5698.4,423.61,6122.01
15198,PayPal,361.18,34.57,395.75
15200,Bank Transfer,2757.0,212.69,2969.69
15201,Bank Transfer,10233.68,267.43,10501.11
15203,"Bank Transfer, Credit Card",4991.86,377.87,5369.73
15204,Bank Transfer,3145.64,198.94,3344.58
15206,"Bank Transfer, PayPal",3198.36,95.99,3294.35
15207,PayPal,5442.0,177.9,5619.9
15208,Bank Transfer,6743.2,54.72,6797.92
15209,Bank Transfer,4595.0,0.0,4595.0
15210,"Bank Transfer, Credit Card",14392.62,87.71,14480.33
15211,Bank Transfer,4595.0,35.33,4630.33
15212,PayPal,1572.82,93.82,1666.64
15213,PayPal,1378.5,0.0,1378.5
15216,Bank Transfer,722.36,200.57,922.93
15217,Нет завершённых покупок,0.0,0.0,0.0
15218,"Bank Transfer, Credit Card",11433.08,276.82,11709.9
15219,PayPal,2167.08,91.01,2258.09
15221,Нет завершённых покупок,0.0,0.0,0.0
15224,Credit Card,1444.72,0.0,1444.72
15225,Bank Transfer,6068.88,189.97,6258.85
15226,PayPal,674.32,81.48,755.8
15227,PayPal,3739.9,144.26,3884.16
15229,"Credit Card, PayPal",10675.04,304.54,10979.58
15230,PayPal,1444.72,71.02,1515.74
15231,PayPal,5394.56,177.3,5571.86
15232,PayPal,7077.46,209.71,7287.17
15234,Bank Transfer,12489.04,140.05,12629.09
15237,Bank Transfer,3216.5,0.0,3216.5
15238,"Bank Transfer, Credit Card",5015.59,179.46,5195.05
15241,Bank Transfer,1572.82,223.3,1796.12
15242,"Bank Transfer, Credit Card",1444.72,153.62,1598.34
15243,PayPal,1572.82,84.69,1657.51
15244,Credit Card,13835.9,0.0,13835.9
15245,"Bank Transfer, PayPal",3676.0,328.55,4004.55
15247,Bank Transfer,2279.36,73.55,2352.91
15248,PayPal,2697.28,135.1,2832.38
15249,Bank Transfer,1378.5,96.31,1474.81
15251,Bank Transfer,3932.05,143.58,4075.63
15253,"Bank Transfer, PayPal",6954.23,151.16,7105.39
15254,PayPal,1348.64,128.93,1477.57
15255,PayPal,6291.28,71.07,6362.35
15258,Bank Transfer,1083.54,134.69,1218.23
15259,Credit Card,13368.97,136.86,13505.83
15260,Bank Transfer,12397.22,94.37,12491.59
15262,PayPal,2889.44,0.0,2889.44
15264,PayPal,9277.18,276.22,9553.4
15265,Bank Transfer,2297.5,158.72,2456.22
15266,PayPal,2528.26,135.8,2664.06
15267,Credit Card,2889.44,119.67,3009.11
15268,Credit Card,3932.05,67.18,3999.23
15269,Credit Card,7977.76,152.31,8130.07
15270,Bank Transfer,5698.4,204.8,5903.2
15271,Нет завершённых покупок,0.0,0.0,0.0
15273,Нет завершённых покупок,0.0,0.0,0.0
15276,Нет завершённых покупок,0.0,0.0,0.0
15278,Bank Transfer,2757.0,59.48,2816.48
15280,"Bank Transfer, PayPal",11123.61,198.42,11322.03
15281,Нет завершённых покупок,0.0,0.0,0.0
15285,Нет завершённых покупок,0.0,0.0,0.0
15286,Нет завершённых покупок,0.0,0.0,0.0
15287,PayPal,3419.04,190.41,3609.45
15288,"Bank Transfer, Credit Card",12360.16,29.04,12389.2
15289,"Bank Transfer, PayPal",16791.36,149.63,16940.99
15290,Bank Transfer,12536.48,231.35,12767.83
15291,Bank Transfer,3250.62,65.96,3316.58
15292,Нет завершённых покупок,0.0,0.0,0.0
15294,PayPal,674.32,0.0,674.32
15295,"Bank Transfer, PayPal",9319.5,111.93,9431.43
15296,Нет завершённых покупок,0.0,0.0,0.0
15297,PayPal,3250.62,78.49,3329.11
15299,PayPal,5698.4,190.57,5888.97
15301,"Credit Card, PayPal",2528.26,149.39,2677.65
15302,Credit Card,6343.42,37.4,6380.82
15304,"Bank Transfer, Credit Card",9003.78,320.16,9323.94
15306,"Bank Transfer, Credit Card",5054.5,123.59,5178.09
15307,Credit Card,919.0,161.33,1080.33
15310,Нет завершённых покупок,0.0,0.0,0.0
15311,Bank Transfer,6068.88,162.5,6231.38
15312,"Bank Transfer, PayPal",4158.01,0.0,4158.01
15313,PayPal,5394.56,0.0,5394.56
15314,Нет завершённых покупок,0.0,0.0,0.0
15315,Credit Card,786.41,0.0,786.41
15316,PayPal,14189.17,171.75,14360.92
15318,Credit Card,15860.64,64.92,15925.56
15320,"Credit Card, PayPal",3852.18,129.11,3981.29
15321,Нет завершённых покупок,0.0,0.0,0.0
15322,"Credit Card, PayPal",11636.41,82.65,11719.06
15323,"Credit Card, PayPal",8121.7,135.77,8257.47
15324,PayPal,6743.2,93.66,6836.86
15325,Нет завершённых покупок,0.0,0.0,0.0
15328,Нет завершённых покупок,0.0,0.0,0.0
15330,Нет завершённых покупок,0.0,0.0,0.0
15332,"Bank Transfer, Credit Card",12536.48,168.65,12705.13
15333,Нет завершённых покупок,0.0,0.0,0.0
15334,Credit Card,3250.62,0.0,3250.62
15336,Credit Card,2167.08,59.66,2226.74
15337,Credit Card,459.5,0.0,459.5
15339,PayPal,2889.44,183.77,3073.21
15340,Нет завершённых покупок,0.0,0.0,0.0
15344,"Bank Transfer, Credit Card",12745.44,162.79,12908.23
15345,Credit Card,10113.02,21.01,10134.03
15346,"Bank Transfer, Credit Card",3780.22,119.27,3899.49
15347,Нет завершённых покупок,0.0,0.0,0.0
15348,PayPal,6068.88,51.42,6120.3
15349,Нет завершённых покупок,0.0,0.0,0.0
15350,"Bank Transfer, Credit Card, PayPal",11573.75,202.32,11776.07
15351,Credit Card,1805.9,153.7,1959.6
15353,Bank Transfer,1572.82,72.65,1645.47
15355,PayPal,4720.24,0.0,4720.24
15356,"Bank Transfer, Credit Card",2384.14,190.49,2574.63
15358,PayPal,3371.6,68.43,3440.03
15359,"Bank Transfer, PayPal",3836.96,72.76,3909.72
15361,Credit Card,1083.54,110.65,1194.19
15362,Bank Transfer,7977.76,145.63,8123.39
15363,"Bank Transfer, PayPal",5273.58,107.04,5380.62
15365,Нет завершённых покупок,0.0,0.0,0.0
15366,"Credit Card, PayPal",9197.31,200.91,9398.22
15367,PayPal,3932.05,123.92,4055.97
15368,Нет завершённых покупок,0.0,0.0,0.0
15370,Bank Transfer,2022.96,68.57,2091.53
15371,Нет завершённых покупок,0.0,0.0,0.0
15373,Credit Card,2022.96,81.47,2104.43
15375,Bank Transfer,2022.96,91.87,2114.83
15376,PayPal,4595.0,146.96,4741.96
15377,PayPal,4718.46,20.11,4738.57
15379,"Credit Card, PayPal",7784.23,193.58,7977.81
15381,Нет завершённых покупок,0.0,0.0,0.0
15383,"Bank Transfer, PayPal",2164.91,44.14,2209.05
15384,Credit Card,361.18,124.83,486.01
15385,"Credit Card, PayPal",10000.72,301.75,10302.47
15386,"Bank Transfer, Credit Card",6313.56,216.07,6529.63
15388,PayPal,2889.44,91.98,2981.42
15389,Bank Transfer,3162.64,39.39,3202.03
15390,"Bank Transfer, Credit Card",1572.82,427.33,2000.15
15391,"Bank Transfer, PayPal",11396.8,277.95,11674.75
15394,PayPal,4595.0,86.41,4681.41
15395,PayPal,722.36,0.0,722.36
15396,Bank Transfer,9117.44,162.86,9280.3
15397,Credit Card,3371.6,100.47,3472.07
15398,"Bank Transfer, PayPal",6689.05,82.76,6771.81
15399,PayPal,29084.88,305.39,29390.27
15400,Credit Card,1348.64,190.06,1538.7
15401,Credit Card,16115.26,201.53,16316.79
15402,"Bank Transfer, PayPal",11009.74,196.93,11206.67
15403,PayPal,3145.64,0.0,3145.64
15404,PayPal,3145.64,67.65,3213.29
15405,Credit Card,2022.96,0.0,2022.96
15406,Bank Transfer,3145.64,0.0,3145.64
15408,Credit Card,361.18,220.38,581.56
15409,Credit Card,1572.82,144.4,1717.22
15410,Credit Card,1139.68,46.46,1186.14
15411,"Bank Transfer, PayPal",3860.96,144.92,4005.88
15413,PayPal,18651.44,159.74,18811.18
15414,Bank Transfer,7864.1,0.0,7864.1
15416,"Credit Card, PayPal",7753.79,165.01,7918.8
15417,Bank Transfer,9117.44,119.08,9236.52
15418,Нет завершённых покупок,0.0,0.0,0.0
15420,Bank Transfer,1805.9,85.33,1891.23
15421,PayPal,10257.12,45.21,10302.33
15422,"Bank Transfer, Credit Card, PayPal",11463.44,410.65,11874.09
15424,"Bank Transfer, Credit Card",8643.98,179.6,8823.58
15425,PayPal,3145.64,0.0,3145.64
15426,Нет завершённых покупок,0.0,0.0,0.0
15427,"Credit Card, PayPal",2889.44,0.0,2889.44
15428,Bank Transfer,786.41,117.34,903.75
15432,Нет завершённых покупок,0.0,0.0,0.0
15433,Bank Transfer,10251.82,296.64,10548.46
15436,Bank Transfer,5698.4,26.44,5724.84
15440,PayPal,2022.96,0.0,2022.96
15442,Bank Transfer,919.0,53.37,972.37
15443,Credit Card,4595.0,0.0,4595.0
15444,Credit Card,1348.64,155.65,1504.29
15445,PayPal,3611.8,87.93,3699.73
15446,Нет завершённых покупок,0.0,0.0,0.0
15448,Нет завершённых покупок,0.0,0.0,0.0
15449,"Credit Card, PayPal",2953.68,238.35,3192.03
15453,PayPal,3611.8,158.67,3770.47
15455,Bank Transfer,3611.8,190.04,3801.84
15456,Bank Transfer,2889.44,76.64,2966.08
15457,Credit Card,11029.32,254.12,11283.44
15459,Нет завершённых покупок,0.0,0.0,0.0
15460,Нет завершённых покупок,0.0,0.0,0.0
15462,Нет завершённых покупок,0.0,0.0,0.0
15463,"Bank Transfer, PayPal",2757.0,313.03,3070.03
15465,PayPal,1139.68,177.83,1317.51
15466,"Bank Transfer, PayPal",10200.98,59.17,10260.15
15469,Bank Transfer,7077.69,0.0,7077.69
15470,Нет завершённых покупок,0.0,0.0,0.0
15471,Credit Card,15186.32,261.16,15447.48
15472,PayPal,1348.64,118.99,1467.63
15476,"Bank Transfer, PayPal",10419.2,160.91,10580.11
15477,Нет завершённых покупок,0.0,0.0,0.0
15478,"Credit Card, PayPal",2793.36,15.51,2808.87
15479,"Credit Card, PayPal",9953.28,57.49,10010.77
15480,PayPal,4390.3,271.39,4661.69
15482,Нет завершённых покупок,0.0,0.0,0.0
15484,Bank Transfer,3972.98,0.0,3972.98
15485,"Bank Transfer, Credit Card, PayPal",5842.93,306.26,6149.19
15489,Credit Card,9887.06,0.0,9887.06
15490,Credit Card,3216.5,230.47,3446.97
15491,"Bank Transfer, Credit Card",4390.3,236.35,4626.65
15492,PayPal,6743.2,0.0,6743.2
15494,Credit Card,6838.08,111.8,6949.88
15496,Credit Card,5504.87,0.0,5504.87
15498,PayPal,2167.08,136.74,2303.82
15499,Нет завершённых покупок,0.0,0.0,0.0
15500,PayPal,2022.96,72.66,2095.62
15501,Нет завершённых покупок,0.0,0.0,0.0
15502,Нет завершённых покупок,0.0,0.0,0.0
15503,Credit Card,3419.04,0.0,3419.04
15504,Credit Card,11043.53,169.09,11212.62
15505,Bank Transfer,6743.2,169.67,6912.87
15506,Нет завершённых покупок,0.0,0.0,0.0
15507,Bank Transfer,5394.56,0.0,5394.56
15509,PayPal,6291.28,46.62,6337.9
15510,"Bank Transfer, Credit Card",10223.33,170.08,10393.41
15511,Credit Card,459.5,174.34,633.84
15512,PayPal,361.18,0.0,361.18
15513,PayPal,2022.96,157.49,2180.45
15514,PayPal,10257.12,114.09,10371.21
15516,PayPal,4720.24,124.39,4844.63
15517,"Bank Transfer, PayPal",2512.32,181.56,2693.88
15518,Нет завершённых покупок,0.0,0.0,0.0
15519,"Bank Transfer, PayPal",9180.87,0.0,9180.87
15520,"Credit Card, PayPal",14815.84,143.58,14959.42
15521,Credit Card,2757.0,141.25,2898.25
15522,"Bank Transfer, PayPal",11989.68,222.53,12212.21
15523,Credit Card,4558.72,86.12,4644.84
15524,"Bank Transfer, PayPal",11856.3,244.34,12100.64
15526,PayPal,15955.52,86.65,16042.17
15527,Нет завершённых покупок,0.0,0.0,0.0
15528,Bank Transfer,786.41,114.21,900.62
15533,Bank Transfer,12023.68,0.0,12023.68
15535,Нет завершённых покупок,0.0,0.0,0.0
15536,"Bank Transfer, PayPal",7865.48,0.0,7865.48
15538,"Bank Transfer, PayPal",5842.92,269.34,6112.26
15539,Credit Card,3250.62,149.06,3399.68
15540,Нет завершённых покупок,0.0,0.0,0.0
15542,Нет завершённых покупок,0.0,0.0,0.0
15543,Credit Card,2889.44,0.0,2889.44
15545,Bank Transfer,6838.08,174.99,7013.07
15546,Bank Transfer,919.0,0.0,919.0
15547,Credit Card,4135.5,169.79,4305.29
15548,Bank Transfer,786.41,154.52,940.93
15549,Нет завершённых покупок,0.0,0.0,0.0
15550,Нет завершённых покупок,0.0,0.0,0.0
15551,Credit Card,15426.86,361.18,15788.04
15552,Credit Card,6291.28,87.01,6378.29
15553,Bank Transfer,4720.24,63.61,4783.85
15554,PayPal,4510.49,210.16,4720.65
15555,Credit Card,14712.26,192.8,14905.06
15556,Bank Transfer,1348.64,0.0,1348.64
15557,Bank Transfer,4135.5,0.0,4135.5
15558,"Credit Card, PayPal",7232.56,89.24,7321.8
15560,Нет завершённых покупок,0.0,0.0,0.0
15562,Нет завершённых покупок,0.0,0.0,0.0
15563,Bank Transfer,6743.2,95.73,6838.93
15565,Bank Transfer,2297.5,71.85,2369.35
15566,Нет завершённых покупок,0.0,0.0,0.0
15567,Credit Card,2528.26,109.98,2638.24
15568,Credit Card,1805.9,95.6,1901.5
15570,Bank Transfer,1139.68,0.0,1139.68
15571,Нет завершённых покупок,0.0,0.0,0.0
15572,PayPal,4558.72,26.45,4585.17
15573,Нет завершённых покупок,0.0,0.0,0.0
15576,Credit Card,1838.0,98.72,1936.72
15577,Нет завершённых покупок,0.0,0.0,0.0
15579,PayPal,3676.0,91.38,3767.38
15581,Credit Card,6743.2,0.0,6743.2
15582,Нет завершённых покупок,0.0,0.0,0.0
15586,"Bank Transfer, Credit Card",5186.94,257.07,5444.01
15587,Нет завершённых покупок,0.0,0.0,0.0
15588,Нет завершённых покупок,0.0,0.0,0.0
15594,Bank Transfer,10257.12,122.94,10380.06
15596,Нет завершённых покупок,0.0,0.0,0.0
15598,Bank Transfer,1838.0,192.27,2030.27
15599,Нет завершённых покупок,0.0,0.0,0.0
15600,Credit Card,9117.44,37.87,9155.31
15602,Нет завершённых покупок,0.0,0.0,0.0
15603,Credit Card,361.18,229.68,590.86
15604,Bank Transfer,9117.44,153.77,9271.21
15609,"Bank Transfer, PayPal",5964.37,425.89,6390.26
15610,"Bank Transfer, Credit Card, PayPal",6887.32,274.36,7161.68
15611,Нет завершённых покупок,0.0,0.0,0.0
15612,Credit Card,3932.05,0.0,3932.05
15614,Credit Card,2279.36,79.7,2359.06
15615,PayPal,3676.0,14.8,3690.8
15617,"Bank Transfer, PayPal",9702.1,92.41,9794.51
15619,Нет завершённых покупок,0.0,0.0,0.0
15620,Нет завершённых покупок,0.0,0.0,0.0
15623,PayPal,4718.46,100.8,4819.26
15625,Credit Card,5504.87,0.0,5504.87
15626,Нет завершённых покупок,0.0,0.0,0.0
15627,Нет завершённых покупок,0.0,0.0,0.0
15628,PayPal,5698.4,95.43,5793.83
15629,"Bank Transfer, PayPal",11989.68,143.17,12132.85
15630,Нет завершённых покупок,0.0,0.0,0.0
15634,"Bank Transfer, Credit Card, PayPal",6766.34,200.31,6966.65
15635,Нет завершённых покупок,0.0,0.0,0.0
15636,Credit Card,3932.05,208.26,4140.31
15637,Credit Card,4045.92,77.33,4123.25
15638,Нет завершённых покупок,0.0,0.0,0.0
15639,"Credit Card, PayPal",14189.17,56.06,14245.23
15641,Нет завершённых покупок,0.0,0.0,0.0
15642,"Bank Transfer, PayPal",8527.05,316.75,8843.8
15643,Credit Card,1378.5,22.08,1400.58
15644,"Bank Transfer, Credit Card, PayPal",12501.88,67.9,12569.78
15646,Bank Transfer,3145.64,173.16,3318.8
15647,Bank Transfer,3611.8,76.67,3688.47
15648,Bank Transfer,21977.1,640.44,22617.54
15649,PayPal,1083.54,127.43,1210.97
15652,"Bank Transfer, Credit Card",7015.96,102.57,7118.53
15653,PayPal,9117.44,135.41,9252.85
15654,Нет завершённых покупок,0.0,0.0,0.0
15655,PayPal,13564.28,191.48,13755.76
15656,"Bank Transfer, Credit Card",7351.09,246.48,7597.57
15657,Bank Transfer,1572.82,0.0,1572.82
15659,PayPal,3676.0,30.44,3706.44
15660,Bank Transfer,4455.14,278.38,4733.52
15661,"Bank Transfer, Credit Card, PayPal",15044.88,201.96,15246.84
15663,Bank Transfer,3419.04,104.58,3523.62
15664,"Credit Card, PayPal",11589.56,176.58,11766.14
15665,Нет завершённых покупок,0.0,0.0,0.0
15668,Нет завершённых покупок,0.0,0.0,0.0
15669,Credit Card,3611.8,88.62,3700.42
15671,Bank Transfer,786.41,63.45,849.86
15672,Bank Transfer,1838.0,154.8,1992.8
15673,"Bank Transfer, Credit Card",2977.68,36.59,3014.27
15675,PayPal,2167.08,95.7,2262.78
15676,PayPal,5394.56,68.21,5462.77
15677,Bank Transfer,2022.96,197.27,2220.23
15678,PayPal,2279.36,111.22,2390.58
15679,Credit Card,24333.54,420.68,24754.22
15682,Bank Transfer,1805.9,129.88,1935.78
15683,Bank Transfer,6838.08,77.78,6915.86
15684,Bank Transfer,6291.28,135.01,6426.29
15686,PayPal,7077.69,87.28,7164.97
15687,Credit Card,7077.69,0.0,7077.69
15688,Нет завершённых покупок,0.0,0.0,0.0
15690,Нет завершённых покупок,0.0,0.0,0.0
15691,Нет завершённых покупок,0.0,0.0,0.0
15693,Credit Card,6229.55,178.85,6408.4
15695,Credit Card,6743.2,99.42,6842.62
15696,Credit Card,2297.5,70.13,2367.63
15698,"Credit Card, PayPal",10355.0,155.26,10510.26
15700,Bank Transfer,9559.1,198.18,9757.28
15703,PayPal,4045.92,0.0,4045.92
15705,PayPal,10000.72,144.67,10145.39
15706,Bank Transfer,5698.4,0.0,5698.4
15707,PayPal,3932.05,191.19,4123.24
15708,Credit Card,6631.66,302.08,6933.74
15709,PayPal,1083.54,115.94,1199.48
15710,"Bank Transfer, Credit Card",6892.5,124.57,7017.07
15711,Bank Transfer,919.0,188.89,1107.89
15714,Credit Card,361.18,84.04,445.22
15715,Credit Card,6838.08,0.0,6838.08
15717,Bank Transfer,1378.5,229.97,1608.47
15718,Credit Card,3216.5,0.0,3216.5
15720,Credit Card,5504.87,71.18,5576.05
15721,Bank Transfer,3419.04,219.48,3638.52
15723,Bank Transfer,3216.5,142.75,3359.25
15724,Credit Card,1139.68,136.26,1275.94
15725,PayPal,1378.5,0.0,1378.5
15726,Bank Transfer,2267.64,95.13,2362.77
15727,PayPal,4718.46,97.51,4815.97
15728,Нет завершённых покупок,0.0,0.0,0.0
15729,Bank Transfer,4135.5,104.59,4240.09
15730,Bank Transfer,6838.08,65.18,6903.26
15732,Bank Transfer,6838.08,0.0,6838.08
15735,Bank Transfer,7864.1,86.59,7950.69
15736,Credit Card,2359.23,139.54,2498.77
15737,Bank Transfer,3611.8,0.0,3611.8
15738,Bank Transfer,9117.44,45.36,9162.8
15739,Bank Transfer,1348.64,22.28,1370.92
15741,Credit Card,2889.44,226.63,3116.07
15742,Credit Card,2359.23,70.95,2430.18
15743,Нет завершённых покупок,0.0,0.0,0.0
15744,Credit Card,5698.4,0.0,5698.4
15745,Bank Transfer,15088.23,401.22,15489.45
15746,"Credit Card, PayPal",1926.09,0.0,1926.09
15748,Нет завершённых покупок,0.0,0.0,0.0
15751,Нет завершённых покупок,0.0,0.0,0.0
15754,PayPal,1572.82,138.73,1711.55
15755,Bank Transfer,2528.26,71.47,2599.73
15756,Credit Card,5394.56,33.03,5427.59
15757,"Credit Card, PayPal",7641.7,312.69,7954.39
15758,"Credit Card, PayPal",8033.13,0.0,8033.13
15759,Credit Card,1378.5,0.0,1378.5
15762,PayPal,6098.74,383.93,6482.67
15765,"Credit Card, PayPal",4205.45,0.0,4205.45
15766,"Bank Transfer, Credit Card",9440.48,130.74,9571.22
15767,Credit Card,12536.48,232.77,12769.25
15768,"Bank Transfer, PayPal",5866.05,62.82,5928.87
15770,PayPal,6743.2,0.0,6743.2
15771,Credit Card,5698.4,115.95,5814.35
15772,PayPal,4595.0,96.57,4691.57
15773,"Bank Transfer, Credit Card",8645.18,0.0,8645.18
15776,Credit Card,4334.16,0.0,4334.16
15779,"Credit Card, PayPal",4951.54,129.35,5080.89
15780,Bank Transfer,2297.5,91.32,2388.82
15788,PayPal,786.41,62.16,848.57
15791,"Bank Transfer, Credit Card",6757.44,123.36,6880.8
15792,Нет завершённых покупок,0.0,0.0,0.0
15793,PayPal,7077.69,62.62,7140.31
15794,PayPal,3371.6,206.67,3578.27
15795,Нет завершённых покупок,0.0,0.0,0.0
15796,Нет завершённых покупок,0.0,0.0,0.0
15798,Bank Transfer,11396.8,148.83,11545.63
15799,Нет завершённых покупок,0.0,0.0,0.0
15800,Нет завершённых покупок,0.0,0.0,0.0
15801,"Bank Transfer, Credit Card, PayPal",10771.12,262.09,11033.21
15802,Нет завершённых покупок,0.0,0.0,0.0
15805,PayPal,3972.98,276.04,4249.02
15806,PayPal,7864.1,190.79,8054.89
15808,Нет завершённых покупок,0.0,0.0,0.0
15810,"Bank Transfer, PayPal",3563.76,337.27,3901.03
15811,"Bank Transfer, Credit Card",8522.41,91.4,8613.81
15812,Bank Transfer,1838.0,47.47,1885.47
15813,PayPal,9550.79,191.89,9742.68
15815,Нет завершённых покупок,0.0,0.0,0.0
15817,Bank Transfer,722.36,187.75,910.11
15820,Credit Card,2697.28,175.53,2872.81
15821,Bank Transfer,11396.8,77.7,11474.5
15822,Bank Transfer,1139.68,123.91,1263.59
15823,"Bank Transfer, PayPal",12793.44,148.68,12942.12
15826,Credit Card,1444.72,240.96,1685.68
15827,Нет завершённых покупок,0.0,0.0,0.0
15828,Bank Transfer,361.18,75.43,436.61
15829,Bank Transfer,4951.54,115.16,5066.7
15831,"Credit Card, PayPal",2482.46,195.76,2678.22
15832,Bank Transfer,3145.64,120.26,3265.9
15833,Bank Transfer,2528.26,0.0,2528.26
15834,Bank Transfer,722.36,98.45,820.81
15835,PayPal,3216.5,176.31,3392.81
15836,Нет завершённых покупок,0.0,0.0,0.0
15837,PayPal,8923.91,63.9,8987.81
15838,Credit Card,2697.28,0.0,2697.28
15840,Bank Transfer,1572.82,0.0,1572.82
15841,Bank Transfer,9214.52,36.03,9250.55
15842,"Bank Transfer, PayPal",6517.24,91.27,6608.51
15845,Credit Card,1805.9,166.51,1972.41
15847,Нет завершённых покупок,0.0,0.0,0.0
15849,Bank Transfer,3676.0,122.15,3798.15
15850,Нет завершённых покупок,0.0,0.0,0.0
15851,Bank Transfer,6838.08,32.61,6870.69
15853,Нет завершённых покупок,0.0,0.0,0.0
15854,Credit Card,1378.5,136.9,1515.4
15857,PayPal,1805.9,135.79,1941.69
15860,PayPal,3419.04,73.68,3492.72
15861,Bank Transfer,3611.8,117.02,3728.82
15862,Bank Transfer,5442.0,164.9,5606.9
15863,Нет завершённых покупок,0.0,0.0,0.0
15869,Credit Card,1348.64,166.97,1515.61
15872,"Credit Card, PayPal",7906.88,246.56,8153.44
15873,PayPal,3371.6,82.82,3454.42
15874,PayPal,919.0,45.82,964.82
15875,Bank Transfer,1083.54,153.45,1236.99
15876,PayPal,1805.9,197.34,2003.24
15877,Bank Transfer,786.41,116.55,902.96
15878,Bank Transfer,9117.44,0.0,9117.44
15879,Bank Transfer,1838.0,163.62,2001.62
15882,Credit Card,3371.6,154.36,3525.96
15884,Credit Card,4720.24,202.3,4922.54
15885,Нет завершённых покупок,0.0,0.0,0.0
15887,Нет завершённых покупок,0.0,0.0,0.0
15889,Нет завершённых покупок,0.0,0.0,0.0
15891,Нет завершённых покупок,0.0,0.0,0.0
15892,Нет завершённых покупок,0.0,0.0,0.0
15893,PayPal,1805.9,56.19,1862.09
15896,Нет завершённых покупок,0.0,0.0,0.0
15897,PayPal,4526.31,238.74,4765.05
15898,Нет завершённых покупок,0.0,0.0,0.0
15899,"Bank Transfer, PayPal",3896.68,127.41,4024.09
15901,PayPal,3611.8,133.53,3745.33
15902,PayPal,4135.5,0.0,4135.5
15903,Нет завершённых покупок,0.0,0.0,0.0
15904,"Bank Transfer, Credit Card",3086.08,103.83,3189.91
15905,"Bank Transfer, PayPal",5842.92,263.79,6106.71
15906,PayPal,7077.69,131.38,7209.07
15907,Credit Card,6068.88,122.31,6191.19
15908,PayPal,4595.0,58.1,4653.1
15909,Credit Card,3932.05,0.0,3932.05
15911,"Bank Transfer, PayPal",4558.72,148.93,4707.65
15912,Bank Transfer,919.0,24.15,943.15
15913,Нет завершённых покупок,0.0,0.0,0.0
15914,"Bank Transfer, PayPal",8428.11,265.04,8693.15
15917,Нет завершённых покупок,0.0,0.0,0.0
15918,Нет завершённых покупок,0.0,0.0,0.0
15920,Credit Card,11301.92,134.51,11436.43
15921,PayPal,8652.08,156.51,8808.59
15922,Bank Transfer,4558.72,39.35,4598.07
15926,Credit Card,2297.5,84.59,2382.09
15927,Bank Transfer,3676.0,21.78,3697.78
15928,Нет завершённых покупок,0.0,0.0,0.0
15929,PayPal,361.18,24.63,385.81
15930,"Bank Transfer, Credit Card, PayPal",7751.78,163.84,7915.62
15932,Нет завершённых покупок,0.0,0.0,0.0
15934,PayPal,1378.5,97.13,1475.63
15935,Credit Card,5504.87,47.16,5552.03
15937,Нет завершённых покупок,0.0,0.0,0.0
15939,PayPal,3145.64,18.27,3163.91
15940,Bank Transfer,12422.82,149.86,12572.68
15941,Credit Card,361.18,166.01,527.19
15942,"Bank Transfer, PayPal",11653.76,268.93,11922.69
15943,Credit Card,3419.04,104.12,3523.16
15944,Credit Card,2359.23,16.3,2375.53
15946,PayPal,459.5,0.0,459.5
15947,PayPal,1444.72,92.26,1536.98
15948,Нет завершённых покупок,0.0,0.0,0.0
15949,Bank Transfer,5698.4,0.0,5698.4
15951,Нет завершённых покупок,0.0,0.0,0.0
15953,PayPal,6291.28,226.54,6517.82
15954,Credit Card,4718.46,0.0,4718.46
15955,"Bank Transfer, Credit Card",21653.92,22.63,21676.55
15956,PayPal,3932.05,202.7,4134.75
15959,Нет завершённых покупок,0.0,0.0,0.0
15960,Нет завершённых покупок,0.0,0.0,0.0
15961,Нет завершённых покупок,0.0,0.0,0.0
15962,PayPal,7864.1,186.94,8051.04
15963,Credit Card,8394.31,66.93,8461.24
15965,Credit Card,2697.28,0.0,2697.28
15966,Credit Card,1838.0,0.0,1838.0
15967,Bank Transfer,9440.48,177.33,9617.81
15968,Bank Transfer,3250.62,26.52,3277.14
15969,Credit Card,6987.88,445.08,7432.96
15970,Bank Transfer,4718.46,156.41,4874.87
15971,Нет завершённых покупок,0.0,0.0,0.0
15972,PayPal,2297.5,122.5,2420.0
15973,Credit Card,7664.83,284.15,7948.98
15974,Нет завершённых покупок,0.0,0.0,0.0
15975,Нет завершённых покупок,0.0,0.0,0.0
15977,"Credit Card, PayPal",5973.5,276.42,6249.92
15978,Bank Transfer,3371.6,59.04,3430.64
15980,Bank Transfer,9679.44,12.82,9692.26
15982,Credit Card,5042.82,551.86,5594.68
15984,"Bank Transfer, Credit Card",6211.41,213.37,6424.78
15985,Credit Card,5394.56,0.0,5394.56
15986,Нет завершённых покупок,0.0,0.0,0.0
15989,Нет завершённых покупок,0.0,0.0,0.0
15990,"Bank Transfer, Credit Card",9541.9,322.13,9864.03
15991,Credit Card,2279.36,55.03,2334.39
15992,Нет завершённых покупок,0.0,0.0,0.0
15993,PayPal,12582.56,83.4,12665.96
15995,Нет завершённых покупок,0.0,0.0,0.0
15996,Bank Transfer,3932.05,90.91,4022.96
15997,"Credit Card, PayPal",6750.78,50.69,6801.47
15998,PayPal,19893.3,291.82,20185.12
15999,"Credit Card, PayPal",5168.8,19.92,5188.72
16002,Нет завершённых покупок,0.0,0.0,0.0
16004,"Bank Transfer, Credit Card",5443.14,234.08,5677.22
16005,Credit Card,3371.6,91.08,3462.68
16007,Credit Card,10114.8,160.66,10275.46
16008,Credit Card,3145.64,165.33,3310.97
16009,PayPal,8017.31,359.31,8376.62
16010,Credit Card,6068.88,12.28,6081.16
16012,PayPal,3216.5,173.35,3389.85
16015,PayPal,1444.72,157.72,1602.44
16017,Нет завершённых покупок,0.0,0.0,0.0
16018,Credit Card,459.5,37.33,496.83
16020,"Bank Transfer, Credit Card, PayPal",10954.59,198.26,11152.85
16021,"Bank Transfer, PayPal",5088.62,237.55,5326.17
16025,Credit Card,2297.5,0.0,2297.5
16026,Credit Card,786.41,97.49,883.9
16029,Credit Card,2697.28,48.97,2746.25
16030,PayPal,722.36,64.01,786.37
16031,PayPal,3611.8,13.2,3625.0
16032,Bank Transfer,2757.0,81.1,2838.1
16034,Credit Card,1805.9,147.77,1953.67
16035,Bank Transfer,6743.2,167.96,6911.16
16036,Bank Transfer,459.5,89.07,548.57
16037,PayPal,11396.8,131.23,11528.03
16038,Bank Transfer,1444.72,128.67,1573.39
16039,Bank Transfer,4558.72,100.68,4659.4
16040,Нет завершённых покупок,0.0,0.0,0.0
16041,PayPal,3145.64,0.0,3145.64
16042,Credit Card,1838.0,0.0,1838.0
16043,PayPal,10506.02,70.25,10576.27
16044,PayPal,3932.05,165.65,4097.7
16046,"Credit Card, PayPal",8234.72,218.87,8453.59
16047,Bank Transfer,5504.87,64.49,5569.36
16051,Bank Transfer,5843.08,309.75,6152.83
16052,Нет завершённых покупок,0.0,0.0,0.0
16055,PayPal,2297.5,89.98,2387.48
16057,"Credit Card, PayPal",5854.06,57.26,5911.32
16058,Credit Card,2167.08,95.05,2262.13
16060,Credit Card,7977.76,0.0,7977.76
16061,Bank Transfer,459.5,195.47,654.97
16062,Bank Transfer,7148.55,134.71,7283.26
16063,Credit Card,1805.9,0.0,1805.9
16064,Нет завершённых покупок,0.0,0.0,0.0
16065,Нет завершённых покупок,0.0,0.0,0.0
16068,Credit Card,919.0,221.0,1140.0
16069,Нет завершённых покупок,0.0,0.0,0.0
16070,PayPal,1378.5,0.0,1378.5
16071,Нет завершённых покупок,0.0,0.0,0.0
16072,Bank Transfer,7864.1,0.0,7864.1
16074,"Bank Transfer, Credit Card",9887.06,164.57,10051.63
16075,Нет завершённых покупок,0.0,0.0,0.0
16076,Нет завершённых покупок,0.0,0.0,0.0
16077,Credit Card,16732.94,388.16,17121.1
16078,PayPal,6068.88,153.52,6222.4
16079,PayPal,3216.5,0.0,3216.5
16081,Bank Transfer,16843.07,291.28,17134.35
16082,PayPal,3932.05,63.87,3995.92
16083,Bank Transfer,4045.92,150.98,4196.9
16084,Bank Transfer,459.5,37.68,497.18
16086,"Credit Card, PayPal",9436.92,46.61,9483.53
16089,Bank Transfer,6073.84,335.43,6409.27
16090,Нет завершённых покупок,0.0,0.0,0.0
16091,"Bank Transfer, Credit Card",6528.38,176.96,6705.34
16094,Bank Transfer,3250.62,0.0,3250.62
16095,Bank Transfer,10968.51,263.86,11232.37
16096,Credit Card,6588.41,306.77,6895.18
16101,Bank Transfer,5698.4,84.29,5782.69
16102,Bank Transfer,2167.08,94.12,2261.2
16104,Credit Card,3611.8,0.0,3611.8
16105,Нет завершённых покупок,0.0,0.0,0.0
16107,"Credit Card, PayPal",6534.24,120.49,6654.73
16108,"Bank Transfer, Credit Card",7936.74,151.77,8088.51
16111,Credit Card,722.36,0.0,722.36
16112,Bank Transfer,361.18,71.52,432.7
16113,Bank Transfer,8330.26,257.09,8587.35
16114,PayPal,6652.46,163.23,6815.69
16115,PayPal,2889.44,0.0,2889.44
16117,Bank Transfer,4135.5,0.0,4135.5
16120,PayPal,919.0,63.85,982.85
16121,Нет завершённых покупок,0.0,0.0,0.0
16123,Bank Transfer,2528.26,0.0,2528.26
16125,Credit Card,9117.44,123.44,9240.88
16126,PayPal,2167.08,0.0,2167.08
16128,Bank Transfer,5698.4,81.24,5779.64
16129,"Bank Transfer, PayPal",3216.5,215.69,3432.19
16130,Нет завершённых покупок,0.0,0.0,0.0
16131,Нет завершённых покупок,0.0,0.0,0.0
16132,"Credit Card, PayPal",12616.35,274.23,12890.58
16136,PayPal,16165.08,167.99,16333.07
16137,Нет завершённых покупок,0.0,0.0,0.0
16138,PayPal,16831.72,145.89,16977.61
16139,"Credit Card, PayPal",10789.12,82.2,10871.32
16140,PayPal,4720.24,131.68,4851.92
16141,Bank Transfer,7104.38,361.74,7466.12
16142,Нет завершённых покупок,0.0,0.0,0.0
16143,Нет завершённых покупок,0.0,0.0,0.0
16144,Credit Card,6838.08,221.44,7059.52
16145,Нет завершённых покупок,0.0,0.0,0.0
16146,Нет завершённых покупок,0.0,0.0,0.0
16153,Нет завершённых покупок,0.0,0.0,0.0
16154,Bank Transfer,459.5,60.29,519.79
16157,Bank Transfer,919.0,149.94,1068.94
16158,Bank Transfer,5394.56,82.84,5477.4
16159,Нет завершённых покупок,0.0,0.0,0.0
16161,Нет завершённых покупок,0.0,0.0,0.0
16162,PayPal,4135.5,128.58,4264.08
16165,Credit Card,674.32,0.0,674.32
16166,Credit Card,2297.5,0.0,2297.5
16167,Credit Card,3611.8,85.25,3697.05
16168,PayPal,361.18,193.15,554.33
16170,Bank Transfer,7077.69,146.48,7224.17
16173,Bank Transfer,3216.5,175.76,3392.26
16175,Bank Transfer,3216.5,160.91,3377.41
16176,Credit Card,7977.76,0.0,7977.76
16177,Credit Card,2528.26,44.83,2573.09
16179,Credit Card,7356.26,49.54,7405.8
16180,Нет завершённых покупок,0.0,0.0,0.0
16182,Bank Transfer,1083.54,116.19,1199.73
16184,Credit Card,2757.0,69.03,2826.03
16185,Bank Transfer,3595.78,115.08,3710.86
16186,"Bank Transfer, Credit Card, PayPal",15502.44,0.0,15502.44
16187,Нет завершённых покупок,0.0,0.0,0.0
16188,PayPal,6291.28,185.23,6476.51
16189,Credit Card,2528.26,51.33,2579.59
16190,Credit Card,7513.0,286.2,7799.2
16191,Нет завершённых покупок,0.0,0.0,0.0
16192,"Bank Transfer, PayPal",6213.0,197.8,6410.8
16193,Нет завершённых покупок,0.0,0.0,0.0
16194,PayPal,3419.04,62.1,3481.14
16195,PayPal,2279.36,168.96,2448.32
16198,Нет завершённых покупок,0.0,0.0,0.0
16200,Нет завершённых покупок,0.0,0.0,0.0
16201,Credit Card,786.41,126.16,912.57
16203,Credit Card,3145.64,158.06,3303.7
16204,Credit Card,4135.5,124.49,4259.99
16205,Нет завершённых покупок,0.0,0.0,0.0
16206,Нет завершённых покупок,0.0,0.0,0.0
16207,"Bank Transfer, PayPal",13676.16,358.61,14034.77
16209,Bank Transfer,1139.68,177.5,1317.18
16210,"Credit Card, PayPal",4825.76,193.83,5019.59
16211,Bank Transfer,3932.05,93.85,4025.9
16212,PayPal,1083.54,153.37,1236.91
16213,Нет завершённых покупок,0.0,0.0,0.0
16215,Credit Card,1083.54,203.8,1287.34
16216,PayPal,361.18,19.46,380.64
16217,Credit Card,6140.06,100.5,6240.56
16220,PayPal,3932.05,193.09,4125.14
16221,Нет завершённых покупок,0.0,0.0,0.0
16222,Bank Transfer,2167.08,178.13,2345.21
16223,Credit Card,6291.28,163.22,6454.5
16224,Нет завершённых покупок,0.0,0.0,0.0
16226,Bank Transfer,786.41,168.8,955.21
16227,PayPal,2889.44,0.0,2889.44
16233,Bank Transfer,459.5,40.46,499.96
16234,Нет завершённых покупок,0.0,0.0,0.0
16237,"Bank Transfer, PayPal",5708.32,77.76,5786.08
16239,Нет завершённых покупок,0.0,0.0,0.0
16240,"Bank Transfer, PayPal",4158.01,46.21,4204.22
16241,Нет завершённых покупок,0.0,0.0,0.0
16242,Нет завершённых покупок,0.0,0.0,0.0
16243,Нет завершённых покупок,0.0,0.0,0.0
16244,Bank Transfer,3371.6,113.51,3485.11
16245,PayPal,1838.0,0.0,1838.0
16248,Нет завершённых покупок,0.0,0.0,0.0
16249,Credit Card,10257.12,221.21,10478.33
16252,Credit Card,459.5,72.72,532.22
16253,Bank Transfer,3216.5,0.0,3216.5
16255,Нет завершённых покупок,0.0,0.0,0.0
16256,Нет завершённых покупок,0.0,0.0,0.0
16257,"Bank Transfer, Credit Card, PayPal",11050.67,251.03,11301.7
16259,PayPal,3611.8,80.24,3692.04
16261,Нет завершённых покупок,0.0,0.0,0.0
16262,Нет завершённых покупок,0.0,0.0,0.0
16263,"Bank Transfer, PayPal",8764.38,141.71,8906.09
16264,Credit Card,4135.5,88.54,4224.04
16265,Bank Transfer,722.36,0.0,722.36
16266,Нет завершённых покупок,0.0,0.0,0.0
16267,Bank Transfer,5394.56,0.0,5394.56
16268,Bank Transfer,4141.4,16.98,4158.38
16269,Нет завершённых покупок,0.0,0.0,0.0
16271,Credit Card,6838.08,60.09,6898.17
16272,Нет завершённых покупок,0.0,0.0,0.0
16276,"Bank Transfer, PayPal",4334.16,255.67,4589.83
16277,Bank Transfer,1444.72,59.66,1504.38
16278,Credit Card,3145.64,67.88,3213.52
16279,Bank Transfer,1139.68,70.74,1210.42
16283,PayPal,8140.58,202.06,8342.64
16284,Credit Card,7977.76,99.69,8077.45
16285,PayPal,6291.28,200.79,6492.07
16286,PayPal,9117.44,0.0,9117.44
16288,Credit Card,2279.36,173.26,2452.62
16290,Нет завершённых покупок,0.0,0.0,0.0
16293,Bank Transfer,5394.56,66.55,5461.11
16294,"Bank Transfer, PayPal",3595.78,214.02,3809.8
16295,Credit Card,4135.5,148.85,4284.35
16296,Bank Transfer,4558.72,28.82,4587.54
16297,"Credit Card, PayPal",15955.52,383.61,16339.13
16300,Bank Transfer,3250.62,180.91,3431.53
16302,Нет завершённых покупок,0.0,0.0,0.0
16303,Нет завершённых покупок,0.0,0.0,0.0
16304,Нет завершённых покупок,0.0,0.0,0.0
16306,PayPal,3216.5,123.42,3339.92
16307,Credit Card,3216.5,143.15,3359.65
16309,Нет завершённых покупок,0.0,0.0,0.0
16310,Нет завершённых покупок,0.0,0.0,0.0
16312,Credit Card,4595.0,84.75,4679.75
16313,"Bank Transfer, Credit Card",13486.4,126.06,13612.46
16314,"Bank Transfer, Credit Card",14512.0,317.87,14829.87
16315,Нет завершённых покупок,0.0,0.0,0.0
16317,Bank Transfer,5698.4,73.87,5772.27
16318,Нет завершённых покупок,0.0,0.0,0.0
16323,"Credit Card, PayPal",6003.44,202.09,6205.53
16324,Нет завершённых покупок,0.0,0.0,0.0
16325,PayPal,3100.04,270.2,3370.24
16328,PayPal,3932.05,138.6,4070.65
16331,Credit Card,12882.01,368.62,13250.63
16332,Bank Transfer,9117.44,43.25,9160.69
16333,"Bank Transfer, PayPal",10000.93,78.49,10079.42
16334,Нет завершённых покупок,0.0,0.0,0.0
16335,Bank Transfer,2757.0,184.14,2941.14
16336,PayPal,8549.1,218.04,8767.14
16339,"Bank Transfer, Credit Card",6556.46,115.86,6672.32
16340,Нет завершённых покупок,0.0,0.0,0.0
16341,Bank Transfer,6877.63,378.46,7256.09
16342,Credit Card,1083.54,56.36,1139.9
16343,Нет завершённых покупок,0.0,0.0,0.0
16344,Credit Card,3145.64,77.93,3223.57
16346,Credit Card,4382.19,191.08,4573.27
16350,PayPal,20402.57,203.53,20606.1
16351,PayPal,3611.8,117.19,3728.99
16352,"Bank Transfer, PayPal",8271.0,194.57,8465.57
16353,PayPal,5504.87,84.02,5588.89
16355,"Bank Transfer, Credit Card",9438.7,220.72,9659.42
16356,"Credit Card, PayPal",14286.24,98.93,14385.17
16357,Bank Transfer,27486.01,352.75,27838.76
16358,Нет завершённых покупок,0.0,0.0,0.0
16364,Bank Transfer,4045.92,154.27,4200.19
16365,Bank Transfer,2889.44,111.03,3000.47
16366,PayPal,7977.76,0.0,7977.76
16367,PayPal,7077.69,82.4,7160.09
16368,Bank Transfer,6291.28,0.0,6291.28
16369,"Bank Transfer, Credit Card",3019.86,66.49,3086.35
16370,Credit Card,674.32,193.66,867.98
16372,Credit Card,4718.46,139.38,4857.84
16373,PayPal,4135.5,30.46,4165.96
16375,Bank Transfer,4558.72,198.09,4756.81
16376,Credit Card,6068.88,26.68,6095.56
16377,Нет завершённых покупок,0.0,0.0,0.0
16379,PayPal,2359.23,15.24,2374.47
16380,Bank Transfer,1805.9,83.95,1889.85
16381,"Bank Transfer, Credit Card",15328.85,62.84,15391.69
16382,"Credit Card, PayPal",2135.05,191.38,2326.43
16383,"Bank Transfer, Credit Card, PayPal",13886.32,528.42,14414.74
16384,Bank Transfer,3216.5,12.86,3229.36
16385,Нет завершённых покупок,0.0,0.0,0.0
16386,PayPal,6068.88,165.7,6234.58
16387,Bank Transfer,10257.12,189.22,10446.34
16390,Bank Transfer,3419.04,143.64,3562.68
16391,"Credit Card, PayPal",10689.49,114.11,10803.6
16392,Нет завершённых покупок,0.0,0.0,0.0
16394,"Bank Transfer, Credit Card",4103.4,178.97,4282.37
16395,Bank Transfer,13482.84,164.11,13646.95
16396,Credit Card,4045.92,158.31,4204.23
16397,Credit Card,1139.68,89.35,1229.03
16398,PayPal,6362.14,68.51,6430.65
16399,Bank Transfer,4558.72,73.58,4632.3
16401,"Credit Card, PayPal",5179.74,107.78,5287.52
16403,Нет завершённых покупок,0.0,0.0,0.0
16404,Credit Card,459.5,0.0,459.5
16405,Bank Transfer,2297.5,215.45,2512.95
16408,"Bank Transfer, Credit Card, PayPal",13158.06,519.94,13678.0
16409,Credit Card,722.36,33.94,756.3
16410,Bank Transfer,919.0,95.21,1014.21
16411,Нет завершённых покупок,0.0,0.0,0.0
16412,Нет завершённых покупок,0.0,0.0,0.0
16413,Нет завершённых покупок,0.0,0.0,0.0
16414,Нет завершённых покупок,0.0,0.0,0.0
16418,Нет завершённых покупок,0.0,0.0,0.0
16419,"Credit Card, PayPal",6039.72,239.26,6278.98
16420,Нет завершённых покупок,0.0,0.0,0.0
16422,"Bank Transfer, Credit Card",8121.7,65.66,8187.36
16423,"Credit Card, PayPal",3106.5,113.29,3219.79
16424,"Bank Transfer, Credit Card, PayPal",12272.58,424.97,12697.55
16425,Bank Transfer,2297.5,148.4,2445.9
16427,Нет завершённых покупок,0.0,0.0,0.0
16429,Credit Card,919.0,15.02,934.02
16431,"Bank Transfer, Credit Card",7232.56,110.7,7343.26
16435,Credit Card,2889.44,230.97,3120.41
16436,Bank Transfer,6068.88,145.07,6213.95
16437,Bank Transfer,674.32,95.44,769.76
16439,Bank Transfer,2757.0,146.86,2903.86
16440,"Bank Transfer, Credit Card",5744.76,141.79,5886.55
16442,Bank Transfer,7123.26,158.8,7282.06
16443,PayPal,2297.5,50.71,2348.21
16444,Credit Card,3932.05,67.23,3999.28
16446,PayPal,4720.24,57.86,4778.1
16449,PayPal,3419.04,129.06,3548.1
16450,Нет завершённых покупок,0.0,0.0,0.0
16451,Bank Transfer,1805.9,87.77,1893.67
16452,"Credit Card, PayPal",8766.16,97.12,8863.28
16453,"Bank Transfer, Credit Card, PayPal",12311.92,568.12,12880.04
16454,Bank Transfer,14786.54,15.44,14801.98
16456,Нет завершённых покупок,0.0,0.0,0.0
16457,Нет завершённых покупок,0.0,0.0,0.0
16458,Bank Transfer,3250.62,98.47,3349.09
16462,Credit Card,3216.5,173.87,3390.37
16463,"Bank Transfer, PayPal",4101.08,221.76,4322.84
16464,Bank Transfer,2528.26,0.0,2528.26
16468,Credit Card,2757.0,33.61,2790.61
16469,Credit Card,1139.68,0.0,1139.68
16472,Нет завершённых покупок,0.0,0.0,0.0
16473,Нет завершённых покупок,0.0,0.0,0.0
16476,Bank Transfer,3371.6,0.0,3371.6
16477,Нет завершённых покупок,0.0,0.0,0.0
16479,PayPal,4045.92,141.12,4187.04
16481,"Bank Transfer, PayPal",4085.26,365.63,4450.89
16482,Bank Transfer,3676.0,98.27,3774.27
16485,Нет завершённых покупок,0.0,0.0,0.0
16486,PayPal,3676.0,0.0,3676.0
16487,Нет завершённых покупок,0.0,0.0,0.0
16488,"Credit Card, PayPal",9702.1,157.69,9859.79
16489,Credit Card,2279.36,130.93,2410.29
16492,Bank Transfer,10257.12,0.0,10257.12
16493,Credit Card,1378.5,124.92,1503.42
16499,Нет завершённых покупок,0.0,0.0,0.0
16501,Credit Card,786.41,152.15,938.56
16502,"Bank Transfer, Credit Card",12969.62,127.96,13097.58
16503,Credit Card,3419.04,155.9,3574.94
16504,Credit Card,919.0,47.82,966.82
16506,Bank Transfer,2279.36,0.0,2279.36
16507,Credit Card,12191.12,310.0,12501.12
16509,Credit Card,5394.56,82.49,5477.05
16510,"Credit Card, PayPal",11338.2,131.15,11469.35
16512,Bank Transfer,5394.56,52.28,5446.84
16513,Нет завершённых покупок,0.0,0.0,0.0
16514,Нет завершённых покупок,0.0,0.0,0.0
16516,Credit Card,3611.8,87.61,3699.41
16517,Нет завершённых покупок,0.0,0.0,0.0
16518,Bank Transfer,6743.2,126.58,6869.78
16519,Нет завершённых покупок,0.0,0.0,0.0
16520,PayPal,919.0,14.66,933.66
16522,"Bank Transfer, PayPal",1500.86,182.93,1683.79
16523,Нет завершённых покупок,0.0,0.0,0.0
16524,Credit Card,722.36,59.02,781.38
16526,Credit Card,4718.46,39.75,4758.21
16527,Нет завершённых покупок,0.0,0.0,0.0
16529,PayPal,6068.88,0.0,6068.88
16531,Нет завершённых покупок,0.0,0.0,0.0
16532,Credit Card,1378.5,0.0,1378.5
16534,Credit Card,6291.28,148.07,6439.35
16535,Credit Card,361.18,67.11,428.29
16537,"Credit Card, PayPal",2022.96,123.03,2145.99
16540,Bank Transfer,786.41,0.0,786.41
16542,Credit Card,361.18,0.0,361.18
16543,PayPal,4558.72,70.82,4629.54
16545,Нет завершённых покупок,0.0,0.0,0.0
16550,"Bank Transfer, PayPal",2889.44,269.26,3158.7
16552,"Credit Card, PayPal",5454.28,118.78,5573.06
16553,Bank Transfer,1572.82,20.08,1592.9
16555,Credit Card,7977.76,162.19,8139.95
16556,Нет завершённых покупок,0.0,0.0,0.0
16557,Нет завершённых покупок,0.0,0.0,0.0
16558,Credit Card,4720.24,146.45,4866.69
16559,"Credit Card, PayPal",11283.14,159.4,11442.54
16560,PayPal,2022.96,99.4,2122.36
16561,PayPal,3216.5,154.29,3370.79
16564,PayPal,8611.37,165.05,8776.42
16566,PayPal,2359.23,102.3,2461.53
16568,PayPal,2359.23,145.64,2504.87
16570,Bank Transfer,3145.64,50.0,3195.64
16571,Credit Card,7977.76,97.26,8075.02
16572,"Bank Transfer, PayPal",11123.4,50.95,11174.35
16573,Bank Transfer,6743.2,47.82,6791.02
16574,"Bank Transfer, PayPal",6302.58,125.14,6427.72
16577,PayPal,3419.04,0.0,3419.04
16578,PayPal,1083.54,143.39,1226.93
16579,Bank Transfer,2167.08,0.0,2167.08
16581,Credit Card,7561.64,23.24,7584.88
16582,"Bank Transfer, Credit Card",5248.67,27.93,5276.6
16583,PayPal,7864.1,187.07,8051.17
16584,"Credit Card, PayPal",11114.72,185.03,11299.75
16588,"Credit Card, PayPal",4851.05,126.43,4977.48
16590,PayPal,1444.72,260.99,1705.71
16591,"Bank Transfer, PayPal",3860.96,245.75,4106.71
16592,Credit Card,7864.1,104.47,7968.57
16593,Credit Card,6068.88,145.88,6214.76
16595,"Bank Transfer, Credit Card",6068.88,271.27,6340.15
16597,PayPal,11396.8,153.76,11550.56
16599,Нет завершённых покупок,0.0,0.0,0.0
16600,Нет завершённых покупок,0.0,0.0,0.0
16602,Bank Transfer,3250.62,39.11,3289.73
16603,"Bank Transfer, Credit Card",12315.8,172.89,12488.69
16604,Bank Transfer,10854.18,340.23,11194.41
16605,Credit Card,1805.9,0.0,1805.9
16607,Нет завершённых покупок,0.0,0.0,0.0
16608,Нет завершённых покупок,0.0,0.0,0.0
16609,"Bank Transfer, Credit Card",16709.52,463.38,17172.9
16611,Нет завершённых покупок,0.0,0.0,0.0
16612,Bank Transfer,5698.4,0.0,5698.4
16613,PayPal,11414.94,156.49,11571.43
16614,PayPal,1838.0,0.0,1838.0
16615,Credit Card,2279.36,88.88,2368.24
16616,Credit Card,1838.0,0.0,1838.0
16619,Credit Card,3216.5,118.57,3335.07
16621,PayPal,361.18,48.06,409.24
16623,PayPal,6068.88,134.45,6203.33
16624,"Bank Transfer, Credit Card",12536.48,454.51,12990.99
16625,Bank Transfer,7864.1,10.86,7874.96
16626,PayPal,1444.72,118.31,1563.03
16628,Нет завершённых покупок,0.0,0.0,0.0
16629,"Credit Card, PayPal",2592.31,370.7,2963.01
16630,Credit Card,1805.9,161.41,1967.31
16635,PayPal,2167.08,166.36,2333.44
16636,PayPal,919.0,149.61,1068.61
16637,"Bank Transfer, Credit Card",12582.56,128.9,12711.46
16641,Credit Card,6629.33,202.35,6831.68
16644,PayPal,3250.62,118.44,3369.06
16645,Bank Transfer,6487.54,222.18,6709.72
16646,Bank Transfer,18765.72,171.05,18936.77
16647,Нет завершённых покупок,0.0,0.0,0.0
16648,Bank Transfer,3419.04,0.0,3419.04
16650,Нет завершённых покупок,0.0,0.0,0.0
16651,Bank Transfer,1705.41,95.57,1800.98
16655,"Credit Card, PayPal",8988.56,226.85,9215.41
16656,PayPal,3676.0,0.0,3676.0
16657,"Bank Transfer, PayPal",10426.78,93.09,10519.87
16658,Bank Transfer,919.0,54.28,973.28
16659,Credit Card,5698.4,159.38,5857.78
16661,Нет завершённых покупок,0.0,0.0,0.0
16667,Нет завершённых покупок,0.0,0.0,0.0
16669,Bank Transfer,3216.5,47.61,3264.11
16670,Credit Card,786.41,0.0,786.41
16672,"Bank Transfer, PayPal",9197.31,105.08,9302.39
16673,Нет завершённых покупок,0.0,0.0,0.0
16674,PayPal,2167.08,124.83,2291.91
16676,"Bank Transfer, Credit Card",16326.0,285.36,16611.36
16677,Bank Transfer,361.18,76.01,437.19
16679,Нет завершённых покупок,0.0,0.0,0.0
16681,Bank Transfer,4045.92,128.17,4174.09
16682,Нет завершённых покупок,0.0,0.0,0.0
16683,Bank Transfer,3371.6,76.93,3448.53
16684,Credit Card,4135.5,25.0,4160.5
16686,PayPal,6291.28,206.29,6497.57
16687,Bank Transfer,1083.54,65.63,1149.17
16689,Нет завершённых покупок,0.0,0.0,0.0
16690,Bank Transfer,10419.2,91.96,10511.16
16691,Нет завершённых покупок,0.0,0.0,0.0
16695,Credit Card,2359.23,0.0,2359.23
16696,"Credit Card, PayPal",6791.24,98.42,6889.66
16697,Bank Transfer,3676.0,0.0,3676.0
16699,Credit Card,3216.5,35.45,3251.95
16700,PayPal,674.32,43.86,718.18
16701,PayPal,4135.5,0.0,4135.5
16702,PayPal,2889.44,163.18,3052.62
16703,Нет завершённых покупок,0.0,0.0,0.0
16705,PayPal,6838.08,0.0,6838.08
16707,"Credit Card, PayPal",8650.51,154.56,8805.07
16708,PayPal,2297.5,187.66,2485.16
16709,Bank Transfer,3145.64,40.75,3186.39
16710,PayPal,361.18,167.8,528.98
16711,Нет завершённых покупок,0.0,0.0,0.0
16712,Нет завершённых покупок,0.0,0.0,0.0
16714,Credit Card,11396.8,0.0,11396.8
16715,Bank Transfer,11829.94,73.73,11903.67
16718,Нет завершённых покупок,0.0,0.0,0.0
16723,PayPal,11396.8,38.34,11435.14
16724,PayPal,1444.72,136.15,1580.87
16725,PayPal,6291.28,44.7,6335.98
16728,PayPal,3932.05,231.71,4163.76
16729,PayPal,1139.68,0.0,1139.68
16730,Нет завершённых покупок,0.0,0.0,0.0
16731,Credit Card,6068.88,0.0,6068.88
16732,Credit Card,11396.8,0.0,11396.8
16734,Нет завершённых покупок,0.0,0.0,0.0
16737,"Bank Transfer, PayPal",9366.34,346.59,9712.93
16738,Нет завершённых покупок,0.0,0.0,0.0
16741,"Credit Card, PayPal",8643.98,168.12,8812.1
16742,Нет завершённых покупок,0.0,0.0,0.0
16743,"Bank Transfer, Credit Card, PayPal",19667.8,136.45,19804.25
16744,PayPal,2841.4,348.52,3189.92
16745,Bank Transfer,674.32,162.06,836.38
16746,Нет завершённых покупок,0.0,0.0,0.0
16748,Bank Transfer,786.41,0.0,786.41
16749,"Bank Transfer, Credit Card",4767.68,171.93,4939.61
16750,PayPal,6743.2,0.0,6743.2
16751,Credit Card,6954.23,63.7,7017.93
16752,PayPal,4045.92,35.16,4081.08
16753,Bank Transfer,1572.82,73.6,1646.42
16755,Credit Card,2279.36,116.2,2395.56
16756,Credit Card,2022.96,95.59,2118.55
16759,Credit Card,5504.87,59.27,5564.14
16761,"Bank Transfer, Credit Card",13868.92,156.81,14025.73
16763,Bank Transfer,3145.64,159.9,3305.54
16764,Bank Transfer,4135.5,109.92,4245.42
16766,Bank Transfer,786.41,0.0,786.41
16767,Нет завершённых покупок,0.0,0.0,0.0
16768,"Bank Transfer, Credit Card, PayPal",18331.96,246.29,18578.25
16769,"Bank Transfer, Credit Card",5442.6,268.65,5711.25
16771,Bank Transfer,2757.0,56.14,2813.14
16772,PayPal,10257.12,0.0,10257.12
16775,PayPal,6291.28,71.86,6363.14
16777,Bank Transfer,3611.8,176.51,3788.31
16779,Нет завершённых покупок,0.0,0.0,0.0
16780,Bank Transfer,7864.1,154.79,8018.89
16782,"Credit Card, PayPal",6935.36,280.17,7215.53
16783,Нет завершённых покупок,0.0,0.0,0.0
16787,"Credit Card, PayPal",5454.28,455.19,5909.47
16788,Bank Transfer,1378.5,116.53,1495.03
16789,Credit Card,6068.88,0.0,6068.88
16790,Credit Card,1838.0,75.58,1913.58
16794,"Bank Transfer, PayPal",5424.42,83.4,5507.82
16795,Bank Transfer,722.36,64.1,786.46
16797,Нет завершённых покупок,0.0,0.0,0.0
16798,"Bank Transfer, PayPal",12459.1,159.61,12618.71
16799,"Credit Card, PayPal",16117.04,266.02,16383.06
16800,Credit Card,7864.1,190.12,8054.22
16802,Нет завершённых покупок,0.0,0.0,0.0
16804,Credit Card,4326.32,228.58,4554.9
16805,Bank Transfer,13234.8,108.01,13342.81
16808,"Credit Card, PayPal",7970.86,186.37,8157.23
16809,Credit Card,5394.56,48.18,5442.74
16810,Bank Transfer,3932.05,94.25,4026.3
16811,Нет завершённых покупок,0.0,0.0,0.0
16812,"Bank Transfer, PayPal",8650.51,92.48,8742.99
16813,PayPal,4720.24,252.14,4972.38
16816,Credit Card,722.36,0.0,722.36
16817,Credit Card,4595.0,49.74,4644.74
16818,"Credit Card, PayPal",3467.68,250.26,3717.94
16821,Нет завершённых покупок,0.0,0.0,0.0
16822,Нет завершённых покупок,0.0,0.0,0.0
16823,Bank Transfer,4720.24,61.1,4781.34
16824,PayPal,6291.28,153.75,6445.03
16825,Нет завершённых покупок,0.0,0.0,0.0
16826,Credit Card,459.5,97.09,556.59
16827,Credit Card,7970.86,80.61,8051.47
16828,Bank Transfer,5504.87,94.1,5598.97
16829,Credit Card,3676.0,159.29,3835.29
16830,PayPal,5383.58,12.84,5396.42
16831,PayPal,2279.36,105.94,2385.3
16833,Нет завершённых покупок,0.0,0.0,0.0
16834,Нет завершённых покупок,0.0,0.0,0.0
16835,Нет завершённых покупок,0.0,0.0,0.0
16836,"Bank Transfer, PayPal",4511.28,193.12,4704.4
16840,Bank Transfer,12793.44,73.81,12867.25
16841,Нет завершённых покупок,0.0,0.0,0.0
16843,"Bank Transfer, PayPal",1181.86,321.04,1502.9
16844,PayPal,459.5,196.77,656.27
16846,Credit Card,2167.08,0.0,2167.08
16847,Credit Card,2697.28,175.93,2873.21
16851,"Credit Card, PayPal",7281.14,243.86,7525.0
16852,Bank Transfer,2697.28,0.0,2697.28
16853,PayPal,2359.23,64.93,2424.16
16855,PayPal,6750.78,167.82,6918.6
16857,Credit Card,10257.12,213.55,10470.67
16861,Нет завершённых покупок,0.0,0.0,0.0
16863,PayPal,19872.56,92.58,19965.14
16864,Bank Transfer,1348.64,104.56,1453.2
16866,"Credit Card, PayPal",5224.94,236.47,5461.41
16867,Bank Transfer,6838.08,86.77,6924.85
16869,PayPal,2889.44,95.63,2985.07
16870,Credit Card,14970.42,515.34,15485.76
16871,Нет завершённых покупок,0.0,0.0,0.0
16873,Нет завершённых покупок,0.0,0.0,0.0
16874,PayPal,459.5,0.0,459.5
16876,Bank Transfer,2359.23,0.0,2359.23
16877,Bank Transfer,3611.8,42.99,3654.79
16878,Credit Card,3932.05,126.14,4058.19
16880,Нет завершённых покупок,0.0,0.0,0.0
16881,PayPal,1572.82,162.74,1735.56
16883,PayPal,3932.05,157.73,4089.78
16884,PayPal,459.5,0.0,459.5
16885,Bank Transfer,6838.08,35.93,6874.01
16886,PayPal,6967.38,219.18,7186.56
16887,Нет завершённых покупок,0.0,0.0,0.0
16888,Нет завершённых покупок,0.0,0.0,0.0
16889,Credit Card,4718.46,154.3,4872.76
16890,PayPal,2279.36,98.93,2378.29
16891,PayPal,6838.08,0.0,6838.08
16892,Credit Card,10690.26,113.26,10803.52
16894,"Bank Transfer, Credit Card",9006.36,459.76,9466.12
16896,Bank Transfer,20837.28,132.41,20969.69
16898,Credit Card,1083.54,0.0,1083.54
16900,Нет завершённых покупок,0.0,0.0,0.0
16901,Bank Transfer,6291.28,80.07,6371.35
16902,Нет завершённых покупок,0.0,0.0,0.0
16903,PayPal,10851.86,414.62,11266.48
16905,PayPal,2658.68,28.16,2686.84
16907,"Bank Transfer, PayPal",2488.32,253.42,2741.74
16908,PayPal,9117.44,25.53,9142.97
16909,PayPal,16630.05,117.45,16747.5
16910,Bank Transfer,2279.36,101.92,2381.28
16911,Bank Transfer,1378.5,107.03,1485.53
16912,"Bank Transfer, PayPal",5586.72,69.62,5656.34
16914,Нет завершённых покупок,0.0,0.0,0.0
16915,"Bank Transfer, PayPal",6068.88,83.36,6152.24
16917,"Bank Transfer, Credit Card",11043.53,47.06,11090.59
16918,Credit Card,674.32,221.99,896.31
16919,"Credit Card, PayPal",3676.0,411.08,4087.08
16920,Bank Transfer,1805.9,0.0,1805.9
16922,"Bank Transfer, Credit Card",9507.78,209.54,9717.32
16923,Нет завершённых покупок,0.0,0.0,0.0
16924,"Bank Transfer, Credit Card",7906.88,0.0,7906.88
16925,Credit Card,2528.26,0.0,2528.26
16926,Bank Transfer,4558.72,0.0,4558.72
16927,"Bank Transfer, Credit Card",12441.6,114.18,12555.78
16928,PayPal,361.18,190.38,551.56
16929,PayPal,7123.26,29.27,7152.53
16930,Нет завершённых покупок,0.0,0.0,0.0
16932,Credit Card,3676.0,81.59,3757.59
16933,PayPal,1444.72,134.1,1578.82
16934,Нет завершённых покупок,0.0,0.0,0.0
16935,Нет завершённых покупок,0.0,0.0,0.0
16939,Credit Card,1838.0,0.0,1838.0
16940,"Bank Transfer, PayPal",7123.26,349.81,7473.07
16942,Credit Card,2022.96,22.34,2045.3
16943,Bank Transfer,7256.0,165.45,7421.45
16944,Credit Card,3676.0,0.0,3676.0
16945,Нет завершённых покупок,0.0,0.0,0.0
16946,Нет завершённых покупок,0.0,0.0,0.0
16949,Bank Transfer,2528.26,60.15,2588.41
16950,Credit Card,11396.8,155.15,11551.95
16951,Нет завершённых покупок,0.0,0.0,0.0
16952,"Credit Card, PayPal",10223.33,207.04,10430.37
16953,Credit Card,1444.72,0.0,1444.72
16954,Нет завершённых покупок,0.0,0.0,0.0
16955,Нет завершённых покупок,0.0,0.0,0.0
16956,Нет завершённых покупок,0.0,0.0,0.0
16957,PayPal,13114.7,362.55,13477.25
16958,Bank Transfer,2167.08,90.89,2257.97
16960,PayPal,4718.46,15.65,4734.11
16963,Bank Transfer,9117.44,133.88,9251.32
16966,Credit Card,7077.69,0.0,7077.69
16967,PayPal,2757.0,61.27,2818.27
16968,Bank Transfer,919.0,167.98,1086.98
16969,"Credit Card, PayPal",11874.44,203.44,12077.88
16970,PayPal,2359.23,142.42,2501.65
16971,PayPal,2757.0,0.0,2757.0
16973,"Bank Transfer, PayPal",9967.13,211.51,10178.64
16975,Bank Transfer,3611.8,132.74,3744.54
16976,"Bank Transfer, Credit Card, PayPal",8715.94,71.94,8787.88
16977,Credit Card,6291.28,0.0,6291.28
16978,PayPal,10200.98,272.35,10473.33
16979,PayPal,10257.12,176.92,10434.04
16982,Credit Card,919.0,0.0,919.0
16983,Нет завершённых покупок,0.0,0.0,0.0
16985,Credit Card,6068.88,158.44,6227.32
16989,Нет завершённых покупок,0.0,0.0,0.0
16990,Bank Transfer,1348.64,153.57,1502.21
16993,Bank Transfer,3611.8,144.2,3756.0
16994,"Credit Card, PayPal",12459.1,64.09,12523.19
16995,Нет завершённых покупок,0.0,0.0,0.0
16997,Bank Transfer,786.41,139.92,926.33
16998,Credit Card,459.5,79.58,539.08
16999,Нет завершённых покупок,0.0,0.0,0.0
17000,Credit Card,2889.44,145.75,3035.19
17002,"Bank Transfer, PayPal",8587.84,314.17,8902.01
17005,Bank Transfer,5394.56,0.0,5394.56
17006,"Bank Transfer, Credit Card",5269.32,251.99,5521.31
17007,Нет завершённых покупок,0.0,0.0,0.0
17008,PayPal,2757.0,0.0,2757.0
17009,"Bank Transfer, PayPal",8091.84,278.93,8370.77
17011,Bank Transfer,8456.19,56.23,8512.42
17013,PayPal,2167.08,255.19,2422.27
17014,Bank Transfer,5504.87,0.0,5504.87
17016,Bank Transfer,4135.5,0.0,4135.5
17017,Credit Card,6291.28,15.94,6307.22
17020,"Bank Transfer, Credit Card",6838.08,313.8,7151.88
17021,PayPal,3676.0,40.09,3716.09
17026,Bank Transfer,1348.64,12.08,1360.72
17030,Credit Card,3250.62,183.72,3434.34
17031,"Bank Transfer, Credit Card",3145.64,212.46,3358.1
17032,Нет завершённых покупок,0.0,0.0,0.0
17036,Bank Transfer,3371.6,23.98,3395.58
17037,PayPal,13562.5,183.86,13746.36
17039,Credit Card,1838.0,0.0,1838.0
17041,PayPal,7864.1,228.59,8092.69
17042,"Bank Transfer, Credit Card",2164.91,88.45,2253.36
17043,Bank Transfer,7864.1,31.22,7895.32
17047,Нет завершённых покупок,0.0,0.0,0.0
17049,Bank Transfer,5504.87,99.31,5604.18
17050,PayPal,7969.54,82.02,8051.56
17052,Нет завершённых покупок,0.0,0.0,0.0
17054,Bank Transfer,22730.17,658.32,23388.49
17055,Credit Card,5923.26,141.79,6065.05
17058,Credit Card,4135.5,66.42,4201.92
17059,Нет завершённых покупок,0.0,0.0,0.0
17061,Нет завершённых покупок,0.0,0.0,0.0
17062,Bank Transfer,459.5,148.36,607.86
17064,Credit Card,4135.5,155.4,4290.9
17067,Нет завершённых покупок,0.0,0.0,0.0
17068,"Bank Transfer, PayPal",8181.42,287.94,8469.36
17070,Credit Card,11530.74,525.5,12056.24
17071,Credit Card,1083.54,127.37,1210.91
17072,Credit Card,5504.87,265.02,5769.89
17073,Нет завершённых покупок,0.0,0.0,0.0
17074,Нет завершённых покупок,0.0,0.0,0.0
17075,"Bank Transfer, Credit Card, PayPal",7588.66,333.83,7922.49
17076,Нет завершённых покупок,0.0,0.0,0.0
17077,Bank Transfer,4595.0,0.0,4595.0
17079,Bank Transfer,4135.5,91.52,4227.02
17083,Credit Card,14294.16,210.49,14504.65
17085,Credit Card,6838.08,59.4,6897.48
17086,Нет завершённых покупок,0.0,0.0,0.0
17087,Нет завершённых покупок,0.0,0.0,0.0
17088,Bank Transfer,5504.87,259.34,5764.21
17089,Нет завершённых покупок,0.0,0.0,0.0
17090,Нет завершённых покупок,0.0,0.0,0.0
17091,Bank Transfer,1444.72,0.0,1444.72
17094,PayPal,6838.08,0.0,6838.08
17096,"Bank Transfer, Credit Card",13868.92,178.26,14047.18
17097,Bank Transfer,13868.92,195.13,14064.05
17098,"Credit Card, PayPal",7639.92,398.11,8038.03
17099,Credit Card,3216.5,74.22,3290.72
17100,Bank Transfer,10257.12,0.0,10257.12
17101,Bank Transfer,3371.6,0.0,3371.6
17104,Bank Transfer,2528.26,113.65,2641.91
17106,Bank Transfer,3611.8,241.53,3853.33
17108,"Bank Transfer, PayPal",6821.64,43.67,6865.31
17109,Bank Transfer,7077.69,145.99,7223.68
17110,PayPal,919.0,0.0,919.0
17112,"Bank Transfer, Credit Card",2921.46,192.32,3113.78
17113,Нет завершённых покупок,0.0,0.0,0.0
17114,PayPal,3145.64,75.02,3220.66
17115,Credit Card,2528.26,0.0,2528.26
17117,Credit Card,786.41,210.52,996.93
17120,Credit Card,5394.56,71.57,5466.13
17121,Нет завершённых покупок,0.0,0.0,0.0
17122,Credit Card,1838.0,0.0,1838.0
17123,Нет завершённых покупок,0.0,0.0,0.0
17125,Credit Card,5698.4,173.69,5872.09
17128,Нет завершённых покупок,0.0,0.0,0.0
17130,"Bank Transfer, PayPal",7086.98,47.81,7134.79
17131,"Bank Transfer, PayPal",14941.79,222.69,15164.48
17132,PayPal,4718.46,157.3,4875.76
17133,Bank Transfer,1838.0,70.8,1908.8
17134,Bank Transfer,674.32,220.76,895.08
17136,Bank Transfer,2297.5,52.2,2349.7
17138,Credit Card,1083.54,67.18,1150.72
17140,Нет завершённых покупок,0.0,0.0,0.0
17141,Bank Transfer,6068.88,251.53,6320.41
17143,Credit Card,2757.0,0.0,2757.0
17144,Нет завершённых покупок,0.0,0.0,0.0
17145,PayPal,10708.4,175.7,10884.1
17146,Bank Transfer,722.36,54.41,776.77
17149,Bank Transfer,4558.72,82.33,4641.05
17152,"Bank Transfer, PayPal",4599.26,21.53,4620.79
17153,Bank Transfer,2022.96,164.82,2187.78
17154,PayPal,4595.0,147.95,4742.95
17155,Bank Transfer,15328.85,74.56,15403.41
17156,Нет завершённых покупок,0.0,0.0,0.0
17158,PayPal,2279.36,120.03,2399.39
17160,Bank Transfer,7513.6,210.67,7724.27
17161,Нет завершённых покупок,0.0,0.0,0.0
17162,Bank Transfer,9374.4,165.28,9539.68
17163,Credit Card,3378.72,101.05,3479.77
17165,PayPal,9887.06,63.42,9950.48
17166,PayPal,21653.92,226.49,21880.41
17169,PayPal,2167.08,114.19,2281.27
17170,Нет завершённых покупок,0.0,0.0,0.0
17172,PayPal,10257.12,0.0,10257.12
17174,PayPal,6291.28,90.55,6381.83
17175,Credit Card,9566.42,204.04,9770.46
17176,Bank Transfer,5504.87,93.1,5597.97
17178,Нет завершённых покупок,0.0,0.0,0.0
17179,Credit Card,2279.36,0.0,2279.36
17180,Credit Card,4720.24,20.04,4740.28
17182,"Bank Transfer, Credit Card",11396.8,304.29,11701.09
17183,Credit Card,674.32,88.71,763.03
17185,"Bank Transfer, PayPal",2945.58,31.64,2977.22
17186,Нет завершённых покупок,0.0,0.0,0.0
17188,"Bank Transfer, Credit Card",12472.25,24.16,12496.41
17191,"Credit Card, PayPal",2528.26,359.85,2888.11
17192,"Bank Transfer, Credit Card, PayPal",11253.5,124.92,11378.42
17193,Нет завершённых покупок,0.0,0.0,0.0
17194,PayPal,786.41,147.85,934.26
17195,Credit Card,459.5,74.85,534.35
17196,Нет завершённых покупок,0.0,0.0,0.0
17198,PayPal,2279.36,86.62,2365.98
17200,Credit Card,9117.44,0.0,9117.44
17201,PayPal,361.18,0.0,361.18
17202,PayPal,1838.0,174.81,2012.81
17204,Нет завершённых покупок,0.0,0.0,0.0
17205,Нет завершённых покупок,0.0,0.0,0.0
17207,Credit Card,6291.28,80.15,6371.43
17208,PayPal,1083.54,63.99,1147.53
17209,Credit Card,361.18,0.0,361.18
17211,PayPal,6068.88,204.37,6273.25
17214,Bank Transfer,3371.6,157.82,3529.42
17217,PayPal,6743.2,148.98,6892.18
17219,Bank Transfer,1083.54,0.0,1083.54
17220,Credit Card,4718.46,88.43,4806.89
17221,Bank Transfer,1348.64,159.32,1507.96
17223,PayPal,7977.76,0.0,7977.76
17226,Credit Card,361.18,27.14,388.32
17227,Credit Card,17310.58,129.23,17439.81
17229,Credit Card,3216.5,82.96,3299.46
17230,PayPal,2022.96,83.57,2106.53
17231,Bank Transfer,722.36,187.5,909.86
17232,PayPal,14656.12,297.31,14953.43
17234,Bank Transfer,919.0,157.5,1076.5
17236,Credit Card,24686.02,481.93,25167.95
17237,Credit Card,1838.0,93.95,1931.95
17239,Нет завершённых покупок,0.0,0.0,0.0
17241,Credit Card,9356.26,320.84,9677.1
17242,Нет завершённых покупок,0.0,0.0,0.0
17243,Credit Card,2032.32,220.48,2252.8
17244,Нет завершённых покупок,0.0,0.0,0.0
17246,Credit Card,12472.25,213.29,12685.54
17247,Credit Card,1572.82,24.27,1597.09
17248,"Bank Transfer, Credit Card, PayPal",12126.78,203.28,12330.06
17249,PayPal,3611.8,159.97,3771.77
17250,Bank Transfer,16707.35,285.2,16992.55
17251,Bank Transfer,7017.74,261.56,7279.3
17253,"Bank Transfer, PayPal",9285.38,220.83,9506.21
17254,Bank Transfer,3250.62,72.47,3323.09
17256,Credit Card,9117.44,110.0,9227.44
17257,Bank Transfer,3932.05,69.85,4001.9
17259,Credit Card,6291.28,73.83,6365.11
17262,PayPal,2279.36,0.0,2279.36
17264,"Bank Transfer, PayPal",4530.8,140.43,4671.23
17265,Нет завершённых покупок,0.0,0.0,0.0
17266,Нет завершённых покупок,0.0,0.0,0.0
17267,Bank Transfer,3381.04,294.0,3675.04
17269,Credit Card,15444.06,124.37,15568.43
17270,"Bank Transfer, PayPal",4356.18,324.97,4681.15
17271,Credit Card,919.0,0.0,919.0
17272,Bank Transfer,2359.23,81.81,2441.04
17273,Bank Transfer,2359.23,163.69,2522.92
17274,Нет завершённых покупок,0.0,0.0,0.0
17276,"Bank Transfer, Credit Card",3145.64,309.58,3455.22
17277,Нет завершённых покупок,0.0,0.0,0.0
17279,Нет завершённых покупок,0.0,0.0,0.0
17280,Bank Transfer,15955.52,0.0,15955.52
17283,Bank Transfer,2279.36,160.16,2439.52
17285,Credit Card,361.18,0.0,361.18
17286,PayPal,2757.0,44.23,2801.23
17289,Credit Card,1139.68,91.04,1230.72
17290,Bank Transfer,3932.05,95.5,4027.55
17291,Bank Transfer,4045.92,38.84,4084.76
17292,Bank Transfer,4718.46,112.63,4831.09
17294,"Bank Transfer, Credit Card",7152.42,176.36,7328.78
17295,PayPal,7977.76,172.2,8149.96
17297,Bank Transfer,14647.42,203.4,14850.82
17298,Credit Card,2528.26,80.39,2608.65
17300,Bank Transfer,7077.69,158.78,7236.47
17301,Bank Transfer,8460.22,138.48,8598.7
17302,Credit Card,8947.64,186.98,9134.62
17303,Bank Transfer,1139.68,162.01,1301.69
17304,Credit Card,1348.64,0.0,1348.64
17306,"Bank Transfer, Credit Card",10496.73,167.09,10663.82
17309,"Credit Card, PayPal",6176.04,0.0,6176.04
17311,PayPal,4045.92,77.55,4123.47
17314,"Bank Transfer, PayPal",4101.08,313.4,4414.48
17316,Credit Card,4350.32,106.72,4457.04
17317,Credit Card,6179.19,92.34,6271.53
17318,Credit Card,1444.72,258.15,1702.87
17319,PayPal,7977.76,231.07,8208.83
17320,PayPal,7077.69,98.67,7176.36
17321,Bank Transfer,2297.5,126.77,2424.27
17323,Bank Transfer,6068.88,46.98,6115.86
17325,PayPal,1838.0,207.57,2045.57
17330,PayPal,6838.08,115.33,6953.41
17332,Нет завершённых покупок,0.0,0.0,0.0
17333,Credit Card,3932.05,0.0,3932.05
17334,PayPal,5698.4,112.36,5810.76
17336,PayPal,1378.5,184.41,1562.91
17337,Bank Transfer,4558.72,173.96,4732.68
17338,Bank Transfer,1083.54,0.0,1083.54
17339,Bank Transfer,8725.86,167.51,8893.37
17340,PayPal,786.41,0.0,786.41
17342,Credit Card,21815.44,242.09,22057.53
17343,Credit Card,5504.87,85.06,5589.93
17344,Нет завершённых покупок,0.0,0.0,0.0
17347,Нет завершённых покупок,0.0,0.0,0.0
17348,Нет завершённых покупок,0.0,0.0,0.0
17349,PayPal,3250.62,0.0,3250.62
17350,Bank Transfer,2697.28,19.14,2716.42
17351,Bank Transfer,10306.96,327.28,10634.24
17352,PayPal,3932.05,50.05,3982.1
17354,Bank Transfer,3216.5,176.66,3393.16
17356,Нет завершённых покупок,0.0,0.0,0.0
17357,Bank Transfer,3676.0,0.0,3676.0
17358,PayPal,2359.23,174.21,2533.44
17359,"Bank Transfer, Credit Card",4135.5,159.11,4294.61
17360,Credit Card,3611.8,159.54,3771.34
17363,PayPal,3250.62,71.23,3321.85
17364,Bank Transfer,3250.62,0.0,3250.62
17365,Bank Transfer,10886.28,139.31,11025.59
17367,Credit Card,9180.87,164.86,9345.73
17368,"Credit Card, PayPal",8819.54,147.35,8966.89
17369,Credit Card,10902.14,307.85,11209.99
17370,"Bank Transfer, Credit Card",5955.01,241.94,6196.95
17371,Credit Card,1444.72,176.75,1621.47
17373,Bank Transfer,10675.25,153.75,10829.0
17378,PayPal,14574.87,228.17,14803.04
17379,Credit Card,4502.58,135.35,4637.93
17380,Нет завершённых покупок,0.0,0.0,0.0
17383,Credit Card,5394.56,96.04,5490.6
17384,Нет завершённых покупок,0.0,0.0,0.0
17385,PayPal,786.41,50.9,837.31
17386,PayPal,11396.8,218.0,11614.8
17387,PayPal,722.36,112.37,834.73
17388,Нет завершённых покупок,0.0,0.0,0.0
17389,Credit Card,6838.08,29.91,6867.99
17390,Нет завершённых покупок,0.0,0.0,0.0
17391,Нет завершённых покупок,0.0,0.0,0.0
17392,PayPal,15488.59,162.31,15650.9
17398,Credit Card,10257.12,243.97,10501.09
17400,Credit Card,2697.28,0.0,2697.28
17401,Bank Transfer,6743.2,0.0,6743.2
17403,PayPal,4558.72,233.35,4792.07
17404,Credit Card,1139.68,113.52,1253.2
17405,"Credit Card, PayPal",6917.95,133.91,7051.86
17410,Bank Transfer,1805.9,48.64,1854.54
17411,PayPal,9117.44,148.3,9265.74
17412,PayPal,2697.28,0.0,2697.28
17414,"Credit Card, PayPal",14260.36,326.15,14586.51
17415,Нет завершённых покупок,0.0,0.0,0.0
17417,PayPal,3932.05,0.0,3932.05
17418,Нет завершённых покупок,0.0,0.0,0.0
17419,Нет завершённых покупок,0.0,0.0,0.0
17421,Нет завершённых покупок,0.0,0.0,0.0
17422,"Credit Card, PayPal",2724.9,78.81,2803.71
17425,"Credit Card, PayPal",6140.06,195.15,6335.21
17426,Нет завершённых покупок,0.0,0.0,0.0
17429,Bank Transfer,6743.2,95.37,6838.57
17433,PayPal,1838.0,215.13,2053.13
17434,Bank Transfer,3216.5,66.68,3283.18
17435,Credit Card,2167.08,26.99,2194.07
17436,Bank Transfer,3611.8,68.11,3679.91
17438,Credit Card,4407.1,159.87,4566.97
17443,Нет завершённых покупок,0.0,0.0,0.0
17444,Bank Transfer,2022.96,50.65,2073.61
17445,PayPal,3145.64,0.0,3145.64
17446,Нет завершённых покупок,0.0,0.0,0.0
17447,Нет завершённых покупок,0.0,0.0,0.0
17448,Credit Card,11594.6,338.73,11933.33
17449,Bank Transfer,11396.8,310.65,11707.45
17450,PayPal,3419.04,102.55,3521.59
17451,Нет завершённых покупок,0.0,0.0,0.0
17453,Нет завершённых покупок,0.0,0.0,0.0
17455,Bank Transfer,3145.64,199.31,3344.95
17456,Credit Card,674.32,0.0,674.32
17457,Credit Card,2889.44,199.67,3089.11
17460,Нет завершённых покупок,0.0,0.0,0.0
17463,Credit Card,3932.05,145.62,4077.67
17464,Нет завершённых покупок,0.0,0.0,0.0
17465,Bank Transfer,3932.05,0.0,3932.05
17467,Bank Transfer,3419.04,142.59,3561.63
17469,"Bank Transfer, PayPal",4302.32,227.22,4529.54
17470,"Bank Transfer, PayPal",2359.23,123.64,2482.87
17471,"Bank Transfer, PayPal",7624.49,215.47,7839.96
17472,Нет завершённых покупок,0.0,0.0,0.0
17474,"Credit Card, PayPal",14613.3,75.31,14688.61
17475,PayPal,1348.64,64.17,1412.81
17476,Bank Transfer,15731.76,431.84,16163.6
17479,Credit Card,4558.72,90.62,4649.34
17480,Credit Card,722.36,0.0,722.36
17481,Credit Card,4135.5,80.65,4216.15
17482,Нет завершённых покупок,0.0,0.0,0.0
17483,Нет завершённых покупок,0.0,0.0,0.0
17484,PayPal,3145.64,136.69,3282.33
17485,PayPal,11396.8,0.0,11396.8
17486,PayPal,10257.12,0.0,10257.12
17487,"Bank Transfer, PayPal",7281.14,186.78,7467.92
17488,PayPal,4135.5,147.1,4282.6
17489,Нет завершённых покупок,0.0,0.0,0.0
17490,Нет завершённых покупок,0.0,0.0,0.0
17491,Нет завершённых покупок,0.0,0.0,0.0
17492,Bank Transfer,3145.64,129.27,3274.91
17494,Credit Card,2757.0,83.47,2840.47
17495,Bank Transfer,459.5,0.0,459.5
17496,PayPal,8261.87,54.16,8316.03
17497,PayPal,7882.88,230.04,8112.92
17498,Нет завершённых покупок,0.0,0.0,0.0
17499,Bank Transfer,2757.0,188.83,2945.83
17504,Credit Card,3250.62,0.0,3250.62
17505,Credit Card,1083.54,215.45,1298.99
17507,"Bank Transfer, PayPal",4045.92,0.0,4045.92
17511,"Credit Card, PayPal",3876.9,322.78,4199.68
17512,Нет завершённых покупок,0.0,0.0,0.0
17513,Нет завершённых покупок,0.0,0.0,0.0
17514,PayPal,6743.2,0.0,6743.2
17516,Credit Card,5394.56,0.0,5394.56
17518,"Bank Transfer, Credit Card",9727.52,213.99,9941.51
17519,Credit Card,5394.56,0.0,5394.56
17520,Credit Card,4718.46,18.87,4737.33
17521,PayPal,459.5,60.77,520.27
17522,Bank Transfer,3216.5,0.0,3216.5
17523,Нет завершённых покупок,0.0,0.0,0.0
17524,PayPal,6068.88,0.0,6068.88
17525,Нет завершённых покупок,0.0,0.0,0.0
17526,Credit Card,674.32,0.0,674.32
17528,PayPal,11396.8,163.68,11560.48
17533,"Bank Transfer, Credit Card",8235.96,159.93,8395.89
17535,PayPal,9381.85,244.25,9626.1
17536,Bank Transfer,9117.44,165.13,9282.57
17537,Bank Transfer,10613.52,122.1,10735.62
17538,PayPal,6291.28,72.61,6363.89
17539,Credit Card,10257.12,158.54,10415.66
17540,"Bank Transfer, Credit Card",4944.42,84.62,5029.04
17544,PayPal,1805.9,155.56,1961.46
17546,Нет завершённых покупок,0.0,0.0,0.0
17548,PayPal,5394.56,0.0,5394.56
17550,Credit Card,4558.72,84.43,4643.15
17551,PayPal,2022.96,25.63,2048.59
17554,"Credit Card, PayPal",10562.16,66.33,10628.49
17556,Bank Transfer,2528.26,107.2,2635.46
17560,Bank Transfer,10008.06,161.12,10169.18
17561,Нет завершённых покупок,0.0,0.0,0.0
17562,Нет завершённых покупок,0.0,0.0,0.0
17565,Credit Card,10257.12,0.0,10257.12
17567,Bank Transfer,10257.12,113.87,10370.99
17568,Нет завершённых покупок,0.0,0.0,0.0
17569,Нет завершённых покупок,0.0,0.0,0.0
17570,PayPal,6068.88,109.5,6178.38
17571,PayPal,1572.82,126.83,1699.65
17572,PayPal,6838.08,105.59,6943.67
17573,PayPal,2167.08,0.0,2167.08
17574,"Bank Transfer, PayPal",4797.54,257.47,5055.01
17575,Bank Transfer,3216.5,127.78,3344.28
17576,PayPal,6291.28,0.0,6291.28
17577,Нет завершённых покупок,0.0,0.0,0.0
17578,Bank Transfer,2359.23,0.0,2359.23
17579,"Bank Transfer, PayPal",15860.64,113.67,15974.31
17580,PayPal,4135.5,145.85,4281.35
17583,Нет завершённых покупок,0.0,0.0,0.0
17584,"Bank Transfer, PayPal",4045.92,199.15,4245.07
17585,"Credit Card, PayPal",3906.76,312.32,4219.08
17586,Нет завершённых покупок,0.0,0.0,0.0
17587,Credit Card,9605.95,278.04,9883.99
17588,Bank Transfer,4045.92,53.71,4099.63
17590,Нет завершённых покупок,0.0,0.0,0.0
17591,Credit Card,6743.2,83.26,6826.46
17592,Credit Card,1572.82,72.18,1645.0
17596,"Bank Transfer, Credit Card",14622.31,222.59,14844.9
17597,Bank Transfer,1444.72,0.0,1444.72
17599,Credit Card,1572.82,218.64,1791.46
17600,Bank Transfer,6743.2,78.38,6821.58
17601,PayPal,2167.08,0.0,2167.08
17603,Нет завершённых покупок,0.0,0.0,0.0
17605,Bank Transfer,5504.87,0.0,5504.87
17606,Bank Transfer,4720.24,62.8,4783.04
17607,PayPal,2167.08,132.81,2299.89
17608,Credit Card,1083.54,82.91,1166.45
17610,"Bank Transfer, PayPal",4595.0,143.57,4738.57
17611,"Credit Card, PayPal",6116.32,171.67,6287.99
17613,Credit Card,1139.68,0.0,1139.68
17615,PayPal,7077.69,0.0,7077.69
17616,Credit Card,3216.5,160.47,3376.97
17617,"Credit Card, PayPal",11080.6,0.0,11080.6
17619,PayPal,674.32,160.27,834.59
17623,Нет завершённых покупок,0.0,0.0,0.0
17624,Нет завершённых покупок,0.0,0.0,0.0
17625,Bank Transfer,3611.8,116.68,3728.48
17627,Bank Transfer,4045.92,0.0,4045.92
17628,Credit Card,786.41,55.99,842.4
17629,Credit Card,10083.4,301.08,10384.48
17631,Credit Card,459.5,163.46,622.96
17632,Credit Card,16981.54,66.95,17048.49
17633,"Credit Card, PayPal",11796.15,284.24,12080.39
17636,PayPal,6068.88,118.41,6187.29
17638,Bank Transfer,5504.87,176.31,5681.18
17640,"Bank Transfer, Credit Card",6213.0,113.56,6326.56
17641,"Bank Transfer, PayPal",10789.12,182.16,10971.28
17642,PayPal,6291.28,68.35,6359.63
17643,Bank Transfer,786.41,120.14,906.55
17644,PayPal,919.0,81.61,1000.61
17645,Credit Card,4045.92,128.07,4173.99
17646,Нет завершённых покупок,0.0,0.0,0.0
17647,Credit Card,12572.76,233.24,12806.0
17648,PayPal,1444.72,75.58,1520.3
17649,Нет завершённых покупок,0.0,0.0,0.0
17650,Bank Transfer,2889.44,79.57,2969.01
17652,Bank Transfer,3250.62,52.26,3302.88
17653,PayPal,2022.96,53.43,2076.39
17654,"Credit Card, PayPal",6839.28,205.34,7044.62
17655,Нет завершённых покупок,0.0,0.0,0.0
17656,Bank Transfer,4720.24,112.35,4832.59
17658,PayPal,1444.72,70.02,1514.74
17661,Нет завершённых покупок,0.0,0.0,0.0
17663,Нет завершённых покупок,0.0,0.0,0.0
17666,Bank Transfer,3676.0,142.51,3818.51
17667,"Bank Transfer, Credit Card, PayPal",7352.0,108.97,7460.97
17668,PayPal,1838.0,0.0,1838.0
17669,PayPal,1805.9,0.0,1805.9
17672,Bank Transfer,3250.62,86.75,3337.37
17673,PayPal,2757.0,0.0,2757.0
17676,PayPal,1444.72,136.74,1581.46
17677,Bank Transfer,4558.72,183.48,4742.2
17678,PayPal,20884.72,189.55,21074.27
17680,Bank Transfer,4558.72,78.54,4637.26
17682,Нет завершённых покупок,0.0,0.0,0.0
17683,"Bank Transfer, Credit Card",9440.48,264.15,9704.63
17687,Нет завершённых покупок,0.0,0.0,0.0
17688,Credit Card,2022.96,67.37,2090.33
17689,Нет завершённых покупок,0.0,0.0,0.0
17690,"Bank Transfer, PayPal",16981.54,36.45,17017.99
17691,Нет завершённых покупок,0.0,0.0,0.0
17692,Credit Card,7977.76,111.86,8089.62
17693,PayPal,4460.09,313.09,4773.18
17694,Credit Card,6068.88,15.01,6083.89
17696,Нет завершённых покупок,0.0,0.0,0.0
17699,Нет завершённых покупок,0.0,0.0,0.0
17700,Credit Card,14542.44,0.0,14542.44
17701,Bank Transfer,6838.08,111.41,6949.49
17704,PayPal,2697.28,90.56,2787.84
17706,PayPal,2297.5,118.15,2415.65
17712,"Bank Transfer, Credit Card",7095.04,327.86,7422.9
17713,"Bank Transfer, PayPal",8586.46,275.58,8862.04
17714,"Bank Transfer, Credit Card, PayPal",13835.13,410.07,14245.2
17715,PayPal,9495.64,244.97,9740.61
17716,Нет завершённых покупок,0.0,0.0,0.0
17717,Нет завершённых покупок,0.0,0.0,0.0
17718,Bank Transfer,2297.5,45.34,2342.84
17719,PayPal,8586.46,183.86,8770.32
17720,Credit Card,2297.5,0.0,2297.5
17721,Credit Card,3216.5,0.0,3216.5
17722,Нет завершённых покупок,0.0,0.0,0.0
17725,Bank Transfer,11396.8,19.65,11416.45
17726,Нет завершённых покупок,0.0,0.0,0.0
17727,Bank Transfer,2297.5,0.0,2297.5
17728,Credit Card,3371.6,0.0,3371.6
17729,"Bank Transfer, Credit Card",6565.44,284.44,6849.88
17730,Credit Card,8271.0,153.08,8424.08
17731,Нет завершённых покупок,0.0,0.0,0.0
17733,PayPal,1572.82,0.0,1572.82
17736,Нет завершённых покупок,0.0,0.0,0.0
17740,Bank Transfer,10257.72,228.27,10485.99
17741,Credit Card,6291.28,0.0,6291.28
17744,Credit Card,7076.9,270.56,7347.46
17746,Нет завершённых покупок,0.0,0.0,0.0
17748,Bank Transfer,5269.32,392.53,5661.85
17749,Bank Transfer,7977.76,74.16,8051.92
17752,Нет завершённых покупок,0.0,0.0,0.0
17753,Bank Transfer,12245.7,268.34,12514.04
17755,Bank Transfer,919.0,148.85,1067.85
17758,Нет завершённых покупок,0.0,0.0,0.0
17759,Bank Transfer,3419.04,83.17,3502.21
17762,Bank Transfer,13635.84,183.6,13819.44
17764,Credit Card,674.32,53.87,728.19
17765,PayPal,1838.0,33.17,1871.17
17767,Bank Transfer,2757.0,33.98,2790.98
17769,"Bank Transfer, PayPal",2626.58,58.6,2685.18
17770,Нет завершённых покупок,0.0,0.0,0.0
17772,Credit Card,6743.2,0.0,6743.2
17773,Нет завершённых покупок,0.0,0.0,0.0
17774,Credit Card,1348.64,87.62,1436.26
17775,Credit Card,1805.9,23.56,1829.46
17776,PayPal,11396.8,0.0,11396.8
17778,PayPal,2297.5,92.81,2390.31
17779,PayPal,3145.64,0.0,3145.64
17780,"Bank Transfer, PayPal",15186.32,111.54,15297.86
17781,Нет завершённых покупок,0.0,0.0,0.0
17782,"Credit Card, PayPal",11009.74,166.76,11176.5
17783,Нет завершённых покупок,0.0,0.0,0.0
17785,PayPal,11396.8,0.0,11396.8
17787,Bank Transfer,2279.36,60.22,2339.58
17788,Credit Card,10088.7,130.6,10219.3
17790,Нет завершённых покупок,0.0,0.0,0.0
17792,"Credit Card, PayPal",12441.6,113.22,12554.82
17793,PayPal,3676.0,125.53,3801.53
17794,PayPal,1444.72,18.19,1462.91
17796,Bank Transfer,3676.0,55.52,3731.52
17797,"Bank Transfer, Credit Card",1599.18,50.67,1649.85
17798,"Credit Card, PayPal",17848.73,277.1,18125.83
17799,Нет завершённых покупок,0.0,0.0,0.0
17800,"Bank Transfer, PayPal",8217.37,187.15,8404.52
17801,"Bank Transfer, PayPal",8091.84,201.01,8292.85
17802,Bank Transfer,11396.8,149.15,11545.95
17804,Credit Card,4045.92,92.26,4138.18
17805,"Credit Card, PayPal",13034.48,85.69,13120.17
17806,Bank Transfer,4595.0,199.27,4794.27
17808,"Bank Transfer, Credit Card, PayPal",6874.36,180.91,7055.27
17810,PayPal,1838.0,0.0,1838.0
17811,Нет завершённых покупок,0.0,0.0,0.0
17812,Credit Card,7246.72,275.46,7522.18
17813,Нет завершённых покупок,0.0,0.0,0.0
17814,Bank Transfer,1838.0,41.67,1879.67
17815,Bank Transfer,2022.96,194.78,2217.74
17816,PayPal,3676.0,0.0,3676.0
17817,PayPal,3250.62,92.71,3343.33
17819,Нет завершённых покупок,0.0,0.0,0.0
17820,Credit Card,1805.9,67.09,1872.99
17821,Bank Transfer,10257.12,0.0,10257.12
17822,Bank Transfer,2279.36,139.37,2418.73
17824,Bank Transfer,6743.2,42.48,6785.68
17825,Нет завершённых покупок,0.0,0.0,0.0
17827,PayPal,786.41,187.43,973.84
17828,Credit Card,3932.05,12.52,3944.57
17829,Credit Card,361.18,118.35,479.53
17831,PayPal,4720.24,97.78,4818.02
17838,PayPal,9117.44,0.0,9117.44
17840,Credit Card,7864.1,0.0,7864.1
17843,Нет завершённых покупок,0.0,0.0,0.0
17844,PayPal,2757.0,0.0,2757.0
17845,Нет завершённых покупок,0.0,0.0,0.0
17846,Нет завершённых покупок,0.0,0.0,0.0
17847,"Credit Card, PayPal",12745.44,146.54,12891.98
17849,Нет завершённых покупок,0.0,0.0,0.0
17851,Credit Card,7977.76,61.09,8038.85
17852,Нет завершённых покупок,0.0,0.0,0.0
17853,Credit Card,11767.28,131.33,11898.61
17854,Credit Card,3216.5,120.02,3336.52
17855,"Bank Transfer, PayPal",4779.96,194.75,4974.71
17856,PayPal,3371.6,52.27,3423.87
17859,Credit Card,6838.08,99.04,6937.12
17862,Нет завершённых покупок,0.0,0.0,0.0
17863,Нет завершённых покупок,0.0,0.0,0.0
17864,Credit Card,10257.12,99.38,10356.5
17865,Bank Transfer,4718.46,16.88,4735.34
17868,"Bank Transfer, PayPal",8091.84,142.5,8234.34
17870,Bank Transfer,15027.2,99.08,15126.28
17871,"Bank Transfer, Credit Card",2432.18,126.14,2558.32
17873,"Credit Card, PayPal",4797.54,261.78,5059.32
17874,Bank Transfer,10257.12,165.33,10422.45
17876,Credit Card,1444.72,156.95,1601.67
17877,Нет завершённых покупок,0.0,0.0,0.0
17881,Bank Transfer,2528.26,0.0,2528.26
17883,PayPal,3306.76,87.69,3394.45
17884,Нет завершённых покупок,0.0,0.0,0.0
17885,Bank Transfer,6068.88,97.66,6166.54
17886,Нет завершённых покупок,0.0,0.0,0.0
17887,Bank Transfer,3611.8,0.0,3611.8
17888,PayPal,3371.6,179.15,3550.75
17889,Credit Card,4111.5,263.98,4375.48
17890,Credit Card,16791.36,95.72,16887.08
17891,Bank Transfer,5504.87,67.44,5572.31
17892,Нет завершённых покупок,0.0,0.0,0.0
17893,Нет завершённых покупок,0.0,0.0,0.0
17897,"Credit Card, PayPal",5803.78,196.76,6000.54
17898,Нет завершённых покупок,0.0,0.0,0.0
17900,PayPal,9117.44,367.78,9485.22
17901,Bank Transfer,2167.08,150.43,2317.51
17902,PayPal,3371.6,0.0,3371.6
17903,Credit Card,1444.72,150.47,1595.19
17904,Нет завершённых покупок,0.0,0.0,0.0
17905,PayPal,2528.26,0.0,2528.26
17906,"Bank Transfer, Credit Card",10716.62,90.81,10807.43
17907,"Bank Transfer, PayPal",7077.69,193.36,7271.05
17908,Bank Transfer,3371.6,0.0,3371.6
17909,Нет завершённых покупок,0.0,0.0,0.0
17910,PayPal,7864.1,114.78,7978.88
17911,Credit Card,9117.44,101.95,9219.39
17912,PayPal,7977.76,78.39,8056.15
17913,Credit Card,674.32,257.81,932.13
17914,PayPal,459.5,0.0,459.5
17915,Bank Transfer,4382.19,136.59,4518.78
17917,Нет завершённых покупок,0.0,0.0,0.0
17918,Bank Transfer,2757.0,93.64,2850.64
17919,Credit Card,7303.65,329.84,7633.49
17922,Credit Card,2697.28,252.76,2950.04
17924,Bank Transfer,3250.62,0.0,3250.62
17925,Нет завершённых покупок,0.0,0.0,0.0
17926,PayPal,10257.12,190.57,10447.69
17928,PayPal,5637.46,252.05,5889.51
17929,Credit Card,8652.64,166.97,8819.61
17930,Нет завершённых покупок,0.0,0.0,0.0
17933,Credit Card,7077.69,10.95,7088.64
17934,PayPal,5698.4,0.0,5698.4
17935,PayPal,361.18,184.4,545.58
17938,PayPal,3932.05,62.83,3994.88
17939,PayPal,2022.96,101.94,2124.9
17942,"Bank Transfer, PayPal",7438.87,129.71,7568.58
17943,Credit Card,2022.96,0.0,2022.96
17945,Credit Card,4720.24,384.57,5104.81
17946,PayPal,9792.32,219.76,10012.08
17950,Bank Transfer,4135.5,0.0,4135.5
17953,Нет завершённых покупок,0.0,0.0,0.0
17954,Bank Transfer,10257.12,80.43,10337.55
17956,Bank Transfer,6501.24,138.84,6640.08
17958,Credit Card,9117.44,0.0,9117.44
17959,Credit Card,6068.88,15.46,6084.34
17961,Bank Transfer,722.36,192.57,914.93
17963,Credit Card,1838.0,72.17,1910.17
17964,PayPal,4045.92,150.35,4196.27
17966,"Bank Transfer, PayPal",4956.18,151.14,5107.32
17969,"Bank Transfer, Credit Card",5778.27,228.24,6006.51
17972,Bank Transfer,4135.5,56.34,4191.84
17973,Нет завершённых покупок,0.0,0.0,0.0
17974,PayPal,1139.68,0.0,1139.68
17975,Bank Transfer,7752.01,212.47,7964.48
17976,Credit Card,4595.0,98.75,4693.75
17977,Credit Card,3932.05,0.0,3932.05
17979,PayPal,7310.77,245.52,7556.29
17980,Credit Card,722.36,0.0,722.36
17982,Credit Card,4101.08,0.0,4101.08
17983,Bank Transfer,1083.54,0.0,1083.54
17984,Нет завершённых покупок,0.0,0.0,0.0
17985,Нет завершённых покупок,0.0,0.0,0.0
17986,PayPal,4718.46,30.87,4749.33
17987,PayPal,11396.8,63.89,11460.69
17989,Bank Transfer,6291.28,0.0,6291.28
17990,Bank Transfer,12601.34,453.61,13054.95
17992,"Bank Transfer, Credit Card",7653.5,303.86,7957.36
17994,Нет завершённых покупок,0.0,0.0,0.0
17995,Нет завершённых покупок,0.0,0.0,0.0
17996,Bank Transfer,786.41,0.0,786.41
17997,Bank Transfer,11396.8,53.39,11450.19
17998,"Bank Transfer, Credit Card",1805.9,79.94,1885.84
17999,"Bank Transfer, PayPal",3938.86,39.17,3978.03
18001,Bank Transfer,2297.5,200.75,2498.25
18002,Credit Card,2757.0,142.52,2899.52
18003,Нет завершённых покупок,0.0,0.0,0.0
18004,Bank Transfer,786.41,0.0,786.41
18006,Credit Card,9117.44,0.0,9117.44
18007,Bank Transfer,6068.88,0.0,6068.88
18008,Нет завершённых покупок,0.0,0.0,0.0
18009,PayPal,3419.04,38.7,3457.74
18010,Bank Transfer,722.36,109.07,831.43
18011,"Credit Card, PayPal",9727.52,307.28,10034.8
18013,PayPal,8091.84,260.64,8352.48
18014,Credit Card,4558.72,118.76,4677.48
18015,Нет завершённых покупок,0.0,0.0,0.0
18017,Нет завершённых покупок,0.0,0.0,0.0
18018,Bank Transfer,2297.5,208.57,2506.07
18019,PayPal,10257.12,99.8,10356.92
18020,Нет завершённых покупок,0.0,0.0,0.0
18021,Нет завершённых покупок,0.0,0.0,0.0
18022,PayPal,8341.48,443.76,8785.24
18023,"Bank Transfer, PayPal",8766.16,37.69,8803.85
18024,PayPal,459.5,162.57,622.07
18025,Нет завершённых покупок,0.0,0.0,0.0
18026,"Bank Transfer, Credit Card, PayPal",20482.23,136.2,20618.43
18028,Bank Transfer,3419.04,119.44,3538.48
18029,PayPal,6588.41,32.23,6620.64
18030,Credit Card,5394.56,74.92,5469.48
18032,PayPal,1083.54,53.55,1137.09
18033,Bank Transfer,2279.36,230.84,2510.2
18034,Нет завершённых покупок,0.0,0.0,0.0
18035,Credit Card,2889.44,27.86,2917.3
18036,"Credit Card, PayPal",5770.05,31.31,5801.36
18039,Нет завершённых покупок,0.0,0.0,0.0
18040,"Bank Transfer, PayPal",5177.96,147.1,5325.06
18041,Credit Card,3932.05,15.53,3947.58
18044,Credit Card,6068.88,146.58,6215.46
18045,Credit Card,1572.82,86.21,1659.03
18046,Credit Card,3371.6,0.0,3371.6
18047,Нет завершённых покупок,0.0,0.0,0.0
18048,Нет завершённых покупок,0.0,0.0,0.0
18049,"Bank Transfer, Credit Card",7507.1,203.21,7710.31
18050,Bank Transfer,7864.1,0.0,7864.1
18051,PayPal,1444.72,189.19,1633.91
18053,"Bank Transfer, Credit Card",10000.72,87.23,10087.95
18054,"Credit Card, PayPal",7692.06,281.77,7973.83
18056,Нет завершённых покупок,0.0,0.0,0.0
18057,Нет завершённых покупок,0.0,0.0,0.0
18058,"Bank Transfer, PayPal",6839.28,188.46,7027.74
18060,Нет завершённых покупок,0.0,0.0,0.0
18061,Нет завершённых покупок,0.0,0.0,0.0
18062,"Credit Card, PayPal",5514.0,0.0,5514.0
18063,Bank Transfer,2297.5,11.42,2308.92
18064,PayPal,2697.28,37.78,2735.06
18065,Credit Card,722.36,92.07,814.43
18066,Bank Transfer,3250.62,152.66,3403.28
18067,Bank Transfer,2697.28,39.9,2737.18
18070,Нет завершённых покупок,0.0,0.0,0.0
18071,Bank Transfer,5504.87,85.16,5590.03
18073,Credit Card,9670.0,145.29,9815.29
18074,PayPal,5770.05,93.17,5863.22
18075,Нет завершённых покупок,0.0,0.0,0.0
18076,Нет завершённых покупок,0.0,0.0,0.0
18077,"Bank Transfer, PayPal",13049.49,288.17,13337.66
18079,Credit Card,5698.4,167.74,5866.14
18080,Нет завершённых покупок,0.0,0.0,0.0
18082,Credit Card,6743.2,42.75,6785.95
18084,Нет завершённых покупок,0.0,0.0,0.0
18086,Credit Card,674.32,92.28,766.6
18091,Bank Transfer,361.18,141.38,502.56
18092,Нет завершённых покупок,0.0,0.0,0.0
18093,Credit Card,361.18,0.0,361.18
18095,Credit Card,5504.87,0.0,5504.87
18096,Bank Transfer,11874.44,259.65,12134.09
18098,Credit Card,3419.04,151.22,3570.26
18100,Bank Transfer,1838.0,114.47,1952.47
18102,Bank Transfer,6068.88,81.31,6150.19
18103,PayPal,9349.74,285.22,9634.96
18104,Credit Card,674.32,95.06,769.38
18105,PayPal,786.41,167.07,953.48
18108,Нет завершённых покупок,0.0,0.0,0.0
18113,Credit Card,6068.88,105.72,6174.6
18114,"Bank Transfer, Credit Card, PayPal",8211.28,179.42,8390.7
18116,PayPal,2022.96,98.91,2121.87
18118,PayPal,674.32,195.17,869.49
18119,"Bank Transfer, Credit Card",7352.0,86.01,7438.01
18120,Нет завершённых покупок,0.0,0.0,0.0
18121,Нет завершённых покупок,0.0,0.0,0.0
18122,Bank Transfer,5504.87,0.0,5504.87
18125,"Credit Card, PayPal",4767.68,160.13,4927.81
18126,"Bank Transfer, PayPal",16326.0,301.69,16627.69
18127,"Credit Card, PayPal",7076.9,231.71,7308.61
18129,PayPal,3676.0,12.8,3688.8
18130,Нет завершённых покупок,0.0,0.0,0.0
18131,Нет завершённых покупок,0.0,0.0,0.0
18132,Credit Card,786.41,224.72,1011.13
18133,Bank Transfer,9212.74,182.37,9395.11
18135,Credit Card,3611.8,184.47,3796.27
18136,PayPal,1348.64,103.19,1451.83
18138,Нет завершённых покупок,0.0,0.0,0.0
18140,Нет завершённых покупок,0.0,0.0,0.0
18141,PayPal,3371.6,41.31,3412.91
18143,Нет завершённых покупок,0.0,0.0,0.0
18144,Credit Card,15361.28,365.45,15726.73
18146,PayPal,18060.34,502.68,18563.02
18147,PayPal,3932.05,81.25,4013.3
18149,Нет завершённых покупок,0.0,0.0,0.0
18151,Bank Transfer,4135.5,241.68,4377.18
18152,"Bank Transfer, PayPal",4205.45,212.59,4418.04
18154,Нет завершённых покупок,0.0,0.0,0.0
18155,Credit Card,3216.5,172.27,3388.77
18156,PayPal,17334.81,88.85,17423.66
18157,Credit Card,361.18,0.0,361.18
18158,PayPal,2297.5,67.4,2364.9
18159,PayPal,7077.69,108.46,7186.15
18160,Bank Transfer,3145.64,239.69,3385.33
18162,PayPal,2757.0,0.0,2757.0
18164,Credit Card,4595.0,79.99,4674.99
18166,Credit Card,5698.4,182.17,5880.57
18169,Bank Transfer,4595.0,147.7,4742.7
18170,PayPal,2889.44,0.0,2889.44
18172,Credit Card,7864.1,224.89,8088.99
18173,Нет завершённых покупок,0.0,0.0,0.0
18175,"Bank Transfer, PayPal",10355.0,182.47,10537.47
18176,PayPal,3932.05,0.0,3932.05
18177,Bank Transfer,5394.56,176.85,5571.41
18178,"Bank Transfer, Credit Card",8394.31,99.1,8493.41
18181,Credit Card,2022.96,0.0,2022.96
18183,Credit Card,1083.54,171.52,1255.06
18184,Нет завершённых покупок,0.0,0.0,0.0
18185,Нет завершённых покупок,0.0,0.0,0.0
18187,PayPal,786.41,142.73,929.14
18191,"Credit Card, PayPal",8645.18,276.2,8921.38
18192,Credit Card,2757.0,78.88,2835.88
18193,Credit Card,2757.0,39.45,2796.45
18194,Credit Card,3419.04,160.06,3579.1
18196,Credit Card,6838.08,0.0,6838.08
18197,Credit Card,4135.5,15.54,4151.04
18198,Bank Transfer,2279.36,241.35,2520.71
18199,PayPal,2528.26,78.31,2606.57
18200,Нет завершённых покупок,0.0,0.0,0.0
18201,Нет завершённых покупок,0.0,0.0,0.0
18202,Нет завершённых покупок,0.0,0.0,0.0
18206,Credit Card,5698.4,95.37,5793.77
18208,PayPal,10257.12,86.71,10343.83
18210,"Bank Transfer, PayPal",11605.76,52.22,11657.98
18211,Credit Card,1139.68,0.0,1139.68
18213,Bank Transfer,786.41,149.97,936.38
18214,Нет завершённых покупок,0.0,0.0,0.0
18215,Нет завершённых покупок,0.0,0.0,0.0
18217,PayPal,10257.12,44.84,10301.96
18218,Credit Card,14542.44,156.16,14698.6
18219,PayPal,19959.16,322.05,20281.21
18220,Bank Transfer,11928.8,211.71,12140.51
18221,PayPal,6743.2,143.64,6886.84
18222,Bank Transfer,919.0,130.14,1049.14
18224,Credit Card,2297.5,123.82,2421.32
18225,Нет завершённых покупок,0.0,0.0,0.0
18226,PayPal,16419.2,171.78,16590.98
18227,"Credit Card, PayPal",9576.94,139.58,9716.52
18229,PayPal,722.36,0.0,722.36
18230,Bank Transfer,4558.72,25.66,4584.38
18232,PayPal,722.36,178.25,900.61
18238,Нет завершённых покупок,0.0,0.0,0.0
18239,PayPal,3250.62,86.41,3337.03
18240,Bank Transfer,1083.54,98.54,1182.08
18241,PayPal,786.41,46.1,832.51
18243,Bank Transfer,9117.44,123.1,9240.54
18246,"Bank Transfer, Credit Card",4105.64,451.45,4557.09
18249,Bank Transfer,3611.8,27.25,3639.05
18251,"Bank Transfer, PayPal",6757.44,34.84,6792.28
18252,"Bank Transfer, Credit Card",16195.13,269.15,16464.28
18254,Bank Transfer,5504.87,151.03,5655.9
18255,PayPal,361.18,143.75,504.93
18256,"Bank Transfer, Credit Card",3081.59,325.53,3407.12
18257,"Bank Transfer, Credit Card",13049.49,199.09,13248.58
18259,Нет завершённых покупок,0.0,0.0,0.0
18262,Credit Card,1838.0,17.26,1855.26
18263,PayPal,1444.72,161.28,1606.0
18264,Credit Card,1083.54,145.43,1228.97
18266,"Bank Transfer, Credit Card, PayPal",7753.79,116.15,7869.94
18267,Credit Card,9117.44,101.9,9219.34
18269,Bank Transfer,3676.0,124.33,3800.33
18270,Bank Transfer,1083.54,108.35,1191.89
18272,Credit Card,4045.92,97.92,4143.84
18273,"Credit Card, PayPal",11796.15,237.54,12033.69
18274,Нет завершённых покупок,0.0,0.0,0.0
18275,PayPal,674.32,0.0,674.32
18276,Нет завершённых покупок,0.0,0.0,0.0
18277,Нет завершённых покупок,0.0,0.0,0.0
18278,Нет завершённых покупок,0.0,0.0,0.0
18279,Credit Card,2697.28,0.0,2697.28
18280,Нет завершённых покупок,0.0,0.0,0.0
18283,Bank Transfer,786.41,129.6,916.01
18284,"Credit Card, PayPal",12137.76,180.35,12318.11
18285,Нет завершённых покупок,0.0,0.0,0.0
18288,Bank Transfer,361.18,75.13,436.31
18289,PayPal,674.32,0.0,674.32
18290,PayPal,8282.8,174.89,8457.69
18291,Нет завершённых покупок,0.0,0.0,0.0
18293,Credit Card,3611.8,0.0,3611.8
18294,"Bank Transfer, PayPal",9783.66,137.27,9920.93
18295,"Bank Transfer, Credit Card",2052.82,71.3,2124.12
18300,Нет завершённых покупок,0.0,0.0,0.0
18301,"Credit Card, PayPal",6068.88,0.0,6068.88
18302,Нет завершённых покупок,0.0,0.0,0.0
18303,Credit Card,2757.0,97.67,2854.67
18304,PayPal,16831.9,343.37,17175.27
18306,Bank Transfer,1444.72,153.95,1598.67
18307,Credit Card,4446.44,278.71,4725.15
18308,"Bank Transfer, Credit Card",3479.36,351.3,3830.66
18310,"Bank Transfer, Credit Card",9440.48,254.3,9694.78
18312,Нет завершённых покупок,0.0,0.0,0.0
18314,PayPal,3419.04,21.6,3440.64
18315,"Bank Transfer, Credit Card",11203.27,43.09,11246.36
18316,Credit Card,2359.23,247.52,2606.75
18317,Нет завершённых покупок,0.0,0.0,0.0
18318,Credit Card,15281.41,363.14,15644.55
18319,Bank Transfer,6743.2,106.34,6849.54
18320,Bank Transfer,2889.44,108.98,2998.42
18323,Нет завершённых покупок,0.0,0.0,0.0
18324,"Bank Transfer, Credit Card",6430.06,254.2,6684.26
18325,"Bank Transfer, PayPal",14189.17,190.07,14379.24
18327,Credit Card,14975.58,268.02,15243.6
18329,Bank Transfer,2697.28,163.94,2861.22
18331,Credit Card,2279.36,178.57,2457.93
18332,Credit Card,4720.24,63.8,4784.04
18334,Bank Transfer,5504.87,22.66,5527.53
18335,"Bank Transfer, PayPal",3732.78,0.0,3732.78
18339,Bank Transfer,14790.25,397.06,15187.31
18340,Bank Transfer,6743.2,0.0,6743.2
18341,Credit Card,6838.08,0.0,6838.08
18342,PayPal,4045.92,0.0,4045.92
18344,Нет завершённых покупок,0.0,0.0,0.0
18346,Credit Card,4045.92,65.53,4111.45
18347,Нет завершённых покупок,0.0,0.0,0.0
18348,Bank Transfer,4720.24,0.0,4720.24
18349,Credit Card,2889.44,83.09,2972.53
18350,PayPal,4071.3,97.19,4168.49
18352,"Bank Transfer, PayPal",5891.16,324.51,6215.67
18354,PayPal,6291.28,194.11,6485.39
18358,"Bank Transfer, PayPal",4390.3,111.66,4501.96
18360,Credit Card,4558.72,78.51,4637.23
18361,Нет завершённых покупок,0.0,0.0,0.0
18362,"Credit Card, PayPal",14622.31,258.29,14880.6
18363,"Bank Transfer, Credit Card, PayPal",19631.52,199.97,19831.49
18364,Bank Transfer,19374.56,121.05,19495.61
18366,Нет завершённых покупок,0.0,0.0,0.0
18367,Credit Card,16756.98,574.76,17331.74
18368,Bank Transfer,1083.54,260.6,1344.14
18371,Credit Card,3371.6,167.73,3539.33
18373,Credit Card,2889.44,0.0,2889.44
18374,"Bank Transfer, PayPal",14720.96,53.55,14774.51
18377,Bank Transfer,3676.0,49.58,3725.58
18378,Bank Transfer,1083.54,0.0,1083.54
18379,Credit Card,13676.16,137.94,13814.1
18380,Нет завершённых покупок,0.0,0.0,0.0
18383,Credit Card,2279.36,19.03,2298.39
18384,PayPal,18041.35,215.29,18256.64
18386,"Credit Card, PayPal",7669.78,52.17,7721.95
18387,PayPal,4135.5,134.71,4270.21
18388,Bank Transfer,3932.05,52.21,3984.26
18389,Bank Transfer,7977.76,91.43,8069.19
18390,PayPal,3932.05,126.9,4058.95
18391,Credit Card,1444.72,84.85,1529.57
18394,Нет завершённых покупок,0.0,0.0,0.0
18395,"Bank Transfer, PayPal",12536.48,255.11,12791.59
18396,PayPal,2889.44,0.0,2889.44
18398,PayPal,2889.44,127.39,3016.83
18400,Нет завершённых покупок,0.0,0.0,0.0
18402,Bank Transfer,8490.77,58.45,8549.22
18403,Credit Card,7283.31,0.0,7283.31
18404,PayPal,2279.36,220.52,2499.88
18406,Credit Card,4350.32,412.83,4763.15
18407,"Bank Transfer, Credit Card",11909.81,304.02,12213.83
18410,Нет завершённых покупок,0.0,0.0,0.0
18412,Bank Transfer,4135.5,18.16,4153.66
18415,Credit Card,919.0,252.04,1171.04
18416,Bank Transfer,4558.72,65.77,4624.49
18417,Bank Transfer,2022.96,55.05,2078.01
18419,Credit Card,1378.5,89.48,1467.98
18420,Bank Transfer,4045.92,173.34,4219.26
18421,PayPal,7199.26,565.7,7764.96
18423,"Bank Transfer, Credit Card",12812.08,32.06,12844.14
18425,Bank Transfer,18747.89,296.8,19044.69
18426,"Bank Transfer, Credit Card",9541.9,0.0,9541.9
18427,PayPal,11396.8,75.15,11471.95
18428,PayPal,2167.08,69.61,2236.69
18429,Bank Transfer,3611.8,164.22,3776.02
18431,Bank Transfer,4595.0,145.23,4740.23
18432,Credit Card,4720.24,0.0,4720.24
18433,Credit Card,4720.24,21.53,4741.77
18434,"Bank Transfer, Credit Card",4599.26,136.19,4735.45
18435,"Credit Card, PayPal",9500.2,70.73,9570.93
18436,PayPal,4093.36,141.27,4234.63
18438,PayPal,1083.54,0.0,1083.54
18441,Нет завершённых покупок,0.0,0.0,0.0
18442,Credit Card,6644.55,392.54,7037.09
18443,PayPal,3676.0,110.22,3786.22
18445,Credit Card,6068.88,177.64,6246.52
18446,Нет завершённых покупок,0.0,0.0,0.0
18447,PayPal,1139.68,106.68,1246.36
18449,Credit Card,2987.76,263.03,3250.79
18451,PayPal,459.5,273.08,732.58
18454,"Bank Transfer, Credit Card",4334.16,33.83,4367.99
18457,Bank Transfer,1444.72,189.81,1634.53
18461,PayPal,4558.72,89.18,4647.9
18462,PayPal,6068.88,60.84,6129.72
18464,PayPal,919.0,70.63,989.63
18465,"Bank Transfer, PayPal",10200.98,261.16,10462.14
18468,Bank Transfer,459.5,58.42,517.92
18469,"Bank Transfer, Credit Card",5177.5,110.91,5288.41
18470,"Bank Transfer, PayPal",15008.6,224.45,15233.05
18471,Bank Transfer,7864.1,152.51,8016.61
18472,Credit Card,2889.44,64.27,2953.71
18473,Credit Card,7077.69,41.2,7118.89
18474,"Bank Transfer, Credit Card, PayPal",8018.97,124.13,8143.1
18475,Нет завершённых покупок,0.0,0.0,0.0
18476,PayPal,7077.69,89.37,7167.06
18477,Credit Card,2757.0,0.0,2757.0
18478,Нет завершённых покупок,0.0,0.0,0.0
18479,"Bank Transfer, PayPal",5248.82,160.84,5409.66
18480,Нет завершённых покупок,0.0,0.0,0.0
18484,Нет завершённых покупок,0.0,0.0,0.0
18485,Credit Card,7864.1,103.26,7967.36
18486,Bank Transfer,3371.6,84.09,3455.69
18488,"Bank Transfer, Credit Card",10143.46,33.82,10177.28
18490,Нет завершённых покупок,0.0,0.0,0.0
18491,Bank Transfer,8766.16,161.74,8927.9
18494,PayPal,5394.56,0.0,5394.56
18496,Bank Transfer,4720.24,118.28,4838.52
18497,Bank Transfer,459.5,0.0,459.5
18501,Bank Transfer,5698.4,110.26,5808.66
18502,Нет завершённых покупок,0.0,0.0,0.0
18503,Credit Card,9315.24,0.0,9315.24
18504,Нет завершённых покупок,0.0,0.0,0.0
18505,PayPal,2528.26,0.0,2528.26
18506,Bank Transfer,2528.26,0.0,2528.26
18507,PayPal,3676.0,197.24,3873.24
18508,Нет завершённых покупок,0.0,0.0,0.0
18510,Нет завершённых покупок,0.0,0.0,0.0
18511,Credit Card,1139.68,0.0,1139.68
18512,Credit Card,7864.1,208.56,8072.66
18513,"Bank Transfer, Credit Card",9630.45,230.24,9860.69
18517,Credit Card,6068.88,0.0,6068.88
18518,Нет завершённых покупок,0.0,0.0,0.0
18519,Bank Transfer,4595.0,77.34,4672.34
18520,Credit Card,3250.62,0.0,3250.62
18521,Нет завершённых покупок,0.0,0.0,0.0
18522,Нет завершённых покупок,0.0,0.0,0.0
18524,Credit Card,4720.24,143.25,4863.49
18525,Нет завершённых покупок,0.0,0.0,0.0
18526,Bank Transfer,3676.0,191.22,3867.22
18527,PayPal,786.41,33.21,819.62
18528,PayPal,722.36,184.09,906.45
18531,Credit Card,2757.0,12.27,2769.27
18532,"Bank Transfer, PayPal",7262.42,287.68,7550.1
18533,Credit Card,12248.07,82.66,12330.73
18534,Credit Card,3932.05,169.58,4101.63
18535,Нет завершённых покупок,0.0,0.0,0.0
18538,Bank Transfer,1083.54,77.22,1160.76
18539,"Credit Card, PayPal",2480.22,121.69,2601.91
18541,Bank Transfer,2359.23,77.95,2437.18
18542,PayPal,674.32,45.38,719.7
18545,Credit Card,5698.4,216.62,5915.02
18546,PayPal,1572.82,0.0,1572.82
18547,"Bank Transfer, PayPal",4695.34,230.82,4926.16
18548,PayPal,18707.57,412.59,19120.16
18550,Credit Card,3852.18,106.87,3959.05
18554,"Credit Card, PayPal",10618.3,0.0,10618.3
18555,Credit Card,3676.0,67.17,3743.17
18556,Нет завершённых покупок,0.0,0.0,0.0
18557,Bank Transfer,6838.08,26.4,6864.48
18558,Bank Transfer,6291.28,156.12,6447.4
18559,"Bank Transfer, PayPal",4983.64,87.39,5071.03
18562,"Bank Transfer, PayPal",5381.41,108.51,5489.92
18563,Credit Card,2279.36,53.89,2333.25
18564,Credit Card,3611.8,44.4,3656.2
18566,PayPal,1572.82,81.77,1654.59
18567,Нет завершённых покупок,0.0,0.0,0.0
18568,Credit Card,8234.72,343.09,8577.81
18571,Нет завершённых покупок,0.0,0.0,0.0
18572,Нет завершённых покупок,0.0,0.0,0.0
18573,PayPal,1805.9,60.17,1866.07
18574,Bank Transfer,6068.88,108.64,6177.52
18575,Bank Transfer,12954.4,32.61,12987.01
18578,Credit Card,2889.44,0.0,2889.44
18579,Нет завершённых покупок,0.0,0.0,0.0
18586,Credit Card,4045.92,177.63,4223.55
18590,Credit Card,7077.69,94.35,7172.04
18592,Нет завершённых покупок,0.0,0.0,0.0
18593,Bank Transfer,3419.04,142.76,3561.8
18594,Нет завершённых покупок,0.0,0.0,0.0
18595,PayPal,4720.24,83.75,4803.99
18597,Credit Card,2022.96,115.01,2137.97
18598,Нет завершённых покупок,0.0,0.0,0.0
18600,PayPal,1139.68,0.0,1139.68
18601,"Bank Transfer, PayPal",3506.82,0.0,3506.82
18602,Нет завершённых покупок,0.0,0.0,0.0
18603,Credit Card,1444.72,0.0,1444.72
18604,Credit Card,459.5,130.68,590.18
18606,PayPal,6838.08,109.77,6947.85
18608,Credit Card,2359.23,0.0,2359.23
18609,PayPal,9117.44,0.0,9117.44
18610,Credit Card,7077.69,0.0,7077.69
18612,Нет завершённых покупок,0.0,0.0,0.0
18615,Bank Transfer,7077.69,104.32,7182.01
18616,Credit Card,7152.42,349.58,7502.0
18617,Credit Card,5698.4,18.3,5716.7
18619,Нет завершённых покупок,0.0,0.0,0.0
18620,Credit Card,10574.3,108.97,10683.27
18621,Credit Card,6838.08,170.9,7008.98
18622,PayPal,11029.32,418.37,11447.69
18626,Bank Transfer,4718.46,136.41,4854.87
18629,"Bank Transfer, Credit Card",6211.41,156.07,6367.48
18631,PayPal,24412.5,407.5,24820.0
18632,PayPal,1348.64,107.33,1455.97
18634,"Bank Transfer, PayPal",6163.18,110.57,6273.75
18635,Bank Transfer,3419.04,0.0,3419.04
18636,"Bank Transfer, PayPal",4334.16,81.79,4415.95
18637,Bank Transfer,2482.46,82.07,2564.53
18638,PayPal,1838.0,230.57,2068.57
18639,PayPal,4045.92,177.04,4222.96
18640,"Bank Transfer, Credit Card",5257.04,94.2,5351.24
18642,"Credit Card, PayPal",8366.38,98.57,8464.95
18644,Нет завершённых покупок,0.0,0.0,0.0
18645,Bank Transfer,5698.4,51.01,5749.41
18646,PayPal,4944.42,127.25,5071.67
18648,"Bank Transfer, Credit Card",3643.9,188.13,3832.03
18650,"Bank Transfer, Credit Card, PayPal",6270.48,270.57,6541.05
18651,"Bank Transfer, Credit Card",4816.32,112.71,4929.03
18652,PayPal,3250.62,52.71,3303.33
18653,Credit Card,2945.58,26.55,2972.13
18655,Bank Transfer,4045.92,154.73,4200.65
18658,Bank Transfer,1378.5,59.1,1437.6
18660,Нет завершённых покупок,0.0,0.0,0.0
18661,Нет завершённых покупок,0.0,0.0,0.0
18662,Bank Transfer,5289.59,157.87,5447.46
18663,PayPal,6558.24,141.35,6699.59
18664,Credit Card,6838.08,50.61,6888.69
18665,Credit Card,4727.44,262.4,4989.84
18666,Bank Transfer,1139.68,96.31,1235.99
18667,Bank Transfer,8640.92,237.5,8878.42
18668,"Credit Card, PayPal",3184.4,203.41,3387.81
18670,Credit Card,1838.0,68.02,1906.02
18671,Bank Transfer,4718.46,168.2,4886.66
18673,Нет завершённых покупок,0.0,0.0,0.0
18675,PayPal,6291.28,0.0,6291.28
18676,"Bank Transfer, PayPal",16117.04,128.79,16245.83
18677,Нет завершённых покупок,0.0,0.0,0.0
18679,PayPal,2889.44,94.15,2983.59
18680,Bank Transfer,3932.05,117.74,4049.79
18681,Credit Card,6068.88,38.76,6107.64
18682,PayPal,1572.82,0.0,1572.82
18684,PayPal,2697.28,16.29,2713.57
18685,Bank Transfer,7352.0,0.0,7352.0
18686,PayPal,3932.05,85.82,4017.87
18687,Нет завершённых покупок,0.0,0.0,0.0
18689,Нет завершённых покупок,0.0,0.0,0.0
18690,"Credit Card, PayPal",3676.0,328.16,4004.16
18692,Нет завершённых покупок,0.0,0.0,0.0
18695,"Bank Transfer, Credit Card",6362.14,180.27,6542.41
18697,Credit Card,4045.92,243.83,4289.75
18699,Credit Card,459.5,129.63,589.13
18700,"Credit Card, PayPal",2793.36,199.01,2992.37
18701,"Bank Transfer, Credit Card",6874.36,109.72,6984.08
18703,"Bank Transfer, PayPal",10753.54,268.76,11022.3
18704,Нет завершённых покупок,0.0,0.0,0.0
18708,Нет завершённых покупок,0.0,0.0,0.0
18709,PayPal,722.36,96.4,818.76
18710,Нет завершённых покупок,0.0,0.0,0.0
18711,Credit Card,1378.5,17.49,1395.99
18713,PayPal,4720.24,222.02,4942.26
18714,Bank Transfer,2757.0,0.0,2757.0
18715,Нет завершённых покупок,0.0,0.0,0.0
18716,PayPal,1805.9,23.2,1829.1
18717,Нет завершённых покупок,0.0,0.0,0.0
18722,Credit Card,6828.3,198.6,7026.9
18724,PayPal,2359.23,203.01,2562.24
18725,Bank Transfer,3216.5,89.47,3305.97
18727,PayPal,3932.05,47.55,3979.6
18728,Credit Card,6743.2,74.81,6818.01
18729,PayPal,4558.72,79.08,4637.8
18731,Bank Transfer,2987.76,464.47,3452.23
18733,Credit Card,10449.06,208.12,10657.18
18734,Нет завершённых покупок,0.0,0.0,0.0
18735,Bank Transfer,5285.26,179.87,5465.13
18736,Bank Transfer,786.41,104.2,890.61
18738,Credit Card,3932.05,121.35,4053.4
18739,Credit Card,4135.5,156.08,4291.58
18741,Bank Transfer,786.41,183.89,970.3
18742,PayPal,3419.04,123.24,3542.28
18743,PayPal,674.32,198.88,873.2
18745,PayPal,919.0,94.66,1013.66
18746,PayPal,11396.8,213.73,11610.53
18747,"Bank Transfer, Credit Card, PayPal",4398.21,154.15,4552.36
18749,Bank Transfer,1444.72,202.67,1647.39
18751,"Bank Transfer, PayPal",7417.52,0.0,7417.52
18755,PayPal,5698.4,153.16,5851.56
18757,"Bank Transfer, Credit Card",10789.12,214.5,11003.62
18758,Нет завершённых покупок,0.0,0.0,0.0
18760,Нет завершённых покупок,0.0,0.0,0.0
18762,Нет завершённых покупок,0.0,0.0,0.0
18765,Bank Transfer,4595.0,69.95,4664.95
18767,Нет завершённых покупок,0.0,0.0,0.0
18769,Credit Card,1572.82,124.69,1697.51
18770,Credit Card,5698.4,103.74,5802.14
18771,"Bank Transfer, Credit Card",7104.38,102.76,7207.14
18774,Credit Card,2167.08,0.0,2167.08
18776,PayPal,6838.08,0.0,6838.08
18777,Bank Transfer,12183.21,73.76,12256.97
18778,PayPal,7077.69,37.49,7115.18
18779,PayPal,1378.5,0.0,1378.5
18781,Нет завершённых покупок,0.0,0.0,0.0
18783,"Bank Transfer, Credit Card",2987.76,149.13,3136.89
18784,PayPal,1838.0,40.83,1878.83
18785,Нет завершённых покупок,0.0,0.0,0.0
18786,PayPal,2359.23,170.47,2529.7
18788,"Bank Transfer, Credit Card, PayPal",7430.96,339.26,7770.22
18793,Credit Card,361.18,98.14,459.32
18794,"Bank Transfer, PayPal",13129.36,323.41,13452.77
18795,Credit Card,1348.64,71.53,1420.17
18796,Credit Card,4718.46,126.8,4845.26
18797,"Credit Card, PayPal",7281.14,255.93,7537.07
18798,PayPal,5394.56,178.57,5573.13
18800,Нет завершённых покупок,0.0,0.0,0.0
18801,Bank Transfer,4720.24,0.0,4720.24
18802,Нет завершённых покупок,0.0,0.0,0.0
18803,Нет завершённых покупок,0.0,0.0,0.0
18804,Credit Card,3250.62,54.42,3305.04
18806,PayPal,2022.96,0.0,2022.96
18807,Нет завершённых покупок,0.0,0.0,0.0
18808,PayPal,1838.0,16.51,1854.51
18809,Credit Card,786.41,93.41,879.82
18810,Bank Transfer,674.32,156.53,830.85
18813,Credit Card,10311.54,209.18,10520.72
18814,PayPal,3611.8,0.0,3611.8
18816,Credit Card,6838.08,100.68,6938.76
18817,"Credit Card, PayPal",11092.96,350.12,11443.08
18819,Bank Transfer,5056.52,194.1,5250.62
18820,PayPal,1378.5,171.29,1549.79
18821,Bank Transfer,3216.5,39.9,3256.4
18822,Нет завершённых покупок,0.0,0.0,0.0
18823,Bank Transfer,7864.1,152.99,8017.09
18825,Нет завершённых покупок,0.0,0.0,0.0
18827,"Credit Card, PayPal",7191.56,246.93,7438.49
18828,Bank Transfer,3145.64,87.57,3233.21
18829,PayPal,4135.5,38.32,4173.82
18831,"Credit Card, PayPal",8410.9,232.99,8643.89
18832,Нет завершённых покупок,0.0,0.0,0.0
18833,Credit Card,5644.27,199.39,5843.66
18834,Credit Card,15169.52,284.69,15454.21
18838,Нет завершённых покупок,0.0,0.0,0.0
18839,PayPal,8933.04,0.0,8933.04
18840,Credit Card,1838.0,131.16,1969.16
18841,"Bank Transfer, PayPal",11796.15,260.88,12057.03
18843,"Bank Transfer, Credit Card",2491.82,137.3,2629.12
18844,Нет завершённых покупок,0.0,0.0,0.0
18846,Bank Transfer,3419.04,0.0,3419.04
18848,PayPal,722.36,162.79,885.15
18849,Нет завершённых покупок,0.0,0.0,0.0
18851,PayPal,1139.68,0.0,1139.68
18853,Bank Transfer,5394.56,105.93,5500.49
18854,Нет завершённых покупок,0.0,0.0,0.0
18855,Bank Transfer,7077.69,125.42,7203.11
18857,Credit Card,2359.23,39.41,2398.64
18858,PayPal,1378.5,171.35,1549.85
18862,Bank Transfer,8384.56,255.34,8639.9
18863,Credit Card,2297.5,0.0,2297.5
18864,PayPal,2167.08,105.41,2272.49
18865,"Bank Transfer, Credit Card",3019.86,217.26,3237.12
18866,Credit Card,7977.76,152.48,8130.24
18867,PayPal,3145.64,0.0,3145.64
18868,Нет завершённых покупок,0.0,0.0,0.0
18869,PayPal,6068.88,146.74,6215.62
18871,Bank Transfer,1805.9,31.88,1837.78
18872,Bank Transfer,8282.8,105.25,8388.05
18873,PayPal,15008.6,192.69,15201.29
18877,Credit Card,2279.36,175.62,2454.98
18878,Credit Card,7344.58,170.17,7514.75
18879,Нет завершённых покупок,0.0,0.0,0.0
18880,Credit Card,786.41,116.19,902.6
18881,Bank Transfer,919.0,227.4,1146.4
18882,PayPal,9670.0,301.03,9971.03
18883,Нет завершённых покупок,0.0,0.0,0.0
18884,Credit Card,3371.6,0.0,3371.6
18885,Credit Card,11396.8,26.22,11423.02
18887,Bank Transfer,2697.28,218.81,2916.09
18888,Bank Transfer,1083.54,66.11,1149.65
18889,Нет завершённых покупок,0.0,0.0,0.0
18890,Нет завершённых покупок,0.0,0.0,0.0
18891,Bank Transfer,7882.88,249.14,8132.02
18892,PayPal,2697.28,152.36,2849.64
18893,Bank Transfer,6068.88,89.42,6158.3
18894,"Bank Transfer, PayPal",7922.82,332.91,8255.73
18896,"Bank Transfer, PayPal",8643.98,164.4,8808.38
18897,PayPal,10884.0,317.97,11201.97
18899,Нет завершённых покупок,0.0,0.0,0.0
18900,Credit Card,3419.04,140.5,3559.54
18901,Credit Card,8634.2,111.21,8745.41
18902,PayPal,1572.82,91.47,1664.29
18903,"Bank Transfer, PayPal",4809.82,194.93,5004.75
18905,Bank Transfer,2528.26,142.43,2670.69
18906,Нет завершённых покупок,0.0,0.0,0.0
18909,PayPal,1444.72,132.71,1577.43
18910,Bank Transfer,2889.44,171.52,3060.96
18911,Нет завершённых покупок,0.0,0.0,0.0
18913,Credit Card,4135.5,152.47,4287.97
18914,Credit Card,722.36,196.69,919.05
18919,Bank Transfer,3419.04,0.0,3419.04
18920,Credit Card,3216.5,92.92,3309.42
18922,Bank Transfer,2528.26,156.79,2685.05
18923,Bank Transfer,4720.24,51.71,4771.95
18924,Credit Card,7077.69,0.0,7077.69
18925,PayPal,3371.6,56.78,3428.38
18927,"Credit Card, PayPal",6790.64,40.24,6830.88
18928,Credit Card,2757.0,149.08,2906.08
18929,Нет завершённых покупок,0.0,0.0,0.0
18930,Bank Transfer,1348.64,0.0,1348.64
18931,Bank Transfer,6935.36,28.97,6964.33
18932,Bank Transfer,3419.04,69.43,3488.47
18933,PayPal,11396.8,247.14,11643.94
18934,Нет завершённых покупок,0.0,0.0,0.0
18939,Bank Transfer,12202.14,327.51,12529.65
18940,PayPal,919.0,0.0,919.0
18941,Нет завершённых покупок,0.0,0.0,0.0
18942,Нет завершённых покупок,0.0,0.0,0.0
18943,PayPal,6291.28,95.53,6386.81
18945,Credit Card,2757.0,0.0,2757.0
18946,Credit Card,4558.72,75.53,4634.25
18947,"Bank Transfer, PayPal",6430.06,269.28,6699.34
18948,PayPal,3216.5,186.77,3403.27
18949,Bank Transfer,5442.0,156.96,5598.96
18950,Credit Card,6838.08,0.0,6838.08
18951,Bank Transfer,2167.08,193.42,2360.5
18952,Нет завершённых покупок,0.0,0.0,0.0
18955,"Bank Transfer, Credit Card",4029.12,95.58,4124.7
18956,Нет завершённых покупок,0.0,0.0,0.0
18957,PayPal,2279.36,85.25,2364.61
18960,PayPal,1805.9,130.12,1936.02
18961,Нет завершённых покупок,0.0,0.0,0.0
18963,PayPal,459.5,0.0,459.5
18964,Bank Transfer,3932.05,0.0,3932.05
18965,PayPal,10425.06,272.87,10697.93
18967,"Bank Transfer, Credit Card",4825.76,78.39,4904.15
18968,"Credit Card, PayPal",13034.48,298.34,13332.82
18969,Нет завершённых покупок,0.0,0.0,0.0
18970,Bank Transfer,11612.18,302.17,11914.35
18971,Нет завершённых покупок,0.0,0.0,0.0
18972,Нет завершённых покупок,0.0,0.0,0.0
18974,Bank Transfer,1444.72,87.79,1532.51
18978,Нет завершённых покупок,0.0,0.0,0.0
18979,Credit Card,2757.0,86.07,2843.07
18980,"Bank Transfer, PayPal",15955.52,248.41,16203.93
18982,Bank Transfer,1572.82,96.73,1669.55
18984,Credit Card,5394.56,37.79,5432.35
18985,Bank Transfer,6838.08,71.5,6909.58
18986,Нет завершённых покупок,0.0,0.0,0.0
18987,Bank Transfer,2167.08,81.8,2248.88
18988,"Bank Transfer, PayPal",7704.36,198.69,7903.05
18992,Нет завершённых покупок,0.0,0.0,0.0
18995,Bank Transfer,3932.05,102.43,4034.48
18996,"Credit Card, PayPal",4169.62,139.99,4309.61
18998,Credit Card,12307.79,138.52,12446.31
18999,"Bank Transfer, PayPal",5376.77,109.14,5485.91
19002,Нет завершённых покупок,0.0,0.0,0.0
19003,Нет завершённых покупок,0.0,0.0,0.0
19007,Credit Card,2022.96,145.18,2168.14
19009,PayPal,1348.64,0.0,1348.64
19010,"Bank Transfer, Credit Card",5907.36,239.65,6147.01
19012,Bank Transfer,4524.14,295.57,4819.71
19014,PayPal,4595.0,65.6,4660.6
19015,Bank Transfer,4085.14,299.07,4384.21
19016,Нет завершённых покупок,0.0,0.0,0.0
19017,Credit Card,11396.8,0.0,11396.8
19019,"Credit Card, PayPal",5177.5,271.95,5449.45
19020,Bank Transfer,4135.5,131.11,4266.61
19022,"Credit Card, PayPal",4045.92,176.51,4222.43
19023,PayPal,2297.5,15.32,2312.82
19024,Credit Card,4135.5,186.43,4321.93
19028,Bank Transfer,6743.2,33.67,6776.87
19029,Нет завершённых покупок,0.0,0.0,0.0
19031,Bank Transfer,4558.72,274.48,4833.2
19033,Bank Transfer,4718.46,187.94,4906.4
19035,Bank Transfer,13402.76,142.25,13545.01
19036,Credit Card,2697.28,43.04,2740.32
19037,Credit Card,1348.64,0.0,1348.64
19040,Bank Transfer,11396.8,28.42,11425.22
19041,PayPal,6025.87,301.1,6326.97
19042,"Bank Transfer, Credit Card",13486.4,152.23,13638.63
19043,Нет завершённых покупок,0.0,0.0,0.0
19044,Нет завершённых покупок,0.0,0.0,0.0
19046,Bank Transfer,4135.5,119.83,4255.33
19048,PayPal,1139.68,54.37,1194.05
19049,Bank Transfer,4720.24,0.0,4720.24
19050,Credit Card,4045.92,80.12,4126.04
19051,Bank Transfer,4135.5,179.72,4315.22
19052,PayPal,722.36,0.0,722.36
19053,Credit Card,2359.23,168.95,2528.18
19054,Bank Transfer,7977.76,139.43,8117.19
19055,Credit Card,4595.0,163.63,4758.63
19058,PayPal,4135.5,72.49,4207.99
19059,Bank Transfer,12849.52,86.37,12935.89
19061,Нет завершённых покупок,0.0,0.0,0.0
19062,Bank Transfer,2757.0,117.12,2874.12
19063,Credit Card,2359.23,178.36,2537.59
19064,Credit Card,3676.0,153.1,3829.1
19066,PayPal,6743.2,82.21,6825.41
19069,PayPal,361.18,0.0,361.18
19072,"Bank Transfer, PayPal",4990.3,12.68,5002.98
19073,Credit Card,7873.39,405.61,8279.0
19076,Credit Card,2167.08,132.93,2300.01
19078,PayPal,2889.44,130.77,3020.21
19079,Credit Card,7077.69,335.73,7413.42
19080,Нет завершённых покупок,0.0,0.0,0.0
19081,Нет завершённых покупок,0.0,0.0,0.0
19084,Credit Card,7977.76,72.45,8050.21
19086,PayPal,1444.72,0.0,1444.72
19090,Bank Transfer,786.41,0.0,786.41
19091,Нет завершённых покупок,0.0,0.0,0.0
19092,Нет завершённых покупок,0.0,0.0,0.0
19094,Bank Transfer,11396.8,0.0,11396.8
19095,Credit Card,10257.12,214.43,10471.55
19096,Credit Card,7077.69,93.37,7171.06
19097,"Bank Transfer, Credit Card",10204.38,99.74,10304.12
19098,"Bank Transfer, Credit Card",4750.1,200.62,4950.72
19099,Нет завершённых покупок,0.0,0.0,0.0
19100,Нет завершённых покупок,0.0,0.0,0.0
19103,Нет завершённых покупок,0.0,0.0,0.0
19106,Нет завершённых покупок,0.0,0.0,0.0
19107,PayPal,2359.23,104.77,2464.0
19109,Bank Transfer,3250.62,89.85,3340.47
19111,PayPal,12342.95,194.28,12537.23
19112,PayPal,6068.88,291.11,6359.99
19114,PayPal,1444.72,157.91,1602.63
19115,"Bank Transfer, Credit Card",13507.74,21.86,13529.6
19116,Credit Card,2528.26,111.64,2639.9
19118,"Bank Transfer, Credit Card",7415.74,85.26,7501.0
19120,Нет завершённых покупок,0.0,0.0,0.0
19121,PayPal,6838.08,0.0,6838.08
19122,Credit Card,2167.08,0.0,2167.08
19123,Bank Transfer,3611.8,149.98,3761.78
19124,PayPal,3676.0,0.0,3676.0
19125,Нет завершённых покупок,0.0,0.0,0.0
19126,"Credit Card, PayPal",10716.62,12.63,10729.25
19128,"Bank Transfer, PayPal",9605.95,47.91,9653.86
19130,PayPal,3932.05,39.42,3971.47
19131,Bank Transfer,3216.5,167.5,3384.0
19132,PayPal,2279.36,0.0,2279.36
19133,Нет завершённых покупок,0.0,0.0,0.0
19136,PayPal,3419.04,219.17,3638.21
19138,PayPal,1838.0,97.57,1935.57
19139,Credit Card,2889.44,137.74,3027.18
19141,PayPal,3145.64,0.0,3145.64
19143,PayPal,4720.24,19.3,4739.54
19144,PayPal,5673.9,259.24,5933.14
19146,Credit Card,9100.65,108.3,9208.95
19149,Credit Card,786.41,105.82,892.23
19151,Bank Transfer,2697.28,76.93,2774.21
19152,Нет завершённых покупок,0.0,0.0,0.0
19153,Нет завершённых покупок,0.0,0.0,0.0
19157,Нет завершённых покупок,0.0,0.0,0.0
19159,PayPal,6838.08,216.95,7055.03
19160,"Bank Transfer, PayPal",8091.84,153.35,8245.19
19161,Bank Transfer,1139.68,204.11,1343.79
19163,Нет завершённых покупок,0.0,0.0,0.0
19164,"Bank Transfer, PayPal",15090.02,401.55,15491.57
19166,Bank Transfer,2359.23,112.58,2471.81
19170,PayPal,6743.2,117.42,6860.62
19171,Bank Transfer,2297.5,115.45,2412.95
19172,PayPal,2297.5,98.6,2396.1
19173,Credit Card,1838.0,0.0,1838.0
19175,PayPal,3932.05,0.0,3932.05
19176,Credit Card,7977.76,99.61,8077.37
19177,Credit Card,11461.66,128.55,11590.21
19178,Credit Card,3371.6,81.96,3453.56
19179,PayPal,1139.68,53.61,1193.29
19180,PayPal,6644.55,74.37,6718.92
19181,Credit Card,3186.64,300.51,3487.15
19182,Bank Transfer,3611.8,111.09,3722.89
19183,Credit Card,3371.6,0.0,3371.6
19185,Bank Transfer,459.5,175.74,635.24
19186,Нет завершённых покупок,0.0,0.0,0.0
19187,PayPal,5698.4,86.69,5785.09
19188,Credit Card,1139.68,88.21,1227.89
19189,Credit Card,11396.8,84.8,11481.6
19190,Нет завершённых покупок,0.0,0.0,0.0
19191,Bank Transfer,2279.36,144.61,2423.97
19194,"Bank Transfer, Credit Card",2295.18,200.68,2495.86
19195,"Bank Transfer, PayPal",7704.36,122.36,7826.72
19197,Credit Card,1572.82,0.0,1572.82
19199,Bank Transfer,2279.36,0.0,2279.36
19200,Нет завершённых покупок,0.0,0.0,0.0
19201,PayPal,5394.56,0.0,5394.56
19202,"Bank Transfer, PayPal",4338.04,274.88,4612.92
19203,Credit Card,3216.5,97.7,3314.2
19204,Bank Transfer,2279.36,171.72,2451.08
19205,Bank Transfer,2889.44,177.96,3067.4
19206,"Bank Transfer, Credit Card, PayPal",9006.36,323.2,9329.56
19209,PayPal,1805.9,34.44,1840.34
19210,Bank Transfer,6068.88,18.05,6086.93
19211,PayPal,6743.2,122.06,6865.26
19212,Bank Transfer,3676.0,76.68,3752.68
19213,Bank Transfer,4558.72,83.57,4642.29
19214,PayPal,14975.58,226.49,15202.07
19216,Нет завершённых покупок,0.0,0.0,0.0
19218,Нет завершённых покупок,0.0,0.0,0.0
19220,Credit Card,10234.63,290.04,10524.67
19221,Bank Transfer,7977.76,79.85,8057.61
19222,"Bank Transfer, Credit Card",8091.84,94.38,8186.22
19223,Нет завершённых покупок,0.0,0.0,0.0
19224,Bank Transfer,7310.77,93.12,7403.89
19225,Нет завершённых покупок,0.0,0.0,0.0
19226,"Bank Transfer, Credit Card",4334.16,80.41,4414.57
19228,Нет завершённых покупок,0.0,0.0,0.0
19229,Bank Transfer,1444.72,115.85,1560.57
19232,Credit Card,6838.08,175.06,7013.14
19233,Credit Card,5802.0,181.65,5983.65
19234,Bank Transfer,4718.46,44.32,4762.78
19235,PayPal,11396.8,132.76,11529.56
19236,Bank Transfer,1083.54,0.0,1083.54
19237,Нет завершённых покупок,0.0,0.0,0.0
19239,PayPal,6291.28,18.85,6310.13
19242,Credit Card,3250.62,69.0,3319.62
19244,Bank Transfer,2889.44,0.0,2889.44
19245,Нет завершённых покупок,0.0,0.0,0.0
19247,"Bank Transfer, Credit Card",11140.4,61.03,11201.43
19248,"Bank Transfer, PayPal",3447.26,111.09,3558.35
19249,Credit Card,2889.44,65.21,2954.65
19250,PayPal,786.41,60.32,846.73
19251,Bank Transfer,6838.08,67.8,6905.88
19252,Bank Transfer,1139.68,0.0,1139.68
19253,Нет завершённых покупок,0.0,0.0,0.0
19254,Нет завершённых покупок,0.0,0.0,0.0
19257,PayPal,1444.72,134.66,1579.38
19259,Нет завершённых покупок,0.0,0.0,0.0
19260,Credit Card,9117.44,99.33,9216.77
19261,Credit Card,10257.12,0.0,10257.12
19262,PayPal,1805.9,172.61,1978.51
19263,"Credit Card, PayPal",15991.8,209.29,16201.09
19265,PayPal,722.36,239.08,961.44
19266,PayPal,2279.36,75.74,2355.1
19267,Нет завершённых покупок,0.0,0.0,0.0
19268,PayPal,4029.12,231.95,4261.07
19269,Нет завершённых покупок,0.0,0.0,0.0
19270,Credit Card,2757.0,98.58,2855.58
19271,Credit Card,2022.96,103.2,2126.16
19272,Bank Transfer,7352.0,157.54,7509.54
19273,Нет завершённых покупок,0.0,0.0,0.0
19274,Credit Card,7077.69,142.87,7220.56
19275,Credit Card,5504.87,64.19,5569.06
19276,PayPal,7047.6,10.88,7058.48
19277,PayPal,10223.33,0.0,10223.33
19279,PayPal,3216.5,141.53,3358.03
19281,Credit Card,5698.4,0.0,5698.4
19282,Нет завершённых покупок,0.0,0.0,0.0
19284,Нет завершённых покупок,0.0,0.0,0.0
19286,Нет завершённых покупок,0.0,0.0,0.0
19287,Credit Card,2528.26,104.2,2632.46
19289,"Credit Card, PayPal",7802.37,167.3,7969.67
19290,Нет завершённых покупок,0.0,0.0,0.0
19291,Bank Transfer,8643.98,148.71,8792.69
19295,Bank Transfer,674.32,102.41,776.73
19296,PayPal,1838.0,0.0,1838.0
19297,Credit Card,2757.0,0.0,2757.0
19298,Credit Card,2022.96,0.0,2022.96
19300,PayPal,6743.2,0.0,6743.2
19302,Credit Card,9792.36,272.05,10064.41
19303,Нет завершённых покупок,0.0,0.0,0.0
19304,"Credit Card, PayPal",2640.54,168.8,2809.34
19306,Bank Transfer,13820.89,50.9,13871.79
19307,Bank Transfer,459.5,0.0,459.5
19308,Bank Transfer,722.36,54.98,777.34
19309,Bank Transfer,2359.23,77.31,2436.54
19310,Нет завершённых покупок,0.0,0.0,0.0
19311,PayPal,1083.54,73.71,1157.25
19312,Bank Transfer,7077.69,84.11,7161.8
19313,PayPal,1572.82,158.83,1731.65
19314,Bank Transfer,722.36,76.85,799.21
19315,Нет завершённых покупок,0.0,0.0,0.0
19319,Bank Transfer,3611.8,0.0,3611.8
19320,Нет завершённых покупок,0.0,0.0,0.0
19321,PayPal,19697.6,287.59,19985.19
19322,Нет завершённых покупок,0.0,0.0,0.0
19323,Bank Transfer,459.5,168.3,627.8
19324,Credit Card,10911.04,400.69,11311.73
19325,PayPal,2528.26,132.94,2661.2
19327,Credit Card,2022.96,132.0,2154.96
19329,"Bank Transfer, PayPal",11797.93,186.2,11984.13
19330,"Bank Transfer, PayPal",5971.03,133.55,6104.58
19334,Credit Card,7077.69,106.52,7184.21
19335,PayPal,1444.72,150.97,1595.69
19336,Credit Card,6164.96,0.0,6164.96
19338,"Bank Transfer, PayPal",9100.65,297.79,9398.44
19339,"Credit Card, PayPal",3545.58,0.0,3545.58
19341,"Credit Card, PayPal",6887.32,47.75,6935.07
19346,Bank Transfer,1378.5,159.0,1537.5
19347,Нет завершённых покупок,0.0,0.0,0.0
19350,Credit Card,3419.04,90.92,3509.96
19351,"Bank Transfer, PayPal",13562.5,269.09,13831.59
19353,PayPal,3278.23,230.03,3508.26
19357,Bank Transfer,4720.24,50.71,4770.95
19358,Credit Card,12793.44,115.97,12909.41
19359,PayPal,2279.36,0.0,2279.36
19361,PayPal,674.32,137.1,811.42
19364,PayPal,4045.92,139.25,4185.17
19367,PayPal,2359.23,68.2,2427.43
19368,Bank Transfer,2297.5,92.11,2389.61
19370,Credit Card,2297.5,121.44,2418.94
19371,Bank Transfer,6291.28,0.0,6291.28
19373,Нет завершённых покупок,0.0,0.0,0.0
19374,Bank Transfer,7977.76,198.98,8176.74
19376,Bank Transfer,1838.0,0.0,1838.0
19378,Credit Card,10834.79,528.31,11363.1
19379,PayPal,4720.24,0.0,4720.24
19380,PayPal,9117.44,47.41,9164.85
19381,Bank Transfer,4135.5,78.17,4213.67
19382,PayPal,2359.23,45.58,2404.81
19386,PayPal,2297.5,169.6,2467.1
19387,PayPal,1348.64,102.48,1451.12
19389,PayPal,4558.72,162.14,4720.86
19390,Bank Transfer,6838.08,165.24,7003.32
19391,Credit Card,2297.5,0.0,2297.5
19392,Нет завершённых покупок,0.0,0.0,0.0
19393,Credit Card,1378.5,0.0,1378.5
19394,PayPal,4720.24,225.13,4945.37
19395,"Bank Transfer, PayPal",7296.54,251.42,7547.96
19396,Bank Transfer,2167.08,178.26,2345.34
19397,Credit Card,8348.05,255.88,8603.93
19398,Bank Transfer,2757.0,128.87,2885.87
19403,"Bank Transfer, PayPal",11589.56,90.32,11679.88
19405,"Bank Transfer, PayPal",9180.87,0.0,9180.87
19406,Нет завершённых покупок,0.0,0.0,0.0
19409,"Bank Transfer, PayPal",18121.22,181.5,18302.72
19410,PayPal,2359.23,173.11,2532.34
19412,PayPal,1444.72,170.5,1615.22
19413,Нет завершённых покупок,0.0,0.0,0.0
19414,Credit Card,4718.46,123.92,4842.38
19416,Credit Card,2528.26,40.45,2568.71
19417,Bank Transfer,16156.98,101.77,16258.75
19418,"Credit Card, PayPal",9727.52,238.92,9966.44
19419,Нет завершённых покупок,0.0,0.0,0.0
19421,Bank Transfer,5698.4,142.27,5840.67
19422,Нет завершённых покупок,0.0,0.0,0.0
19424,Нет завершённых покупок,0.0,0.0,0.0
19425,Нет завершённых покупок,0.0,0.0,0.0
19426,Bank Transfer,16244.56,287.98,16532.54
19427,Нет завершённых покупок,0.0,0.0,0.0
19428,PayPal,4720.24,57.57,4777.81
19430,Нет завершённых покупок,0.0,0.0,0.0
19431,Нет завершённых покупок,0.0,0.0,0.0
19433,Bank Transfer,4720.24,202.08,4922.32
19434,"Bank Transfer, Credit Card",5586.12,218.31,5804.43
19435,PayPal,919.0,82.11,1001.11
19436,Нет завершённых покупок,0.0,0.0,0.0
19437,Credit Card,9815.76,97.91,9913.67
19438,Bank Transfer,6743.2,0.0,6743.2
19439,Credit Card,2757.0,161.99,2918.99
19440,Credit Card,2022.96,90.92,2113.88
19443,Bank Transfer,6313.56,220.16,6533.72
19444,PayPal,4558.72,57.69,4616.41
19446,Credit Card,4045.92,115.93,4161.85
19447,"Bank Transfer, Credit Card",7351.09,59.58,7410.67
19450,"Bank Transfer, Credit Card, PayPal",14894.94,341.56,15236.5
19451,Credit Card,361.18,67.13,428.31
19453,"Bank Transfer, Credit Card",9356.26,180.88,9537.14
19455,Bank Transfer,361.18,10.53,371.71
19456,"Bank Transfer, PayPal",6802.92,134.28,6937.2
19458,"Bank Transfer, Credit Card",2953.49,162.13,3115.62
19459,PayPal,9117.44,162.15,9279.59
19461,Нет завершённых покупок,0.0,0.0,0.0
19463,"Bank Transfer, PayPal",3156.78,203.45,3360.23
19464,PayPal,3145.64,211.13,3356.77
19465,Credit Card,2022.96,0.0,2022.96
19468,"Bank Transfer, Credit Card",5219.04,156.34,5375.38
19469,PayPal,7077.69,126.34,7204.03
19471,Нет завершённых покупок,0.0,0.0,0.0
19472,Нет завершённых покупок,0.0,0.0,0.0
19474,"Bank Transfer, Credit Card",1709.82,194.3,1904.12
19475,"Bank Transfer, PayPal",6617.96,225.57,6843.53
19479,PayPal,2697.28,224.7,2921.98
19481,PayPal,3611.8,98.35,3710.15
19482,PayPal,1838.0,23.88,1861.88
19483,Bank Transfer,722.36,47.41,769.77
19484,PayPal,2167.08,29.39,2196.47
19485,Bank Transfer,4167.37,184.1,4351.47
19486,Нет завершённых покупок,0.0,0.0,0.0
19488,Credit Card,2167.08,176.9,2343.98
19491,"Bank Transfer, Credit Card",4535.28,98.85,4634.13
19492,Credit Card,6617.96,164.27,6782.23
19498,PayPal,3145.64,98.66,3244.3
19500,Нет завершённых покупок,0.0,0.0,0.0
19501,"Bank Transfer, Credit Card",11213.19,12.19,11225.38
19503,Bank Transfer,1460.73,161.7,1622.43
19504,Нет завершённых покупок,0.0,0.0,0.0
19505,PayPal,9117.44,0.0,9117.44
19506,"Bank Transfer, PayPal",5618.74,232.18,5850.92
19507,Credit Card,3419.04,218.36,3637.4
19508,Bank Transfer,4718.46,160.16,4878.62
19510,"Credit Card, PayPal",7143.12,78.51,7221.63
19511,Bank Transfer,361.18,172.66,533.84
19512,"Credit Card, PayPal",2363.72,172.46,2536.18
19513,"Bank Transfer, Credit Card",7248.5,161.59,7410.09
19514,Bank Transfer,5504.87,92.89,5597.76
19515,Bank Transfer,3371.6,125.68,3497.28
19517,Bank Transfer,3371.6,178.14,3549.74
19518,Нет завершённых покупок,0.0,0.0,0.0
19519,Bank Transfer,3611.8,92.16,3703.96
19520,Bank Transfer,16901.67,51.53,16953.2
19521,Нет завершённых покупок,0.0,0.0,0.0
19522,Bank Transfer,8380.08,428.63,8808.71
19524,Credit Card,4720.24,95.21,4815.45
19525,Нет завершённых покупок,0.0,0.0,0.0
19526,"Bank Transfer, Credit Card",10787.34,124.39,10911.73
19528,"Bank Transfer, Credit Card, PayPal",11258.76,243.94,11502.7
19529,Bank Transfer,3250.62,61.78,3312.4
19530,Bank Transfer,6838.08,0.0,6838.08
19531,Credit Card,3145.64,35.38,3181.02
19532,Нет завершённых покупок,0.0,0.0,0.0
19533,"Bank Transfer, PayPal",3932.05,110.18,4042.23
19534,Нет завершённых покупок,0.0,0.0,0.0
19535,Нет завершённых покупок,0.0,0.0,0.0
19537,Нет завершённых покупок,0.0,0.0,0.0
19538,Credit Card,1805.9,0.0,1805.9
19539,Bank Transfer,7077.69,0.0,7077.69
19542,Credit Card,4045.92,90.85,4136.77
19543,Bank Transfer,3216.5,155.73,3372.23
19545,Нет завершённых покупок,0.0,0.0,0.0
19546,Credit Card,4558.72,0.0,4558.72
19547,"Credit Card, PayPal",9550.79,134.03,9684.82
19548,Bank Transfer,1378.5,190.82,1569.32
19550,"Bank Transfer, PayPal",5383.58,131.77,5515.35
19551,Bank Transfer,6743.2,132.1,6875.3
19555,Bank Transfer,4720.24,56.83,4777.07
19556,"Bank Transfer, PayPal",5843.08,164.51,6007.59
19558,Нет завершённых покупок,0.0,0.0,0.0
19559,PayPal,3932.05,0.0,3932.05
19560,Credit Card,2697.28,0.0,2697.28
19561,Credit Card,5698.4,225.26,5923.66
19562,Credit Card,4135.5,190.33,4325.83
19563,Нет завершённых покупок,0.0,0.0,0.0
19564,Нет завершённых покупок,0.0,0.0,0.0
19565,Credit Card,3808.44,157.52,3965.96
19567,PayPal,4558.72,140.41,4699.13
19568,Credit Card,1083.54,37.66,1121.2
19569,PayPal,9117.44,87.72,9205.16
19571,Нет завершённых покупок,0.0,0.0,0.0
19573,Credit Card,12174.53,191.53,12366.06
19574,Bank Transfer,6743.2,200.38,6943.58
19576,Bank Transfer,919.0,181.16,1100.16
19578,Нет завершённых покупок,0.0,0.0,0.0
19579,"Bank Transfer, Credit Card",3282.72,93.92,3376.64
19580,Нет завершённых покупок,0.0,0.0,0.0
19584,Нет завершённых покупок,0.0,0.0,0.0
19585,"Bank Transfer, PayPal",8225.28,30.29,8255.57
19586,Credit Card,7077.69,0.0,7077.69
19589,Credit Card,4595.0,138.92,4733.92
19591,Нет завершённых покупок,0.0,0.0,0.0
19592,Bank Transfer,1139.68,0.0,1139.68
19593,Credit Card,11396.8,17.96,11414.76
19594,Credit Card,919.0,17.67,936.67
19595,Bank Transfer,4045.92,43.42,4089.34
19597,Credit Card,2757.0,57.69,2814.69
19598,Credit Card,11776.12,197.82,11973.94
19600,PayPal,7077.69,87.08,7164.77
19601,PayPal,3676.0,239.15,3915.15
19603,Нет завершённых покупок,0.0,0.0,0.0
19604,Нет завершённых покупок,0.0,0.0,0.0
19605,Нет завершённых покупок,0.0,0.0,0.0
19606,"Credit Card, PayPal",10689.49,168.88,10858.37
19607,Credit Card,6838.08,0.0,6838.08
19608,Bank Transfer,1572.82,0.0,1572.82
19610,"Bank Transfer, PayPal",5179.74,255.42,5435.16
19612,Нет завершённых покупок,0.0,0.0,0.0
19613,Bank Transfer,7977.76,11.11,7988.87
19614,"Bank Transfer, Credit Card",10449.29,301.27,10750.56
19615,Нет завершённых покупок,0.0,0.0,0.0
19616,Credit Card,1083.54,156.55,1240.09
19617,Credit Card,4045.92,44.21,4090.13
19619,Bank Transfer,2297.5,148.84,2446.34
19620,Нет завершённых покупок,0.0,0.0,0.0
19621,Нет завершённых покупок,0.0,0.0,0.0
19622,Bank Transfer,1378.5,13.08,1391.58
19623,Credit Card,6373.28,168.71,6541.99
19624,Bank Transfer,361.18,100.07,461.25
19625,"Bank Transfer, PayPal",2945.58,303.17,3248.75
19626,Нет завершённых покупок,0.0,0.0,0.0
19627,Нет завершённых покупок,0.0,0.0,0.0
19628,Нет завершённых покупок,0.0,0.0,0.0
19629,Credit Card,1444.72,63.52,1508.24
19630,Bank Transfer,7110.71,271.3,7382.01
19631,Нет завершённых покупок,0.0,0.0,0.0
19632,Нет завершённых покупок,0.0,0.0,0.0
19633,PayPal,9744.88,93.94,9838.82
19635,"Bank Transfer, Credit Card",6364.62,226.1,6590.72
19636,Нет завершённых покупок,0.0,0.0,0.0
19640,Нет завершённых покупок,0.0,0.0,0.0
19642,Bank Transfer,7977.76,0.0,7977.76
19645,"Bank Transfer, Credit Card",13014.12,211.26,13225.38
19646,Bank Transfer,2697.28,0.0,2697.28
19647,Нет завершённых покупок,0.0,0.0,0.0
19648,Нет завершённых покупок,0.0,0.0,0.0
19649,"Credit Card, PayPal",4398.21,98.18,4496.39
19650,Нет завершённых покупок,0.0,0.0,0.0
19651,Нет завершённых покупок,0.0,0.0,0.0
19652,Нет завершённых покупок,0.0,0.0,0.0
19653,Нет завершённых покупок,0.0,0.0,0.0
19654,PayPal,4720.24,228.56,4948.8
19656,"Bank Transfer, Credit Card",10923.34,76.86,11000.2
19657,Bank Transfer,1139.68,0.0,1139.68
19658,PayPal,459.5,146.41,605.91
19659,Нет завершённых покупок,0.0,0.0,0.0
19660,"Bank Transfer, Credit Card",4290.6,58.05,4348.65
19661,Bank Transfer,1378.5,177.69,1556.19
19662,Нет завершённых покупок,0.0,0.0,0.0
19663,Нет завершённых покупок,0.0,0.0,0.0
19667,"Bank Transfer, Credit Card",6743.2,93.9,6837.1
19668,Bank Transfer,3250.62,133.23,3383.85
19669,Нет завершённых покупок,0.0,0.0,0.0
19670,"Bank Transfer, Credit Card",4390.3,237.78,4628.08
19671,Нет завершённых покупок,0.0,0.0,0.0
19672,PayPal,4595.0,146.71,4741.71
19673,Credit Card,2297.5,246.5,2544.0
19675,Bank Transfer,1139.68,0.0,1139.68
19678,Credit Card,459.5,46.55,506.05
19679,PayPal,3419.04,203.37,3622.41
19681,PayPal,4135.5,86.96,4222.46
19682,Bank Transfer,4720.24,212.67,4932.91
19684,Bank Transfer,2022.96,213.52,2236.48
19686,Credit Card,5394.56,25.18,5419.74
19687,Нет завершённых покупок,0.0,0.0,0.0
19691,Credit Card,4718.46,48.43,4766.89
19692,"Bank Transfer, Credit Card",4558.72,21.51,4580.23
19693,"Bank Transfer, Credit Card",8766.16,47.73,8813.89
19695,Credit Card,1139.68,0.0,1139.68
19697,Credit Card,5394.56,186.56,5581.12
19698,Bank Transfer,6976.74,503.3,7480.04
19701,"Bank Transfer, PayPal",7232.56,124.07,7356.63
19703,Bank Transfer,7223.6,233.66,7457.26
19705,Bank Transfer,459.5,155.32,614.82
19706,"Bank Transfer, PayPal",1133.82,262.28,1396.1
19710,Credit Card,5504.87,305.82,5810.69
19711,Bank Transfer,3250.62,92.46,3343.08
19712,PayPal,2697.28,0.0,2697.28
19713,"Credit Card, PayPal",11636.41,237.95,11874.36
19714,Нет завершённых покупок,0.0,0.0,0.0
19715,Credit Card,786.41,86.7,873.11
19716,Bank Transfer,722.36,92.1,814.46
19717,Нет завершённых покупок,0.0,0.0,0.0
19718,PayPal,1444.72,81.63,1526.35
19720,PayPal,2297.5,104.27,2401.77
19721,PayPal,3419.04,0.0,3419.04
19723,Bank Transfer,3250.62,73.4,3324.02
19724,"Credit Card, PayPal",8844.04,92.05,8936.09
19726,Bank Transfer,2528.26,0.0,2528.26
19727,"Credit Card, PayPal",11114.72,315.39,11430.11
19730,Credit Card,1348.64,131.4,1480.04
19731,Нет завершённых покупок,0.0,0.0,0.0
19732,Bank Transfer,6068.88,32.27,6101.15
19733,Нет завершённых покупок,0.0,0.0,0.0
19735,PayPal,1378.5,0.0,1378.5
19736,Bank Transfer,1378.5,218.05,1596.55
19738,Credit Card,7977.76,0.0,7977.76
19739,"Credit Card, PayPal",12472.25,331.5,12803.75
19740,Нет завершённых покупок,0.0,0.0,0.0
19742,Нет завершённых покупок,0.0,0.0,0.0
19743,Credit Card,2297.5,27.28,2324.78
19748,"Bank Transfer, Credit Card, PayPal",5168.8,233.02,5401.82
19750,Нет завершённых покупок,0.0,0.0,0.0
19751,Нет завершённых покупок,0.0,0.0,0.0
19753,Нет завершённых покупок,0.0,0.0,0.0
19754,PayPal,2297.5,78.9,2376.4
19755,Credit Card,4718.46,145.14,4863.6
19757,Bank Transfer,1348.64,0.0,1348.64
19758,Credit Card,361.18,0.0,361.18
19759,"Bank Transfer, Credit Card",13756.03,108.27,13864.3
19760,Credit Card,5698.4,158.02,5856.42
19761,Credit Card,7657.72,106.09,7763.81
19762,Bank Transfer,2528.26,64.48,2592.74
19763,Нет завершённых покупок,0.0,0.0,0.0
19764,Bank Transfer,4045.92,67.29,4113.21
19766,PayPal,4595.0,86.54,4681.54
19769,"Credit Card, PayPal",5678.54,147.96,5826.5
19772,PayPal,5698.4,74.88,5773.28
19775,Credit Card,1805.9,0.0,1805.9
19776,PayPal,2889.44,105.14,2994.58
19777,Нет завершённых покупок,0.0,0.0,0.0
19779,Нет завершённых покупок,0.0,0.0,0.0
19780,Bank Transfer,11396.8,122.84,11519.64
19782,Нет завершённых покупок,0.0,0.0,0.0
19784,"Bank Transfer, Credit Card, PayPal",11437.34,97.44,11534.78
19785,Нет завершённых покупок,0.0,0.0,0.0
19786,"Credit Card, PayPal",6892.5,56.19,6948.69
19787,"Bank Transfer, PayPal",9680.68,167.48,9848.16
19791,Bank Transfer,361.18,0.0,361.18
19792,Bank Transfer,4720.24,234.09,4954.33
19793,PayPal,2757.0,39.6,2796.6
19794,Bank Transfer,5504.87,198.42,5703.29
19795,Credit Card,361.18,108.89,470.07
19796,Нет завершённых покупок,0.0,0.0,0.0
19798,PayPal,9117.44,0.0,9117.44
19799,Нет завершённых покупок,0.0,0.0,0.0
19800,Bank Transfer,3250.62,181.27,3431.89
19801,Нет завершённых покупок,0.0,0.0,0.0
19802,Bank Transfer,2823.22,52.94,2876.16
19803,PayPal,2528.26,168.62,2696.88
19804,Bank Transfer,1805.9,202.92,2008.82
19805,Bank Transfer,3145.64,0.0,3145.64
19806,PayPal,3932.05,341.87,4273.92
19807,"Credit Card, PayPal",10392.36,279.93,10672.29
19808,Bank Transfer,7686.98,295.61,7982.59
19813,Нет завершённых покупок,0.0,0.0,0.0
19814,Нет завершённых покупок,0.0,0.0,0.0
19816,Bank Transfer,919.0,0.0,919.0
19817,Нет завершённых покупок,0.0,0.0,0.0
19819,PayPal,1083.54,0.0,1083.54
19820,"Bank Transfer, Credit Card",10973.58,0.0,10973.58
19821,PayPal,4135.5,175.89,4311.39
19822,Credit Card,5394.56,88.94,5483.5
19823,PayPal,2757.0,123.71,2880.71
19824,Credit Card,3145.64,76.73,3222.37
19825,Credit Card,10257.12,245.81,10502.93
19826,Credit Card,1348.64,123.01,1471.65
19828,"Bank Transfer, Credit Card, PayPal",17847.82,265.94,18113.76
19830,Credit Card,2697.28,66.86,2764.14
19832,Credit Card,5575.73,250.57,5826.3
19834,Credit Card,2359.23,0.0,2359.23
19836,"Bank Transfer, PayPal",12183.21,70.95,12254.16
19838,Credit Card,1378.5,13.03,1391.53
19839,"Bank Transfer, PayPal",11009.74,148.63,11158.37
19841,Bank Transfer,11340.66,43.41,11384.07
19842,"Bank Transfer, Credit Card, PayPal",8271.0,404.37,8675.37
19843,PayPal,2167.08,132.25,2299.33
19844,PayPal,5504.87,32.36,5537.23
19845,PayPal,10257.12,51.05,10308.17
19846,PayPal,14852.12,114.86,14966.98
19848,Credit Card,7977.76,23.08,8000.84
19849,"Credit Card, PayPal",6227.23,0.0,6227.23
19850,Bank Transfer,2359.23,0.0,2359.23
19851,Нет завершённых покупок,0.0,0.0,0.0
19852,PayPal,2359.23,50.74,2409.97
19853,Bank Transfer,4718.46,191.53,4909.99
19854,"Credit Card, PayPal",3058.46,149.96,3208.42
19855,Bank Transfer,5504.87,96.95,5601.82
19856,PayPal,1572.82,137.13,1709.95
19857,Credit Card,6743.2,120.41,6863.61
19859,PayPal,1139.68,112.9,1252.58
19861,Credit Card,1838.0,83.75,1921.75
19863,Bank Transfer,4718.46,0.0,4718.46
19865,PayPal,2279.36,127.4,2406.76
19866,Нет завершённых покупок,0.0,0.0,0.0
19867,Нет завершённых покупок,0.0,0.0,0.0
19868,Нет завершённых покупок,0.0,0.0,0.0
19869,"Bank Transfer, PayPal",2491.82,31.52,2523.34
19870,Credit Card,3419.04,57.62,3476.66
19872,PayPal,786.41,147.19,933.6
19873,"Bank Transfer, Credit Card",7256.0,283.02,7539.02
19874,Нет завершённых покупок,0.0,0.0,0.0
19875,Нет завершённых покупок,0.0,0.0,0.0
19876,Bank Transfer,11396.8,96.94,11493.74
19879,"Bank Transfer, PayPal",12063.02,253.1,12316.12
19880,Bank Transfer,722.36,125.25,847.61
19881,PayPal,2889.44,75.37,2964.81
19882,"Bank Transfer, PayPal",6372.72,75.8,6448.52
19883,Нет завершённых покупок,0.0,0.0,0.0
19886,PayPal,4117.36,0.0,4117.36
19887,Credit Card,1572.82,27.66,1600.48
19888,"Bank Transfer, PayPal",7641.7,291.37,7933.07
19889,Bank Transfer,2297.5,0.0,2297.5
19890,PayPal,3676.0,172.38,3848.38
19891,Credit Card,3611.8,180.01,3791.81
19892,"Credit Card, PayPal",2267.64,130.21,2397.85
19896,Bank Transfer,7864.1,92.9,7957.0
19897,"Bank Transfer, Credit Card",4562.9,154.09,4716.99
19898,"Credit Card, PayPal",3314.67,111.48,3426.15
19899,Credit Card,674.32,126.18,800.5
19900,Нет завершённых покупок,0.0,0.0,0.0
19901,Credit Card,4229.18,0.0,4229.18
19902,Bank Transfer,361.18,0.0,361.18
19903,Credit Card,7864.1,177.12,8041.22
19904,Нет завершённых покупок,0.0,0.0,0.0
19905,Credit Card,4045.92,190.67,4236.59
19906,Bank Transfer,3216.5,67.46,3283.96
19908,Credit Card,2889.44,0.0,2889.44
19909,"Bank Transfer, PayPal",3852.18,99.93,3952.11
19910,"Credit Card, PayPal",10923.34,216.43,11139.77
19911,PayPal,8394.31,206.2,8600.51
19912,Credit Card,1572.82,41.09,1613.91
19913,Credit Card,2757.0,0.0,2757.0
19914,Нет завершённых покупок,0.0,0.0,0.0
19915,PayPal,6743.2,87.55,6830.75
19917,Нет завершённых покупок,0.0,0.0,0.0
19918,Нет завершённых покупок,0.0,0.0,0.0
19919,Нет завершённых покупок,0.0,0.0,0.0
19921,Нет завершённых покупок,0.0,0.0,0.0
19922,Credit Card,4720.24,159.41,4879.65
19923,Credit Card,361.18,148.89,510.07
19925,Нет завершённых покупок,0.0,0.0,0.0
19926,Credit Card,2167.08,0.0,2167.08
19929,Bank Transfer,3419.04,94.97,3514.01
19930,Нет завершённых покупок,0.0,0.0,0.0
19932,Credit Card,1572.82,0.0,1572.82
19933,Credit Card,1139.68,149.45,1289.13
19935,Credit Card,3216.5,96.9,3313.4
19938,PayPal,5504.87,0.0,5504.87
19940,Нет завершённых покупок,0.0,0.0,0.0
19941,Credit Card,4135.5,0.0,4135.5
19942,PayPal,5943.64,245.01,6188.65
19943,Bank Transfer,2359.23,72.38,2431.61
19947,"Bank Transfer, Credit Card, PayPal",11107.6,92.51,11200.11
19949,PayPal,5504.87,17.26,5522.13
19950,Нет завершённых покупок,0.0,0.0,0.0
19952,Credit Card,2971.82,60.78,3032.6
19955,Нет завершённых покупок,0.0,0.0,0.0
19956,Нет завершённых покупок,0.0,0.0,0.0
19957,Credit Card,6917.95,31.82,6949.77
19958,Нет завершённых покупок,0.0,0.0,0.0
19959,"Credit Card, PayPal",6204.26,171.56,6375.82
19960,PayPal,13258.66,205.16,13463.82
19961,"Bank Transfer, Credit Card",7386.12,120.22,7506.34
19962,"Credit Card, PayPal",8437.26,43.89,8481.15
19965,PayPal,722.36,12.98,735.34
19969,Bank Transfer,2528.26,23.96,2552.22
19970,Нет завершённых покупок,0.0,0.0,0.0
19971,Credit Card,10162.24,295.82,10458.06
19972,Нет завершённых покупок,0.0,0.0,0.0
19973,Bank Transfer,4045.92,213.56,4259.48
19974,Нет завершённых покупок,0.0,0.0,0.0
19975,Нет завершённых покупок,0.0,0.0,0.0
19976,PayPal,3676.0,89.12,3765.12
19977,Нет завершённых покупок,0.0,0.0,0.0
19979,Нет завершённых покупок,0.0,0.0,0.0
19981,Credit Card,12480.34,248.65,12728.99
19984,PayPal,674.32,135.71,810.03
19988,Bank Transfer,7977.76,216.94,8194.7
19990,PayPal,9117.44,113.56,9231.0
19991,"Credit Card, PayPal",12368.06,0.0,12368.06
19992,Нет завершённых покупок,0.0,0.0,0.0
19994,Нет завершённых покупок,0.0,0.0,0.0
19995,Credit Card,5394.56,0.0,5394.56
19996,Bank Transfer,12063.02,198.98,12262.0
19997,Нет завершённых покупок,0.0,0.0,0.0
19998,Bank Transfer,674.32,0.0,674.32
